01/20/15    14:54:52,18 days 15:45:00,0.1V,0.3V,13.2V,13.1V,0.0A,0.0A,0.0A,-0.2A,,80.4F,,,,,,,
01/20/15    14:49:53,18 days 15:40:00,0.1V,0.3V,13.2V,13.1V,0.0A,0.0A,0.0A,-0.2A,,80.6F,,,,,,,
01/20/15    14:44:53,18 days 15:35:00,0.1V,0.3V,13.2V,13.1V,0.0A,0.0A,0.0A,-0.2A,,80.6F,,,,,,,
01/20/15    14:39:54,18 days 15:30:00,0.1V,0.3V,13.2V,13.1V,0.0A,0.0A,0.0A,-0.2A,,80.8F,,,,,,,
01/20/15    14:34:54,18 days 15:25:00,0.1V,0.3V,13.2V,13.1V,0.0A,0.0A,0.0A,-0.2A,,81.0F,,,,,,,
01/20/15    14:29:55,18 days 15:20:00,0.1V,0.3V,13.2V,13.1V,0.0A,0.0A,0.0A,-0.2A,,81.0F,,,,,,,
01/20/15    14:24:55,18 days 15:15:00,0.1V,0.3V,13.2V,13.1V,0.0A,0.0A,0.0A,-0.2A,,81.1F,,,,,,,
01/20/15    14:19:56,18 days 15:10:00,0.1V,0.3V,13.2V,13.1V,0.0A,0.0A,0.0A,-0.2A,,81.1F,,,,,,,
01/20/15    14:14:56,18 days 15:05:00,0.1V,0.3V,13.2V,13.1V,0.0A,0.0A,0.0A,-0.2A,,81.3F,,,,,,,
01/20/15    14:09:57,18 days 15:00:00,0.1V,0.3V,13.2V,13.1V,0.0A,0.0A,0.0A,-0.2A,,81.3F,,,,,,,
01/20/15    14:04:57,18 days 14:54:59,0.1V,0.3V,13.2V,13.1V,0.0A,0.0A,0.0A,-0.2A,,81.5F,,,,,,,
01/20/15    13:59:58,18 days 14:50:00,0.1V,0.3V,13.2V,13.1V,0.0A,0.0A,0.0A,-0.2A,,81.5F,,,,,,,
01/20/15    13:54:58,18 days 14:44:59,0.1V,0.3V,13.2V,13.1V,0.0A,0.0A,0.0A,-0.2A,,81.7F,,,,,,,
01/20/15    13:49:59,18 days 14:40:00,0.1V,0.3V,13.2V,13.1V,0.0A,0.0A,0.0A,-0.2A,,81.9F,,,,,,,
01/20/15    13:45:00,18 days 14:35:00,0.1V,0.3V,13.2V,13.2V,0.0A,0.0A,0.0A,-0.2A,,81.9F,,,,,,,
01/20/15    13:40:00,18 days 14:29:59,0.1V,0.3V,13.2V,13.2V,0.0A,0.0A,0.0A,-0.2A,,82.0F,,,,,,,
01/20/15    13:35:01,18 days 14:25:00,0.1V,0.3V,13.2V,13.2V,0.0A,0.0A,0.0A,-0.2A,,82.0F,,,,,,,
01/20/15    13:30:02,18 days 14:20:00,0.1V,0.3V,13.2V,13.2V,0.0A,0.0A,0.0A,-0.2A,,82.2F,,,,,,,
01/20/15    13:25:02,18 days 14:15:00,0.1V,0.3V,13.2V,13.2V,0.0A,0.0A,0.0A,-0.2A,,82.2F,,,,,,,
01/20/15    13:20:03,18 days 14:10:00,0.1V,0.3V,13.2V,13.2V,0.0A,0.0A,0.0A,-0.2A,,82.4F,,,,,,,
01/20/15    13:15:03,18 days 14:04:59,0.1V,0.3V,13.2V,13.2V,0.0A,0.0A,0.0A,-0.2A,,82.4F,,,,,,,
01/20/15    13:10:04,18 days 14:00:00,0.1V,0.3V,13.2V,13.2V,0.0A,0.0A,0.0A,-0.2A,,82.6F,,,,,,,
01/20/15    13:05:04,18 days 13:54:59,0.1V,0.3V,13.2V,13.2V,0.0A,0.0A,0.0A,-0.2A,,82.8F,,,,,,,
01/20/15    13:00:05,18 days 13:49:59,0.1V,0.3V,13.2V,13.2V,0.0A,0.0A,0.0A,-0.2A,,82.8F,,,,,,,
01/20/15    12:55:06,18 days 13:45:00,0.1V,0.3V,13.2V,13.2V,0.0A,0.0A,0.0A,-0.2A,,82.9F,,,,,,,
01/20/15    12:50:06,18 days 13:39:59,0.1V,0.3V,13.2V,13.2V,0.0A,0.0A,0.0A,-0.2A,,82.9F,,,,,,,
01/20/15    12:45:07,18 days 13:35:00,0.1V,0.3V,13.2V,13.2V,0.0A,0.0A,0.0A,-0.2A,,83.1F,,,,,,,
01/20/15    12:40:08,18 days 13:30:00,0.1V,0.3V,13.2V,13.2V,0.0A,0.0A,0.0A,-0.2A,,83.1F,,,,,,,
01/20/15    12:35:08,18 days 13:25:00,0.1V,0.3V,13.2V,13.2V,0.0A,0.0A,0.0A,-0.2A,,83.3F,,,,,,,
01/20/15    12:30:09,18 days 13:20:00,0.1V,0.3V,13.2V,13.2V,0.0A,0.0A,0.0A,-0.2A,,83.3F,,,,,,,
01/20/15    12:25:10,18 days 13:15:00,0.1V,0.3V,13.2V,13.2V,0.0A,0.0A,0.0A,-0.2A,,83.5F,,,,,,,
01/20/15    12:20:10,18 days 13:10:00,0.1V,0.3V,13.2V,13.2V,0.0A,0.0A,0.0A,-0.2A,,83.5F,,,,,,,
01/20/15    12:15:11,18 days 13:05:00,0.1V,0.3V,13.2V,13.2V,0.0A,0.0A,0.0A,-0.2A,,83.7F,,,,,,,
01/20/15    12:10:11,18 days 12:59:59,0.1V,0.3V,13.2V,13.2V,0.0A,0.0A,0.0A,-0.2A,,83.7F,,,,,,,
01/20/15    12:05:12,18 days 12:55:00,0.1V,0.3V,13.2V,13.2V,0.0A,0.0A,0.0A,-0.2A,,83.8F,,,,,,,
01/20/15    12:00:13,18 days 12:50:00,0.1V,0.3V,13.2V,13.2V,0.0A,0.0A,0.0A,-0.2A,,84.0F,,,,,,,
01/20/15    11:55:13,18 days 12:44:59,0.1V,0.3V,13.2V,13.2V,0.0A,0.0A,0.0A,-0.2A,,84.0F,,,,,,,
01/20/15    11:50:14,18 days 12:40:00,0.1V,0.3V,13.2V,13.2V,0.0A,0.0A,0.0A,-0.2A,,84.2F,,,,,,,
01/20/15    11:45:15,18 days 12:35:00,0.1V,0.3V,13.2V,13.2V,0.0A,0.0A,0.0A,-0.2A,,84.4F,,,,,,,
01/20/15    11:40:15,18 days 12:30:00,0.1V,0.3V,13.2V,13.2V,0.0A,0.0A,0.0A,-0.2A,,84.4F,,,,,,,
01/20/15    11:35:16,18 days 12:25:00,0.1V,0.3V,13.2V,13.2V,0.0A,0.0A,0.0A,-0.2A,,84.6F,,,,,,,
01/20/15    11:30:16,18 days 12:19:59,0.1V,0.3V,13.2V,13.2V,0.0A,0.0A,0.0A,-0.2A,,84.6F,,,,,,,
01/20/15    11:25:17,18 days 12:15:00,0.1V,0.3V,13.2V,13.2V,0.0A,0.0A,0.0A,-0.2A,,84.7F,,,,,,,
01/20/15    11:20:17,18 days 12:09:59,0.1V,0.3V,13.2V,13.2V,0.0A,0.0A,0.0A,-0.2A,,84.9F,,,,,,,
01/20/15    11:15:18,18 days 12:04:59,0.1V,0.3V,13.2V,13.2V,0.0A,0.0A,0.0A,-0.2A,,84.9F,,,,,,,
01/20/15    11:10:19,18 days 12:00:00,0.1V,0.3V,13.2V,13.2V,0.0A,0.0A,0.0A,-0.2A,,85.1F,,,,,,,
01/20/15    11:05:20,18 days 11:55:00,0.1V,0.3V,13.2V,13.1V,0.0A,0.0A,0.0A,-0.2A,,85.3F,,,,,,,
01/20/15    11:00:20,18 days 11:49:59,0.1V,0.3V,12.9V,12.9V,0.0A,0.0A,0.2A,-0.2A,,85.3F,,,,,,,
01/20/15    10:55:21,18 days 11:45:00,0.1V,0.3V,13.0V,12.9V,0.0A,0.0A,0.2A,-0.2A,,85.5F,,,,,,,
01/20/15    10:50:21,18 days 11:39:59,0.1V,0.3V,13.1V,13.1V,0.0A,0.0A,0.2A,-0.2A,,85.6F,,,,,,,
01/20/15    10:45:22,18 days 11:34:59,0.1V,0.3V,13.1V,13.1V,0.0A,0.0A,0.2A,-0.2A,,85.6F,,,,,,,
01/20/15    10:40:23,18 days 11:30:00,0.1V,0.3V,13.1V,13.1V,0.0A,0.0A,0.2A,-0.2A,,85.8F,,,,,,,
01/20/15    10:35:24,18 days 11:25:00,0.1V,0.3V,13.1V,13.1V,0.0A,0.0A,0.2A,-0.2A,,86.0F,,,,,,,
01/20/15    10:30:24,18 days 11:19:59,0.1V,0.3V,13.1V,13.1V,0.0A,0.0A,0.2A,-0.2A,,86.2F,,,,,,,
01/20/15    10:25:25,18 days 11:14:59,0.1V,0.3V,13.1V,13.1V,0.0A,0.0A,0.2A,-0.2A,,86.2F,,,,,,,
01/20/15    10:20:26,18 days 11:10:00,0.1V,0.3V,13.1V,13.1V,0.0A,0.0A,0.2A,-0.2A,,86.4F,,,,,,,
01/20/15    10:15:27,18 days 11:05:00,0.2V,0.3V,13.1V,13.1V,0.0A,0.0A,0.2A,-0.2A,,86.4F,,,,,,,
01/20/15    10:10:28,18 days 11:00:00,0.2V,0.3V,13.0V,12.9V,0.0A,0.0A,0.2A,-0.2A,,86.5F,,,,,,,
01/20/15    10:05:28,18 days 10:55:00,0.2V,0.3V,13.0V,12.9V,0.0A,0.0A,0.2A,-0.2A,,86.5F,,,,,,,
01/20/15    10:00:29,18 days 10:50:00,0.2V,0.3V,13.1V,13.1V,0.0A,0.0A,0.2A,-0.2A,,86.7F,,,,,,,
01/20/15    09:55:29,18 days 10:44:59,0.2V,0.3V,13.0V,12.9V,0.0A,0.0A,0.2A,-0.2A,,86.7F,,,,,,,
01/20/15    09:50:30,18 days 10:40:00,0.3V,0.3V,13.0V,12.9V,0.0A,0.0A,0.2A,-0.2A,,86.7F,,,,,,,
01/20/15    09:45:31,18 days 10:35:00,0.3V,0.3V,13.0V,12.9V,0.0A,0.0A,0.2A,-0.2A,,86.9F,,,,,,,
01/20/15    09:40:32,18 days 10:30:00,0.4V,0.3V,13.0V,12.9V,0.0A,0.0A,0.2A,-0.2A,,86.9F,,,,,,,
01/20/15    09:35:32,18 days 10:25:00,0.8V,0.3V,13.0V,12.9V,0.0A,0.0A,0.2A,-0.2A,,87.1F,,,,,,,
01/20/15    09:30:33,18 days 10:20:00,1.9V,0.3V,13.0V,12.9V,0.0A,0.0A,0.2A,-0.2A,,87.1F,,,,,,,
01/20/15    09:25:34,18 days 10:15:00,5.2V,0.3V,13.0V,12.9V,0.0A,0.0A,0.2A,-0.2A,,87.3F,,,,,,,
01/20/15    09:20:34,18 days 10:09:59,10.0V,0.3V,13.0V,12.9V,0.0A,0.0A,0.2A,-0.2A,,87.3F,,,,,,,
01/20/15    09:15:35,18 days 10:05:00,12.7V,0.3V,13.0V,12.9V,0.0A,0.0A,0.2A,-0.2A,,87.3F,,,,,,,
01/20/15    09:10:36,18 days 10:00:00,12.9V,0.3V,13.0V,12.9V,0.0A,0.0A,0.2A,-0.2A,,87.4F,,,,,,,
01/20/15    09:05:36,18 days 09:54:59,13.1V,0.3V,13.0V,13.0V,0.0A,0.0A,0.0A,-0.2A,,87.4F,,,,,,,
01/20/15    09:00:37,18 days 09:50:00,13.4V,0.3V,13.0V,13.0V,0.0A,0.0A,0.0A,-0.2A,,87.6F,,,,,,,
01/20/15    08:55:38,18 days 09:45:00,13.5V,0.3V,13.0V,13.0V,0.0A,0.0A,0.0A,-0.2A,,87.6F,,,,,,,
01/20/15    08:50:39,18 days 09:40:00,13.5V,0.3V,13.1V,13.0V,0.0A,0.0A,0.0A,-0.2A,,87.6F,,,,,,,
01/20/15    08:45:39,18 days 09:35:00,13.5V,0.3V,13.0V,13.0V,0.0A,0.0A,0.0A,-0.2A,,87.8F,,,,,,,
01/20/15    08:40:40,18 days 09:30:00,13.7V,0.3V,13.0V,13.0V,0.0A,0.0A,0.0A,-0.2A,,87.8F,,,,,,,
01/20/15    08:35:40,18 days 09:24:59,14.0V,0.3V,13.0V,13.0V,0.0A,0.0A,0.0A,-0.2A,,88.0F,,,,,,,
01/20/15    08:30:41,18 days 09:20:00,14.1V,0.3V,13.1V,13.0V,0.0A,0.0A,0.0A,-0.2A,,88.0F,,,,,,,
01/20/15    08:25:42,18 days 09:15:00,14.3V,0.3V,13.1V,13.0V,0.0A,0.0A,0.0A,-0.2A,,88.2F,,,,,,,
01/20/15    08:20:42,18 days 09:09:59,14.5V,0.3V,13.2V,13.1V,0.0A,0.0A,0.0A,-0.2A,,88.2F,,,,,,,
01/20/15    08:15:43,18 days 09:05:00,14.8V,5.2V,13.4V,13.4V,0.0A,0.0A,0.0A,-0.2A,,88.3F,,,,,,,
01/20/15    08:10:44,18 days 09:00:00,14.9V,5.2V,13.4V,13.4V,0.0A,0.0A,0.0A,-0.2A,,88.5F,,,,,,,
01/20/15    08:05:45,18 days 08:55:00,15.0V,5.2V,13.4V,13.4V,0.0A,0.0A,0.0A,-0.2A,,88.5F,,,,,,,
01/20/15    08:00:45,18 days 08:50:00,15.1V,5.2V,13.5V,13.4V,0.0A,0.0A,0.0A,-0.2A,,88.5F,,,,,,,
01/20/15    07:55:46,18 days 08:45:00,14.4V,5.2V,13.4V,13.3V,0.0A,0.0A,0.0A,-0.2A,,88.7F,,,,,,,
01/20/15    07:50:47,18 days 08:40:00,15.1V,5.2V,13.5V,13.4V,0.0A,0.0A,0.0A,-0.2A,,88.7F,,,,,,,
01/20/15    07:45:48,18 days 08:35:00,15.2V,5.2V,13.5V,13.4V,0.0A,0.0A,0.0A,-0.2A,,88.7F,,,,,,,
01/20/15    07:40:48,18 days 08:30:00,15.3V,5.2V,13.5V,13.4V,0.0A,0.0A,0.0A,-0.2A,,88.7F,,,,,,,
01/20/15    07:35:49,18 days 08:25:00,16.3V,0.3V,13.2V,13.2V,0.0A,0.0A,0.0A,-0.2A,,88.7F,,,,,,,
01/20/15    07:30:50,18 days 08:20:00,15.4V,0.3V,13.2V,13.2V,0.0A,0.0A,0.0A,-0.2A,,88.7F,,,,,,,
01/20/15    07:25:50,18 days 08:14:59,14.4V,0.3V,13.1V,13.1V,0.0A,0.0A,0.0A,-0.2A,,88.7F,,,,,,,
01/20/15    07:20:51,18 days 08:10:00,13.9V,0.3V,13.1V,13.0V,0.0A,0.0A,0.0A,-0.2A,,88.9F,,,,,,,
01/20/15    07:15:52,18 days 08:05:00,13.9V,0.3V,13.1V,13.0V,0.0A,0.0A,0.0A,-0.2A,,88.9F,,,,,,,
01/20/15    07:10:53,18 days 08:00:00,14.7V,0.3V,13.1V,13.1V,0.0A,0.0A,0.0A,-0.2A,,89.1F,,,,,,,
01/20/15    07:05:54,18 days 07:55:00,14.0V,0.3V,13.1V,13.1V,0.0A,0.0A,0.0A,-0.2A,,89.1F,,,,,,,
01/20/15    07:00:54,18 days 07:50:00,14.2V,0.3V,13.1V,13.1V,0.0A,0.0A,0.0A,-0.2A,,89.2F,,,,,,,
01/20/15    06:55:55,18 days 07:45:00,14.2V,0.3V,13.1V,13.1V,0.0A,0.0A,0.0A,-0.2A,,89.4F,,,,,,,
01/20/15    06:50:56,18 days 07:40:00,14.2V,0.3V,13.1V,13.1V,0.0A,0.0A,0.0A,-0.2A,,89.6F,,,,,,,
01/20/15    06:45:57,18 days 07:35:00,15.1V,0.3V,13.1V,13.1V,0.0A,0.0A,0.0A,-0.2A,,89.8F,,,,,,,
01/20/15    06:40:57,18 days 07:30:00,15.6V,0.3V,13.3V,13.2V,0.0A,0.0A,0.0A,-0.2A,,90.0F,,,,,,,
01/20/15    06:35:58,18 days 07:25:00,15.0V,0.3V,13.3V,13.2V,0.0A,0.0A,0.0A,-0.2A,,90.1F,,,,,,,
01/20/15    06:30:58,18 days 07:19:59,14.5V,0.3V,13.6V,13.6V,0.0A,0.0A,0.0A,-0.2A,,90.3F,,,,,,,
01/20/15    06:25:59,18 days 07:14:59,21.0V,0.3V,14.3V,14.2V,0.0A,0.0A,0.0A,-0.2A,,90.3F,,,,,,,
01/20/15    06:21:00,18 days 07:10:00,20.5V,0.3V,14.3V,14.3V,0.0A,0.0A,0.0A,-0.2A,,90.5F,,,,,,,
01/20/15    06:16:01,18 days 07:05:00,20.3V,0.3V,14.3V,14.3V,0.0A,0.0A,0.0A,-0.2A,,90.5F,,,,,,,
01/20/15    06:11:01,18 days 07:00:00,20.4V,0.3V,14.3V,14.3V,0.0A,0.0A,0.0A,-0.2A,,90.5F,,,,,,,
01/20/15    06:06:02,18 days 06:55:00,16.2V,0.3V,14.0V,14.0V,0.0A,0.0A,0.0A,-0.2A,,90.5F,,,,,,,
01/20/15    06:01:03,18 days 06:50:00,20.0V,0.3V,14.3V,14.3V,0.0A,0.0A,0.0A,-0.2A,,90.3F,,,,,,,
01/20/15    05:56:03,18 days 06:45:00,20.6V,0.3V,14.3V,14.3V,0.0A,0.0A,0.0A,-0.2A,,90.3F,,,,,,,
01/20/15    05:51:04,18 days 06:40:00,20.5V,0.3V,14.3V,14.3V,0.0A,0.0A,0.0A,-0.2A,,90.1F,,,,,,,
01/20/15    05:46:05,18 days 06:35:00,20.8V,0.3V,14.3V,14.3V,0.0A,0.0A,0.0A,-0.2A,,90.0F,,,,,,,
01/20/15    05:41:06,18 days 06:30:00,20.4V,0.3V,14.3V,14.3V,0.0A,0.0A,0.0A,-0.2A,,90.0F,,,,,,,
01/20/15    05:36:06,18 days 06:24:59,20.4V,0.3V,14.3V,14.3V,0.0A,0.0A,0.0A,-0.2A,,90.0F,,,,,,,
01/20/15    05:31:07,18 days 06:20:00,20.3V,0.3V,14.3V,14.3V,0.0A,0.0A,0.0A,-0.2A,,89.8F,,,,,,,
01/20/15    05:26:08,18 days 06:15:00,20.2V,0.3V,14.3V,14.3V,0.0A,0.0A,0.0A,-0.2A,,89.8F,,,,,,,
01/20/15    05:21:09,18 days 06:10:00,20.6V,0.3V,14.3V,14.3V,0.0A,0.0A,0.0A,-0.2A,,89.8F,,,,,,,
01/20/15    05:16:09,18 days 06:04:59,20.7V,0.3V,14.3V,14.3V,0.0A,0.0A,0.0A,-0.2A,,90.0F,,,,,,,
01/20/15    05:11:10,18 days 06:00:00,20.9V,0.3V,14.3V,14.3V,0.0A,0.0A,0.0A,-0.2A,,89.8F,,,,,,,
01/20/15    05:06:11,18 days 05:55:00,20.7V,0.3V,14.3V,14.3V,0.0A,0.0A,0.0A,-0.2A,,89.6F,,,,,,,
01/20/15    05:01:12,18 days 05:50:00,20.4V,0.3V,14.3V,14.3V,0.0A,0.0A,0.0A,-0.2A,,89.6F,,,,,,,
01/20/15    04:56:12,18 days 05:44:59,20.4V,0.3V,14.3V,14.3V,0.0A,0.0A,0.0A,-0.2A,,89.2F,,,,,,,
01/20/15    04:51:13,18 days 05:40:00,20.3V,0.3V,14.3V,14.3V,0.0A,0.0A,0.0A,-0.2A,,89.1F,,,,,,,
01/20/15    04:46:14,18 days 05:35:00,20.5V,0.3V,14.3V,14.3V,0.0A,0.0A,0.0A,-0.2A,,88.9F,,,,,,,
01/20/15    04:41:15,18 days 05:30:00,20.6V,0.3V,14.3V,14.3V,0.0A,0.0A,0.0A,-0.2A,,88.7F,,,,,,,
01/20/15    04:36:15,18 days 05:24:59,20.5V,0.3V,14.3V,14.3V,0.0A,0.0A,0.0A,-0.2A,,88.5F,,,,,,,
01/20/15    04:31:16,18 days 05:20:00,20.7V,0.3V,14.3V,14.3V,0.0A,0.0A,0.0A,-0.2A,,88.3F,,,,,,,
01/20/15    04:26:17,18 days 05:15:00,19.9V,0.3V,14.3V,14.2V,0.0A,0.0A,0.0A,-0.2A,,88.2F,,,,,,,
01/20/15    04:21:18,18 days 05:10:00,15.5V,0.3V,13.8V,13.8V,0.0A,0.0A,0.0A,-0.2A,,88.2F,,,,,,,
01/20/15    04:16:18,18 days 05:04:59,20.5V,0.3V,14.3V,14.3V,0.0A,0.0A,0.0A,-0.2A,,88.0F,,,,,,,
01/20/15    04:11:19,18 days 05:00:00,20.3V,0.3V,14.3V,14.3V,0.0A,0.0A,0.0A,-0.2A,,87.8F,,,,,,,
01/20/15    04:06:20,18 days 04:55:00,20.6V,0.3V,14.3V,14.3V,0.0A,0.0A,0.0A,-0.2A,,87.6F,,,,,,,
01/20/15    04:01:21,18 days 04:50:00,20.5V,0.3V,14.3V,14.3V,0.0A,0.0A,0.0A,-0.2A,,87.4F,,,,,,,
01/20/15    03:56:21,18 days 04:44:59,20.6V,0.3V,14.3V,14.3V,0.0A,0.0A,0.0A,-0.2A,,87.3F,,,,,,,
01/20/15    03:51:22,18 days 04:40:00,21.4V,0.3V,14.4V,14.3V,0.0A,0.0A,0.0A,-0.2A,,87.3F,,,,,,,
01/20/15    03:46:23,18 days 04:35:00,21.4V,0.3V,14.4V,14.3V,0.0A,0.0A,0.0A,-0.2A,,87.3F,,,,,,,
01/20/15    03:41:23,18 days 04:30:00,21.5V,0.3V,14.4V,14.3V,0.0A,0.0A,0.0A,-0.2A,,87.3F,,,,,,,
01/20/15    03:36:23,18 days 04:25:00,21.5V,0.3V,14.4V,14.3V,0.0A,0.0A,0.0A,-0.2A,,87.3F,,,,,,,
01/20/15    03:31:24,18 days 04:20:00,21.5V,0.3V,14.4V,14.3V,0.0A,0.0A,0.0A,-0.2A,,87.1F,,,,,,,
01/20/15    03:26:24,18 days 04:15:00,20.9V,0.3V,14.4V,14.3V,0.0A,0.0A,0.0A,-0.2A,,86.9F,,,,,,,
01/20/15    03:21:25,18 days 04:10:00,21.2V,0.3V,14.4V,14.3V,0.0A,0.0A,0.0A,-0.2A,,86.7F,,,,,,,
01/20/15    03:16:26,18 days 04:05:00,21.3V,0.3V,14.4V,14.3V,0.0A,0.0A,0.0A,-0.2A,,86.5F,,,,,,,
01/20/15    03:11:26,18 days 04:00:00,21.4V,0.3V,14.4V,14.3V,0.0A,0.0A,0.0A,-0.2A,,86.4F,,,,,,,
01/20/15    03:06:27,18 days 03:55:00,21.3V,0.3V,14.4V,14.3V,0.0A,0.0A,0.0A,-0.2A,,86.2F,,,,,,,
01/20/15    03:01:27,18 days 03:49:59,21.3V,0.3V,14.4V,14.3V,0.0A,0.0A,0.0A,-0.2A,,86.0F,,,,,,,
01/20/15    02:56:28,18 days 03:45:00,20.9V,0.3V,14.4V,14.3V,0.0A,0.0A,0.0A,-0.2A,,85.8F,,,,,,,
01/20/15    02:51:29,18 days 03:40:00,21.1V,0.3V,14.4V,14.3V,0.0A,0.0A,0.0A,-0.2A,,85.5F,,,,,,,
01/20/15    02:46:30,18 days 03:35:00,21.4V,0.3V,14.4V,14.3V,0.0A,0.0A,0.0A,-0.2A,,85.3F,,,,,,,
01/20/15    02:41:30,18 days 03:30:00,21.0V,0.3V,14.4V,14.3V,0.0A,0.0A,0.0A,-0.2A,,85.3F,,,,,,,
01/20/15    02:36:31,18 days 03:25:00,21.5V,0.3V,14.4V,14.3V,0.0A,0.0A,0.0A,-0.2A,,85.1F,,,,,,,
01/20/15    02:31:31,18 days 03:19:59,22.0V,0.3V,14.4V,14.3V,0.0A,0.0A,0.0A,-0.2A,,85.3F,,,,,,,
01/20/15    02:26:32,18 days 03:15:00,16.1V,0.3V,14.3V,14.3V,0.0A,0.0A,0.0A,-0.2A,,85.1F,,,,,,,
01/20/15    02:21:32,18 days 03:09:59,21.0V,0.3V,14.3V,14.3V,0.0A,0.0A,0.0A,-0.2A,,85.1F,,,,,,,
01/20/15    02:16:33,18 days 03:05:00,16.4V,0.3V,13.8V,13.8V,0.0A,0.0A,0.0A,-0.2A,,85.1F,,,,,,,
01/20/15    02:11:34,18 days 03:00:00,15.7V,0.3V,13.8V,13.8V,0.0A,0.0A,0.0A,-0.2A,,85.1F,,,,,,,
01/20/15    02:06:34,18 days 02:54:59,15.3V,0.3V,13.7V,13.6V,0.0A,0.0A,0.0A,-0.2A,,85.1F,,,,,,,
01/20/15    02:01:35,18 days 02:50:00,16.1V,0.3V,14.2V,14.1V,0.0A,0.0A,0.0A,-0.2A,,84.9F,,,,,,,
01/20/15    01:56:35,18 days 02:44:59,21.2V,0.3V,14.3V,14.3V,0.0A,0.0A,0.0A,-0.2A,,84.9F,,,,,,,
01/20/15    01:51:36,18 days 02:40:00,14.6V,0.3V,13.4V,13.4V,0.0A,0.0A,0.0A,-0.2A,,84.9F,,,,,,,
01/20/15    01:46:36,18 days 02:34:59,21.6V,0.3V,14.2V,14.1V,0.0A,0.0A,0.0A,-0.2A,,84.7F,,,,,,,
01/20/15    01:41:37,18 days 02:30:00,16.4V,0.3V,14.1V,14.1V,0.0A,0.0A,0.0A,-0.2A,,84.6F,,,,,,,
01/20/15    01:36:38,18 days 02:25:00,14.5V,0.3V,13.5V,13.4V,0.0A,0.0A,0.0A,-0.2A,,84.6F,,,,,,,
01/20/15    01:31:38,18 days 02:20:00,20.5V,0.3V,14.3V,14.3V,0.0A,0.0A,0.0A,-0.2A,,84.4F,,,,,,,
01/20/15    01:26:39,18 days 02:15:00,20.5V,0.3V,14.3V,14.3V,0.0A,0.0A,0.0A,-0.2A,,84.2F,,,,,,,
01/20/15    01:21:39,18 days 02:09:59,20.3V,0.3V,14.3V,14.2V,0.0A,0.0A,0.0A,-0.2A,,83.8F,,,,,,,
01/20/15    01:16:40,18 days 02:05:00,16.5V,0.3V,14.0V,14.0V,0.0A,0.0A,0.0A,-0.2A,,83.7F,,,,,,,
01/20/15    01:11:41,18 days 02:00:00,16.1V,0.3V,13.9V,13.8V,0.0A,0.0A,0.0A,-0.2A,,83.3F,,,,,,,
01/20/15    01:06:41,18 days 01:55:00,16.1V,0.3V,13.8V,13.7V,0.0A,0.0A,0.0A,-0.2A,,83.1F,,,,,,,
01/20/15    01:01:42,18 days 01:50:00,17.2V,0.3V,13.8V,13.7V,0.0A,0.0A,0.0A,-0.2A,,82.8F,,,,,,,
01/20/15    00:56:42,18 days 01:45:00,15.8V,0.3V,13.7V,13.7V,0.0A,0.0A,0.0A,-0.2A,,82.6F,,,,,,,
01/20/15    00:51:43,18 days 01:40:00,15.9V,0.3V,13.7V,13.6V,0.0A,0.0A,0.0A,-0.2A,,82.2F,,,,,,,
01/20/15    00:46:43,18 days 01:35:00,15.9V,0.3V,13.7V,13.6V,0.0A,0.0A,0.0A,-0.2A,,81.9F,,,,,,,
01/20/15    00:41:44,18 days 01:30:00,16.0V,0.3V,13.7V,13.6V,0.0A,0.0A,0.0A,-0.2A,,81.5F,,,,,,,
01/20/15    00:36:44,18 days 01:25:00,16.0V,0.3V,13.7V,13.6V,0.0A,0.0A,0.0A,-0.2A,,81.1F,,,,,,,
01/20/15    00:31:45,18 days 01:20:00,16.3V,0.3V,13.8V,13.8V,0.0A,0.0A,0.0A,-0.2A,,81.0F,,,,,,,
01/20/15    00:26:45,18 days 01:15:00,16.4V,0.3V,13.8V,13.8V,0.0A,0.0A,0.0A,-0.2A,,80.8F,,,,,,,
01/20/15    00:21:46,18 days 01:10:00,15.6V,0.3V,13.5V,13.4V,0.0A,0.0A,0.0A,-0.2A,,80.6F,,,,,,,
01/20/15    00:16:46,18 days 01:05:00,16.2V,0.3V,13.6V,13.6V,0.0A,0.0A,0.0A,-0.2A,,80.4F,,,,,,,
01/20/15    00:11:47,18 days 01:00:00,15.0V,0.3V,13.4V,13.4V,0.0A,0.0A,0.0A,-0.2A,,80.2F,,,,,,,
01/20/15    00:06:47,18 days 00:55:00,15.5V,0.3V,13.5V,13.5V,0.0A,0.0A,0.0A,-0.2A,,80.1F,,,,,,,
01/20/15    00:01:48,18 days 00:50:00,21.5V,0.3V,13.5V,13.5V,0.0A,0.0A,0.0A,-0.2A,,79.9F,,,,,,,
01/19/15    23:56:48,18 days 00:45:00,16.0V,0.3V,13.8V,13.7V,0.0A,0.0A,0.0A,-0.2A,,79.5F,,,,,,,
01/19/15    23:51:49,18 days 00:40:00,16.1V,0.3V,13.8V,13.7V,0.0A,0.0A,0.0A,-0.2A,,79.3F,,,,,,,
01/19/15    23:46:49,18 days 00:35:00,16.6V,0.3V,13.8V,13.8V,0.0A,0.0A,0.0A,-0.2A,,79.3F,,,,,,,
01/19/15    23:41:50,18 days 00:30:00,15.9V,0.3V,13.4V,13.4V,0.0A,0.0A,0.0A,-0.2A,,79.2F,,,,,,,
01/19/15    23:36:50,18 days 00:25:00,13.0V,0.3V,13.2V,13.1V,0.0A,0.0A,0.0A,-0.2A,,79.2F,,,,,,,
01/19/15    23:31:51,18 days 00:20:00,13.0V,0.3V,13.2V,13.1V,0.0A,0.0A,0.0A,-0.2A,,79.0F,,,,,,,
01/19/15    23:26:51,18 days 00:15:00,13.0V,0.3V,13.2V,13.1V,0.0A,0.0A,0.0A,-0.2A,,78.8F,,,,,,,
01/19/15    23:21:52,18 days 00:10:00,13.0V,0.3V,13.2V,13.2V,0.0A,0.0A,0.0A,-0.2A,,78.6F,,,,,,,
01/19/15    23:16:52,18 days 00:05:00,13.0V,0.3V,13.2V,13.2V,0.0A,0.0A,0.0A,-0.2A,,78.4F,,,,,,,
01/19/15    23:11:53,18 days 00:00:00,13.0V,0.3V,13.3V,13.2V,0.0A,0.0A,0.0A,-0.2A,,78.3F,,,,,,,
01/19/15    23:06:53,17 days 23:55:00,15.8V,0.3V,13.5V,13.4V,0.0A,0.0A,0.0A,-0.2A,,78.1F,,,,,,,
01/19/15    23:01:53,17 days 23:49:59,16.1V,0.3V,13.7V,13.6V,0.0A,0.0A,0.0A,-0.2A,,77.9F,,,,,,,
01/19/15    22:56:54,17 days 23:45:00,15.9V,0.3V,13.5V,13.5V,0.0A,0.0A,0.0A,-0.2A,,77.7F,,,,,,,
01/19/15    22:51:54,17 days 23:40:00,16.7V,0.3V,13.6V,13.6V,0.0A,0.0A,0.0A,-0.2A,,77.5F,,,,,,,
01/19/15    22:46:55,17 days 23:35:00,16.2V,0.3V,13.5V,13.5V,0.0A,0.0A,0.0A,-0.2A,,77.4F,,,,,,,
01/19/15    22:41:55,17 days 23:30:00,15.5V,0.3V,13.5V,13.4V,0.0A,0.0A,0.0A,-0.2A,,77.4F,,,,,,,
01/19/15    22:36:55,17 days 23:24:59,15.8V,0.3V,13.5V,13.4V,0.0A,0.0A,0.0A,-0.2A,,77.2F,,,,,,,
01/19/15    22:31:56,17 days 23:20:00,16.1V,0.3V,13.6V,13.5V,0.0A,0.0A,0.0A,-0.2A,,77.0F,,,,,,,
01/19/15    22:26:56,17 days 23:15:00,15.6V,0.3V,13.5V,13.4V,0.0A,0.0A,0.0A,-0.2A,,77.0F,,,,,,,
01/19/15    22:21:56,17 days 23:09:59,15.6V,0.3V,13.4V,13.4V,0.0A,0.0A,0.0A,-0.2A,,76.8F,,,,,,,
01/19/15    22:16:57,17 days 23:05:00,15.3V,0.3V,13.4V,13.3V,0.0A,0.0A,0.0A,-0.2A,,76.8F,,,,,,,
01/19/15    22:11:57,17 days 22:59:59,15.6V,0.3V,13.5V,13.4V,0.0A,0.0A,0.0A,-0.2A,,76.6F,,,,,,,
01/19/15    22:06:58,17 days 22:55:00,15.4V,0.3V,13.4V,13.4V,0.0A,0.0A,0.0A,-0.2A,,76.5F,,,,,,,
01/19/15    22:01:58,17 days 22:49:59,15.4V,0.3V,13.3V,13.3V,0.0A,0.0A,0.0A,-0.2A,,76.5F,,,,,,,
01/19/15    21:56:59,17 days 22:45:00,14.1V,0.3V,13.2V,13.2V,0.0A,0.0A,0.0A,-0.2A,,76.5F,,,,,,,
01/19/15    21:51:59,17 days 22:40:00,16.6V,0.3V,13.3V,13.2V,0.0A,0.0A,0.0A,-0.2A,,76.5F,,,,,,,
01/19/15    21:47:00,17 days 22:35:00,14.4V,0.3V,13.2V,13.2V,0.0A,0.0A,0.0A,-0.2A,,76.5F,,,,,,,
01/19/15    21:42:00,17 days 22:30:00,13.7V,0.3V,13.2V,13.2V,0.0A,0.0A,0.0A,-0.2A,,76.5F,,,,,,,
01/19/15    21:37:00,17 days 22:25:00,14.3V,0.3V,13.2V,13.2V,0.0A,0.0A,0.0A,-0.2A,,76.5F,,,,,,,
01/19/15    21:32:00,17 days 22:19:59,13.7V,0.3V,13.2V,13.2V,0.0A,0.0A,0.0A,-0.2A,,76.6F,,,,,,,
01/19/15    21:27:01,17 days 22:15:00,13.7V,0.3V,13.2V,13.1V,0.0A,0.0A,0.0A,-0.2A,,76.6F,,,,,,,
01/19/15    21:22:01,17 days 22:09:59,13.7V,0.3V,13.2V,13.1V,0.0A,0.0A,0.0A,-0.2A,,76.6F,,,,,,,
01/19/15    21:17:02,17 days 22:05:00,13.7V,0.3V,13.2V,13.1V,0.0A,0.0A,0.0A,-0.2A,,76.6F,,,,,,,
01/19/15    21:12:02,17 days 22:00:00,13.3V,0.3V,13.2V,13.1V,0.0A,0.0A,0.0A,-0.2A,,76.8F,,,,,,,
01/19/15    21:07:03,17 days 21:55:00,13.3V,0.3V,13.2V,13.1V,0.0A,0.0A,0.0A,-0.2A,,76.8F,,,,,,,
01/19/15    21:02:03,17 days 21:50:00,12.8V,0.3V,13.2V,13.1V,0.0A,0.0A,0.0A,-0.2A,,77.0F,,,,,,,
01/19/15    20:57:03,17 days 21:44:59,9.8V,0.3V,13.2V,13.1V,0.0A,0.0A,0.0A,-0.2A,,77.0F,,,,,,,
01/19/15    20:52:04,17 days 21:40:00,4.4V,0.3V,13.2V,13.1V,0.0A,0.0A,0.0A,-0.2A,,77.0F,,,,,,,
01/19/15    20:47:04,17 days 21:34:59,1.5V,0.3V,13.2V,13.1V,0.0A,0.0A,0.0A,-0.2A,,77.0F,,,,,,,
01/19/15    20:42:05,17 days 21:30:00,0.6V,0.3V,13.2V,13.1V,0.0A,0.0A,0.0A,-0.2A,,77.2F,,,,,,,
01/19/15    20:37:05,17 days 21:25:00,0.3V,0.3V,13.2V,13.1V,0.0A,0.0A,0.0A,-0.2A,,77.2F,,,,,,,
01/19/15    20:32:06,17 days 21:20:00,0.2V,0.3V,13.2V,13.1V,0.0A,0.0A,0.0A,-0.2A,,77.4F,,,,,,,
01/19/15    20:27:06,17 days 21:15:00,0.1V,0.3V,13.2V,13.1V,0.0A,0.0A,0.0A,-0.2A,,77.4F,,,,,,,
01/19/15    20:22:07,17 days 21:10:00,0.1V,0.3V,13.2V,13.1V,0.0A,0.0A,0.0A,-0.2A,,77.4F,,,,,,,
01/19/15    20:17:07,17 days 21:05:00,0.1V,0.3V,13.2V,13.1V,0.0A,0.0A,0.0A,-0.2A,,77.5F,,,,,,,
01/19/15    20:12:07,17 days 20:59:59,0.1V,0.3V,13.2V,13.1V,0.0A,0.0A,0.0A,-0.2A,,77.5F,,,,,,,
01/19/15    20:07:08,17 days 20:55:00,0.1V,0.3V,13.2V,13.2V,0.0A,0.0A,0.0A,-0.2A,,77.7F,,,,,,,
01/19/15    20:02:08,17 days 20:50:00,0.1V,0.3V,13.2V,13.1V,0.0A,0.0A,0.0A,-0.2A,,77.7F,,,,,,,
01/19/15    19:57:08,17 days 20:44:59,0.1V,0.3V,13.2V,13.1V,0.0A,0.0A,0.0A,-0.2A,,77.9F,,,,,,,
01/19/15    19:52:09,17 days 20:40:00,0.1V,0.3V,13.2V,13.1V,0.0A,0.0A,0.0A,-0.2A,,77.9F,,,,,,,
01/19/15    19:47:09,17 days 20:35:00,0.0V,0.3V,13.2V,13.2V,0.0A,0.0A,0.0A,-0.2A,,77.9F,,,,,,,
01/19/15    19:42:09,17 days 20:29:59,0.1V,0.3V,13.2V,13.2V,0.0A,0.0A,0.0A,-0.2A,,77.9F,,,,,,,
01/19/15    19:37:09,17 days 20:24:59,0.0V,0.3V,13.2V,13.2V,0.0A,0.0A,0.0A,-0.2A,,78.1F,,,,,,,
01/19/15    19:32:10,17 days 20:20:00,0.0V,0.3V,13.2V,13.2V,0.0A,0.0A,0.0A,-0.2A,,78.1F,,,,,,,
01/19/15    19:27:10,17 days 20:14:59,0.0V,0.3V,13.2V,13.2V,0.0A,0.0A,0.0A,-0.2A,,78.3F,,,,,,,
01/19/15    19:22:11,17 days 20:10:00,0.1V,0.3V,13.2V,13.2V,0.0A,0.0A,0.0A,-0.2A,,78.3F,,,,,,,
01/19/15    19:17:11,17 days 20:05:00,0.1V,0.3V,13.2V,13.2V,0.0A,0.0A,0.0A,-0.2A,,78.4F,,,,,,,
01/19/15    19:12:12,17 days 20:00:00,0.1V,0.3V,13.2V,13.2V,0.0A,0.0A,0.0A,-0.2A,,78.4F,,,,,,,
01/19/15    19:07:12,17 days 19:55:00,0.1V,0.3V,13.2V,13.2V,0.0A,0.0A,0.0A,-0.2A,,78.6F,,,,,,,
01/19/15    19:02:12,17 days 19:49:59,0.2V,0.3V,13.2V,13.2V,0.0A,0.0A,0.0A,-0.2A,,78.6F,,,,,,,
01/19/15    18:57:12,17 days 19:44:59,0.2V,0.3V,13.2V,13.2V,0.0A,0.0A,0.0A,-0.2A,,78.8F,,,,,,,
01/19/15    18:52:13,17 days 19:40:00,0.1V,0.3V,13.2V,13.2V,0.0A,0.0A,0.0A,-0.2A,,78.8F,,,,,,,
01/19/15    18:47:13,17 days 19:35:00,0.1V,0.3V,13.2V,13.2V,0.0A,0.0A,0.0A,-0.2A,,78.8F,,,,,,,
01/19/15    18:42:13,17 days 19:29:59,0.1V,0.3V,13.2V,13.2V,0.0A,0.0A,0.0A,-0.2A,,79.0F,,,,,,,
01/19/15    18:37:14,17 days 19:25:00,0.2V,0.3V,13.2V,13.2V,0.0A,0.0A,0.0A,-0.2A,,79.0F,,,,,,,
01/19/15    18:32:14,17 days 19:20:00,0.2V,0.3V,13.2V,13.2V,0.0A,0.0A,0.0A,-0.2A,,79.0F,,,,,,,
01/19/15    18:27:15,17 days 19:15:00,0.1V,0.3V,13.2V,13.2V,0.0A,0.0A,0.0A,-0.2A,,79.2F,,,,,,,
01/19/15    18:22:15,17 days 19:10:00,0.1V,0.3V,13.2V,13.2V,0.0A,0.0A,0.0A,-0.2A,,79.2F,,,,,,,
01/19/15    18:17:15,17 days 19:05:00,0.2V,0.3V,13.2V,13.2V,0.0A,0.0A,0.0A,-0.2A,,79.2F,,,,,,,
01/19/15    18:12:15,17 days 18:59:59,0.1V,0.3V,13.2V,13.2V,0.0A,0.0A,0.0A,-0.2A,,79.2F,,,,,,,
01/19/15    18:07:16,17 days 18:55:00,0.1V,0.3V,13.2V,13.2V,0.0A,0.0A,0.0A,-0.2A,,79.2F,,,,,,,
01/19/15    18:02:16,17 days 18:50:00,0.1V,0.3V,13.2V,13.1V,0.0A,0.0A,0.0A,-0.2A,,79.3F,,,,,,,
01/19/15    17:57:16,17 days 18:44:59,0.1V,0.3V,13.2V,13.1V,0.0A,0.0A,0.0A,-0.2A,,79.3F,,,,,,,
01/19/15    17:52:16,17 days 18:39:59,0.2V,0.3V,13.2V,13.1V,0.0A,0.0A,0.0A,-0.2A,,79.3F,,,,,,,
01/19/15    17:47:17,17 days 18:35:00,0.1V,0.3V,13.2V,13.1V,0.0A,0.0A,0.0A,-0.2A,,79.3F,,,,,,,
01/19/15    17:42:17,17 days 18:30:00,0.1V,0.3V,13.2V,13.1V,0.0A,0.0A,0.0A,-0.2A,,79.5F,,,,,,,
01/19/15    17:37:18,17 days 18:25:00,0.1V,0.3V,13.1V,13.0V,0.0A,0.0A,0.2A,-0.2A,,79.5F,,,,,,,
01/19/15    17:32:18,17 days 18:20:00,0.2V,0.3V,13.2V,13.2V,0.0A,0.0A,0.0A,-0.2A,,79.5F,,,,,,,
01/19/15    17:27:19,17 days 18:15:00,0.1V,0.3V,13.2V,13.2V,0.0A,0.0A,0.0A,-0.2A,,79.7F,,,,,,,
01/19/15    17:22:19,17 days 18:10:00,0.1V,0.3V,13.2V,13.2V,0.0A,0.0A,0.0A,-0.2A,,79.7F,,,,,,,
01/19/15    17:17:19,17 days 18:05:00,0.2V,0.3V,13.2V,13.2V,0.0A,0.0A,0.0A,-0.2A,,79.9F,,,,,,,
01/19/15    17:12:19,17 days 17:59:59,0.2V,0.3V,13.2V,13.2V,0.0A,0.0A,0.0A,-0.2A,,79.9F,,,,,,,
01/19/15    17:07:20,17 days 17:55:00,0.2V,0.3V,13.2V,13.2V,0.0A,0.0A,0.0A,-0.2A,,80.1F,,,,,,,
01/19/15    17:02:20,17 days 17:49:59,0.2V,0.3V,13.2V,13.2V,0.0A,0.0A,0.0A,-0.2A,,80.1F,,,,,,,
01/19/15    16:57:21,17 days 17:45:00,0.2V,0.3V,13.2V,13.2V,0.0A,0.0A,0.0A,-0.2A,,80.2F,,,,,,,
01/19/15    16:52:21,17 days 17:40:00,0.2V,0.3V,13.2V,13.2V,0.0A,0.0A,0.0A,-0.2A,,80.2F,,,,,,,
01/19/15    16:47:22,17 days 17:35:00,0.2V,0.3V,13.2V,13.2V,0.0A,0.0A,0.0A,-0.2A,,80.4F,,,,,,,
01/19/15    16:42:22,17 days 17:30:00,0.2V,0.3V,13.2V,13.2V,0.0A,0.0A,0.0A,-0.2A,,80.4F,,,,,,,
01/19/15    16:37:22,17 days 17:25:00,0.2V,0.3V,13.2V,13.2V,0.0A,0.0A,0.0A,-0.2A,,80.4F,,,,,,,
01/19/15    16:32:23,17 days 17:20:00,0.2V,0.3V,13.2V,13.2V,0.0A,0.0A,0.0A,-0.2A,,80.6F,,,,,,,
01/19/15    16:27:23,17 days 17:15:00,0.2V,0.3V,13.2V,13.2V,0.0A,0.0A,0.0A,-0.2A,,80.6F,,,,,,,
01/19/15    16:22:23,17 days 17:10:00,0.2V,0.3V,13.2V,13.2V,0.0A,0.0A,0.0A,-0.2A,,80.8F,,,,,,,
01/19/15    16:17:23,17 days 17:04:59,0.2V,0.3V,13.2V,13.2V,0.0A,0.0A,0.0A,-0.2A,,80.8F,,,,,,,
01/19/15    16:12:24,17 days 17:00:00,0.2V,0.3V,13.2V,13.2V,0.0A,0.0A,0.0A,-0.2A,,81.0F,,,,,,,
01/19/15    16:07:24,17 days 16:55:00,0.2V,0.3V,13.2V,13.2V,0.0A,0.0A,0.0A,-0.2A,,81.0F,,,,,,,
01/19/15    16:02:25,17 days 16:50:00,0.2V,0.3V,13.2V,13.2V,0.0A,0.0A,0.0A,-0.2A,,81.1F,,,,,,,
01/19/15    15:57:25,17 days 16:45:00,0.2V,0.3V,13.2V,13.2V,0.0A,0.0A,0.0A,-0.2A,,81.1F,,,,,,,
01/19/15    15:52:26,17 days 16:40:00,0.2V,0.3V,13.2V,13.2V,0.0A,0.0A,0.0A,-0.2A,,81.3F,,,,,,,
01/19/15    15:47:26,17 days 16:35:00,0.2V,0.3V,13.2V,13.2V,0.0A,0.0A,0.0A,-0.2A,,81.3F,,,,,,,
01/19/15    15:42:26,17 days 16:30:00,0.2V,0.3V,13.2V,13.2V,0.0A,0.0A,0.0A,-0.2A,,81.5F,,,,,,,
01/19/15    15:37:26,17 days 16:25:00,0.2V,0.3V,13.2V,13.2V,0.0A,0.0A,0.0A,-0.2A,,81.5F,,,,,,,
01/19/15    15:32:27,17 days 16:20:00,0.2V,0.3V,13.2V,13.2V,0.0A,0.0A,0.0A,-0.2A,,81.7F,,,,,,,
01/19/15    15:27:27,17 days 16:15:00,0.2V,0.3V,13.2V,13.2V,0.0A,0.0A,0.0A,-0.2A,,81.7F,,,,,,,
01/19/15    15:22:27,17 days 16:10:00,0.2V,0.3V,13.2V,13.2V,0.0A,0.0A,0.0A,-0.2A,,81.9F,,,,,,,
01/19/15    15:17:27,17 days 16:04:59,0.2V,0.3V,13.2V,13.2V,0.0A,0.0A,0.0A,-0.2A,,81.9F,,,,,,,
01/19/15    15:12:28,17 days 16:00:00,0.2V,0.3V,13.2V,13.2V,0.0A,0.0A,0.0A,-0.2A,,82.0F,,,,,,,
01/19/15    15:07:28,17 days 15:55:00,0.2V,0.3V,13.2V,13.2V,0.0A,0.0A,0.0A,-0.2A,,82.0F,,,,,,,
01/19/15    15:02:29,17 days 15:50:00,0.2V,0.3V,13.2V,13.2V,0.0A,0.0A,0.0A,-0.2A,,82.2F,,,,,,,
01/19/15    14:57:29,17 days 15:45:00,0.2V,0.3V,13.2V,13.2V,0.0A,0.0A,0.0A,-0.2A,,82.4F,,,,,,,
01/19/15    14:52:29,17 days 15:39:59,0.2V,0.3V,13.2V,13.2V,0.0A,0.0A,0.0A,-0.2A,,82.4F,,,,,,,
01/19/15    14:47:29,17 days 15:34:59,0.2V,0.3V,13.2V,13.2V,0.0A,0.0A,0.0A,-0.2A,,82.6F,,,,,,,
01/19/15    14:42:30,17 days 15:30:00,0.2V,0.3V,13.2V,13.2V,0.0A,0.0A,0.0A,-0.2A,,82.8F,,,,,,,
01/19/15    14:37:30,17 days 15:24:59,0.2V,0.3V,13.2V,13.2V,0.0A,0.0A,0.0A,-0.2A,,82.8F,,,,,,,
01/19/15    14:32:31,17 days 15:20:00,0.2V,0.3V,13.2V,13.2V,0.0A,0.0A,0.0A,-0.2A,,82.9F,,,,,,,
01/19/15    14:27:31,17 days 15:14:59,0.2V,0.3V,13.2V,13.2V,0.0A,0.0A,0.0A,-0.2A,,83.1F,,,,,,,
01/19/15    14:22:32,17 days 15:10:00,0.2V,0.3V,13.2V,13.2V,0.0A,0.0A,0.0A,-0.2A,,83.3F,,,,,,,
01/19/15    14:17:33,17 days 15:05:00,0.2V,0.3V,13.2V,13.2V,0.0A,0.0A,0.0A,-0.2A,,83.3F,,,,,,,
01/19/15    14:12:33,17 days 15:00:00,0.2V,0.3V,13.2V,13.2V,0.0A,0.0A,0.0A,-0.2A,,83.5F,,,,,,,
01/19/15    14:07:34,17 days 14:55:00,0.2V,0.3V,13.2V,13.2V,0.0A,0.0A,0.0A,-0.2A,,83.7F,,,,,,,
01/19/15    14:02:34,17 days 14:49:59,0.2V,0.3V,13.2V,13.2V,0.0A,0.0A,0.0A,-0.2A,,83.7F,,,,,,,
01/19/15    13:57:35,17 days 14:45:00,0.2V,0.3V,13.2V,13.2V,0.0A,0.0A,0.0A,-0.2A,,83.8F,,,,,,,
01/19/15    13:52:36,17 days 14:40:00,0.2V,0.3V,13.2V,13.2V,0.0A,0.0A,0.0A,-0.2A,,84.0F,,,,,,,
01/19/15    13:47:36,17 days 14:35:00,0.2V,0.3V,13.2V,13.2V,0.0A,0.0A,0.0A,-0.2A,,84.2F,,,,,,,
01/19/15    13:42:37,17 days 14:30:00,0.2V,0.3V,13.2V,13.2V,0.0A,0.0A,0.0A,-0.2A,,84.2F,,,,,,,
01/19/15    13:37:37,17 days 14:24:59,0.2V,0.3V,13.2V,13.2V,0.0A,0.0A,0.0A,-0.2A,,84.4F,,,,,,,
01/19/15    13:32:38,17 days 14:20:00,0.2V,0.3V,13.2V,13.2V,0.0A,0.0A,0.0A,-0.2A,,84.6F,,,,,,,
01/19/15    13:27:39,17 days 14:15:00,0.2V,0.3V,13.2V,13.2V,0.0A,0.0A,0.0A,-0.2A,,84.6F,,,,,,,
01/19/15    13:22:39,17 days 14:10:00,0.2V,0.3V,13.1V,13.1V,0.0A,0.0A,0.2A,-0.2A,,84.7F,,,,,,,
01/19/15    13:17:40,17 days 14:05:00,0.2V,0.3V,13.1V,13.1V,0.0A,0.0A,0.2A,-0.2A,,84.7F,,,,,,,
01/19/15    13:12:40,17 days 14:00:00,0.2V,0.3V,13.2V,13.2V,0.0A,0.0A,0.0A,-0.2A,,84.9F,,,,,,,
01/19/15    13:07:41,17 days 13:55:00,0.2V,0.3V,13.2V,13.2V,0.0A,0.0A,0.0A,-0.2A,,84.9F,,,,,,,
01/19/15    13:02:41,17 days 13:49:59,0.2V,0.3V,13.2V,13.2V,0.0A,0.0A,0.0A,-0.2A,,85.1F,,,,,,,
01/19/15    12:57:42,17 days 13:45:00,0.2V,0.3V,13.2V,13.2V,0.0A,0.0A,0.0A,-0.2A,,85.1F,,,,,,,
01/19/15    12:52:42,17 days 13:39:59,0.2V,0.3V,13.2V,13.2V,0.0A,0.0A,0.0A,-0.2A,,85.3F,,,,,,,
01/19/15    12:47:43,17 days 13:35:00,0.2V,0.3V,13.2V,13.2V,0.0A,0.0A,0.0A,-0.2A,,85.3F,,,,,,,
01/19/15    12:42:43,17 days 13:29:59,0.2V,0.3V,13.2V,13.2V,0.0A,0.0A,0.0A,-0.2A,,85.5F,,,,,,,
01/19/15    12:37:44,17 days 13:25:00,0.2V,0.3V,13.2V,13.2V,0.0A,0.0A,0.0A,-0.2A,,85.5F,,,,,,,
01/19/15    12:32:44,17 days 13:19:59,0.1V,0.3V,13.2V,13.2V,0.0A,0.0A,0.0A,-0.2A,,85.5F,,,,,,,
01/19/15    12:27:45,17 days 13:15:00,0.1V,0.3V,13.2V,13.2V,0.0A,0.0A,0.0A,-0.2A,,85.6F,,,,,,,
01/19/15    12:22:46,17 days 13:10:00,0.1V,0.3V,13.2V,13.2V,0.0A,0.0A,0.0A,-0.2A,,85.6F,,,,,,,
01/19/15    12:17:46,17 days 13:04:59,0.1V,0.3V,13.2V,13.2V,0.0A,0.0A,0.0A,-0.2A,,85.8F,,,,,,,
01/19/15    12:12:47,17 days 13:00:00,0.1V,0.3V,13.2V,13.2V,0.0A,0.0A,0.0A,-0.2A,,86.0F,,,,,,,
01/19/15    12:07:48,17 days 12:55:00,0.1V,0.3V,13.2V,13.2V,0.0A,0.0A,0.0A,-0.2A,,86.0F,,,,,,,
01/19/15    12:02:49,17 days 12:50:00,0.1V,0.3V,13.2V,13.2V,0.0A,0.0A,0.0A,-0.2A,,86.2F,,,,,,,
01/19/15    11:57:49,17 days 12:44:59,0.1V,0.3V,13.2V,13.2V,0.0A,0.0A,0.0A,-0.2A,,86.2F,,,,,,,
01/19/15    11:52:50,17 days 12:40:00,0.1V,0.3V,13.2V,13.2V,0.0A,0.0A,0.0A,-0.2A,,86.4F,,,,,,,
01/19/15    11:47:51,17 days 12:35:00,0.1V,0.3V,13.2V,13.2V,0.0A,0.0A,0.0A,-0.2A,,86.5F,,,,,,,
01/19/15    11:42:52,17 days 12:30:00,0.1V,0.3V,13.2V,13.2V,0.0A,0.0A,0.0A,-0.2A,,86.7F,,,,,,,
01/19/15    11:37:52,17 days 12:25:00,0.1V,0.3V,13.2V,13.2V,0.0A,0.0A,0.0A,-0.2A,,86.7F,,,,,,,
01/19/15    11:32:53,17 days 12:20:00,0.1V,0.3V,13.2V,13.2V,0.0A,0.0A,0.0A,-0.2A,,86.9F,,,,,,,
01/19/15    11:27:53,17 days 12:15:00,0.1V,0.3V,13.2V,13.2V,0.0A,0.0A,0.0A,-0.2A,,86.9F,,,,,,,
01/19/15    11:22:54,17 days 12:10:00,0.1V,0.3V,13.2V,13.2V,0.0A,0.0A,0.0A,-0.2A,,87.1F,,,,,,,
01/19/15    11:17:54,17 days 12:04:59,0.1V,0.3V,13.2V,13.2V,0.0A,0.0A,0.0A,-0.2A,,87.1F,,,,,,,
01/19/15    11:12:55,17 days 12:00:00,0.1V,0.3V,13.2V,13.2V,0.0A,0.0A,0.0A,-0.2A,,87.1F,,,,,,,
01/19/15    11:07:56,17 days 11:55:00,0.1V,0.3V,13.2V,13.2V,0.0A,0.0A,0.0A,-0.2A,,87.3F,,,,,,,
01/19/15    11:02:57,17 days 11:50:00,0.1V,0.3V,13.2V,13.2V,0.0A,0.0A,0.0A,-0.2A,,87.3F,,,,,,,
01/19/15    10:57:57,17 days 11:45:00,0.1V,0.3V,13.2V,13.2V,0.0A,0.0A,0.0A,-0.2A,,87.3F,,,,,,,
01/19/15    10:52:58,17 days 11:40:00,0.1V,0.3V,13.2V,13.2V,0.0A,0.0A,0.0A,-0.2A,,87.4F,,,,,,,
01/19/15    10:47:58,17 days 11:34:59,0.1V,0.3V,13.2V,13.2V,0.0A,0.0A,0.0A,-0.2A,,87.4F,,,,,,,
01/19/15    10:42:59,17 days 11:29:59,0.1V,0.3V,13.2V,13.2V,0.0A,0.0A,0.0A,-0.2A,,87.6F,,,,,,,
01/19/15    10:38:00,17 days 11:25:00,0.1V,0.3V,13.2V,13.2V,0.0A,0.0A,0.0A,0.0A,,87.6F,,,,,,,
01/19/15    10:33:01,17 days 11:20:00,0.1V,0.3V,13.2V,13.2V,0.0A,0.0A,0.0A,-0.2A,,87.8F,,,,,,,
01/19/15    10:28:01,17 days 11:15:00,0.1V,0.3V,13.2V,13.2V,0.0A,0.0A,0.0A,-0.2A,,87.8F,,,,,,,
01/19/15    10:23:02,17 days 11:10:00,0.1V,0.3V,13.2V,13.2V,0.0A,0.0A,0.0A,-0.2A,,88.0F,,,,,,,
01/19/15    10:18:02,17 days 11:04:59,0.1V,0.3V,13.2V,13.2V,0.0A,0.0A,0.0A,-0.2A,,88.0F,,,,,,,
01/19/15    10:13:03,17 days 11:00:00,0.1V,0.3V,13.2V,13.2V,0.0A,0.0A,0.0A,-0.2A,,88.0F,,,,,,,
01/19/15    10:08:03,17 days 10:54:59,0.1V,0.3V,13.2V,13.2V,0.0A,0.0A,0.0A,-0.2A,,88.2F,,,,,,,
01/19/15    10:03:04,17 days 10:49:59,0.1V,0.3V,13.2V,13.2V,0.0A,0.0A,0.0A,-0.2A,,88.2F,,,,,,,
01/19/15    09:58:05,17 days 10:45:00,0.1V,0.3V,13.2V,13.2V,0.0A,0.0A,0.0A,-0.2A,,88.3F,,,,,,,
01/19/15    09:53:06,17 days 10:40:00,0.2V,0.3V,13.2V,13.2V,0.0A,0.0A,0.0A,-0.2A,,88.3F,,,,,,,
01/19/15    09:48:07,17 days 10:35:00,0.3V,0.3V,13.1V,13.1V,0.0A,0.0A,0.2A,-0.2A,,88.3F,,,,,,,
01/19/15    09:43:07,17 days 10:30:00,0.4V,0.3V,13.0V,12.9V,0.0A,0.0A,0.2A,-0.2A,,88.5F,,,,,,,
01/19/15    09:38:08,17 days 10:25:00,0.7V,0.3V,13.0V,12.9V,0.0A,0.0A,0.2A,-0.2A,,88.5F,,,,,,,
01/19/15    09:33:09,17 days 10:20:00,1.5V,0.3V,13.0V,12.9V,0.0A,0.0A,0.2A,-0.2A,,88.7F,,,,,,,
01/19/15    09:28:10,17 days 10:15:00,4.1V,0.3V,13.1V,13.0V,0.0A,0.0A,0.0A,-0.2A,,88.7F,,,,,,,
01/19/15    09:23:10,17 days 10:10:00,8.6V,0.3V,13.1V,13.0V,0.0A,0.0A,0.0A,-0.2A,,88.9F,,,,,,,
01/19/15    09:18:11,17 days 10:05:00,11.9V,0.3V,13.1V,13.0V,0.0A,0.0A,0.0A,-0.2A,,89.1F,,,,,,,
01/19/15    09:13:12,17 days 10:00:00,13.0V,0.3V,13.1V,13.0V,0.0A,0.0A,0.0A,-0.2A,,89.1F,,,,,,,
01/19/15    09:08:13,17 days 09:55:00,13.4V,0.3V,13.2V,13.2V,0.0A,0.0A,0.0A,-0.2A,,89.2F,,,,,,,
01/19/15    09:03:13,17 days 09:50:00,13.7V,0.3V,13.3V,13.2V,0.0A,0.0A,0.0A,-0.2A,,89.2F,,,,,,,
01/19/15    08:58:14,17 days 09:45:00,13.7V,0.3V,13.3V,13.2V,0.0A,0.0A,0.0A,-0.2A,,89.4F,,,,,,,
01/19/15    08:53:15,17 days 09:40:00,13.8V,0.3V,13.3V,13.2V,0.0A,0.0A,0.0A,-0.2A,,89.4F,,,,,,,
01/19/15    08:48:16,17 days 09:35:00,13.8V,0.3V,13.3V,13.2V,0.0A,0.0A,0.0A,-0.2A,,89.6F,,,,,,,
01/19/15    08:43:16,17 days 09:29:59,13.8V,0.3V,13.3V,13.3V,0.0A,0.0A,0.0A,-0.2A,,89.6F,,,,,,,
01/19/15    08:38:17,17 days 09:25:00,14.1V,0.3V,13.3V,13.3V,0.0A,0.0A,0.0A,-0.2A,,89.8F,,,,,,,
01/19/15    08:33:18,17 days 09:20:00,14.2V,0.3V,13.3V,13.3V,0.0A,0.0A,0.0A,-0.2A,,89.8F,,,,,,,
01/19/15    08:28:19,17 days 09:15:00,14.4V,0.3V,13.3V,13.3V,0.0A,0.0A,0.0A,-0.2A,,89.8F,,,,,,,
01/19/15    08:23:19,17 days 09:09:59,14.5V,0.3V,13.3V,13.3V,0.0A,0.0A,0.0A,-0.2A,,90.0F,,,,,,,
01/19/15    08:18:20,17 days 09:04:59,14.6V,0.3V,13.3V,13.3V,0.0A,0.0A,0.0A,-0.2A,,90.0F,,,,,,,
01/19/15    08:13:21,17 days 09:00:00,14.7V,0.3V,13.3V,13.3V,0.0A,0.0A,0.0A,-0.2A,,90.0F,,,,,,,
01/19/15    08:08:22,17 days 08:55:00,14.6V,0.3V,13.2V,13.1V,0.0A,0.0A,0.0A,-0.2A,,90.0F,,,,,,,
01/19/15    08:03:23,17 days 08:50:00,14.7V,0.3V,13.2V,13.1V,0.0A,0.0A,0.0A,-0.2A,,90.1F,,,,,,,
01/19/15    07:58:24,17 days 08:45:00,14.7V,0.3V,13.2V,13.2V,0.0A,0.0A,0.0A,-0.2A,,90.1F,,,,,,,
01/19/15    07:53:24,17 days 08:39:59,15.0V,0.3V,13.3V,13.2V,0.0A,0.0A,0.0A,-0.2A,,90.1F,,,,,,,
01/19/15    07:48:25,17 days 08:35:00,15.1V,0.3V,13.4V,13.4V,0.0A,0.0A,0.0A,-0.2A,,90.1F,,,,,,,
01/19/15    07:43:26,17 days 08:30:00,15.4V,0.3V,13.6V,13.6V,0.0A,0.0A,0.0A,-0.2A,,90.0F,,,,,,,
01/19/15    07:38:27,17 days 08:25:00,15.6V,0.3V,13.9V,13.9V,0.0A,0.0A,0.0A,-0.2A,,90.1F,,,,,,,
01/19/15    07:33:28,17 days 08:20:00,15.8V,0.3V,14.2V,14.1V,0.0A,0.0A,0.0A,-0.2A,,90.1F,,,,,,,
01/19/15    07:28:29,17 days 08:15:00,18.4V,0.3V,14.3V,14.3V,0.0A,0.0A,0.0A,-0.2A,,90.0F,,,,,,,
01/19/15    07:23:30,17 days 08:10:00,20.9V,0.3V,14.2V,14.2V,0.0A,0.0A,0.0A,-0.2A,,90.0F,,,,,,,
01/19/15    07:18:30,17 days 08:04:59,19.7V,0.3V,14.3V,14.3V,0.0A,0.0A,0.0A,-0.2A,,90.0F,,,,,,,
01/19/15    07:13:32,17 days 08:00:00,19.7V,0.3V,14.3V,14.3V,0.0A,0.0A,0.0A,-0.2A,,90.0F,,,,,,,
01/19/15    07:08:32,17 days 07:55:00,19.8V,0.3V,14.3V,14.3V,0.0A,0.0A,0.0A,-0.2A,,90.0F,,,,,,,
01/19/15    07:03:33,17 days 07:50:00,20.6V,0.3V,14.3V,14.2V,0.0A,0.0A,0.0A,-0.2A,,89.8F,,,,,,,
01/19/15    06:58:34,17 days 07:45:00,20.3V,0.3V,14.3V,14.2V,0.0A,0.0A,0.0A,-0.2A,,89.8F,,,,,,,
01/19/15    06:53:35,17 days 07:40:00,20.4V,0.3V,14.3V,14.3V,0.0A,0.0A,0.0A,-0.2A,,89.6F,,,,,,,
01/19/15    06:48:35,17 days 07:34:59,20.5V,0.3V,14.3V,14.3V,0.0A,0.0A,0.0A,-0.2A,,89.6F,,,,,,,
01/19/15    06:43:37,17 days 07:30:00,20.6V,0.3V,14.3V,14.3V,0.0A,0.0A,0.0A,-0.2A,,89.4F,,,,,,,
01/19/15    06:38:37,17 days 07:24:59,20.8V,0.3V,14.3V,14.3V,0.0A,0.0A,0.0A,-0.2A,,89.2F,,,,,,,
01/19/15    06:33:38,17 days 07:20:00,20.6V,0.3V,14.3V,14.3V,0.0A,0.0A,0.0A,-0.2A,,89.2F,,,,,,,
01/19/15    06:28:39,17 days 07:15:00,20.6V,0.3V,14.3V,14.3V,0.0A,0.0A,0.0A,-0.2A,,89.1F,,,,,,,
01/19/15    06:23:40,17 days 07:10:00,20.4V,0.3V,14.3V,14.3V,0.0A,0.0A,0.0A,-0.2A,,88.9F,,,,,,,
01/19/15    06:18:41,17 days 07:05:00,20.5V,0.3V,14.3V,14.3V,0.0A,0.0A,0.0A,-0.2A,,88.9F,,,,,,,
01/19/15    06:13:42,17 days 07:00:00,20.6V,0.3V,14.3V,14.3V,0.0A,0.0A,0.0A,-0.2A,,88.7F,,,,,,,
01/19/15    06:08:42,17 days 06:54:59,20.8V,0.3V,14.3V,14.3V,0.0A,0.0A,0.0A,-0.2A,,88.7F,,,,,,,
01/19/15    06:03:43,17 days 06:49:59,20.9V,0.3V,14.3V,14.3V,0.0A,0.0A,0.0A,-0.2A,,88.5F,,,,,,,
01/19/15    05:58:44,17 days 06:45:00,21.6V,5.2V,14.4V,14.3V,0.0A,0.0A,0.0A,-0.2A,,88.5F,,,,,,,
01/19/15    05:53:45,17 days 06:40:00,21.6V,5.2V,14.4V,14.3V,0.0A,0.0A,0.0A,-0.2A,,88.5F,,,,,,,
01/19/15    05:48:46,17 days 06:35:00,21.3V,5.2V,14.4V,14.3V,0.0A,0.0A,0.0A,-0.2A,,88.3F,,,,,,,
01/19/15    05:43:47,17 days 06:30:00,21.2V,5.2V,14.4V,14.3V,0.0A,0.0A,0.0A,-0.2A,,88.3F,,,,,,,
01/19/15    05:38:47,17 days 06:24:59,21.3V,5.2V,14.4V,14.3V,0.0A,0.0A,0.0A,-0.2A,,88.3F,,,,,,,
01/19/15    05:33:48,17 days 06:19:59,21.3V,5.2V,14.4V,14.3V,0.0A,0.0A,0.0A,-0.2A,,88.2F,,,,,,,
01/19/15    05:28:49,17 days 06:14:59,21.2V,5.2V,14.4V,14.3V,0.0A,0.0A,0.0A,-0.2A,,88.2F,,,,,,,
01/19/15    05:23:50,17 days 06:10:00,21.2V,5.2V,14.4V,14.3V,0.0A,0.0A,0.0A,-0.2A,,88.2F,,,,,,,
01/19/15    05:18:51,17 days 06:05:00,21.4V,5.2V,14.4V,14.3V,0.0A,0.0A,0.0A,-0.2A,,88.0F,,,,,,,
01/19/15    05:13:52,17 days 06:00:00,21.3V,5.2V,14.4V,14.3V,0.0A,0.0A,0.0A,-0.2A,,88.0F,,,,,,,
01/19/15    05:08:53,17 days 05:55:00,21.4V,5.2V,14.4V,14.3V,0.0A,0.0A,0.0A,-0.2A,,88.0F,,,,,,,
01/19/15    05:03:53,17 days 05:49:59,21.4V,5.2V,14.4V,14.3V,0.0A,0.0A,0.0A,-0.2A,,87.8F,,,,,,,
01/19/15    04:58:54,17 days 05:45:00,21.3V,5.2V,14.4V,14.3V,0.0A,0.0A,0.0A,-0.2A,,87.8F,,,,,,,
01/19/15    04:53:55,17 days 05:40:00,21.5V,5.2V,14.4V,14.3V,0.0A,0.0A,0.0A,-0.2A,,87.8F,,,,,,,
01/19/15    04:48:56,17 days 05:35:00,21.5V,5.2V,14.4V,14.3V,0.0A,0.0A,0.0A,-0.2A,,87.8F,,,,,,,
01/19/15    04:43:57,17 days 05:30:00,21.6V,5.2V,14.4V,14.3V,0.0A,0.0A,0.0A,-0.2A,,87.8F,,,,,,,
01/19/15    04:38:57,17 days 05:24:59,21.5V,5.2V,14.4V,14.3V,0.0A,0.0A,0.0A,-0.2A,,87.8F,,,,,,,
01/19/15    04:33:58,17 days 05:20:00,21.6V,5.2V,14.4V,14.3V,0.0A,0.0A,0.0A,-0.2A,,87.6F,,,,,,,
01/19/15    04:28:59,17 days 05:15:00,21.3V,5.2V,14.4V,14.3V,0.0A,0.0A,0.0A,-0.2A,,87.6F,,,,,,,
01/19/15    04:23:59,17 days 05:09:59,21.4V,5.2V,14.4V,14.3V,0.0A,0.0A,0.0A,-0.2A,,87.6F,,,,,,,
01/19/15    04:19:00,17 days 05:04:59,21.4V,5.2V,14.4V,14.3V,0.0A,0.0A,0.0A,-0.2A,,87.6F,,,,,,,
01/19/15    04:14:01,17 days 05:00:00,21.5V,5.2V,14.4V,14.3V,0.0A,0.0A,0.0A,-0.2A,,87.6F,,,,,,,
01/19/15    04:09:02,17 days 04:55:00,21.3V,5.2V,14.4V,14.3V,0.0A,0.0A,0.0A,-0.2A,,87.6F,,,,,,,
01/19/15    04:04:03,17 days 04:50:00,21.3V,5.2V,14.4V,14.3V,0.0A,0.0A,0.0A,-0.2A,,87.4F,,,,,,,
01/19/15    03:59:04,17 days 04:45:00,21.4V,5.2V,14.4V,14.3V,0.0A,0.0A,0.0A,-0.2A,,87.4F,,,,,,,
01/19/15    03:54:04,17 days 04:39:59,21.4V,5.2V,14.4V,14.3V,0.0A,0.0A,0.0A,-0.2A,,87.4F,,,,,,,
01/19/15    03:49:05,17 days 04:35:00,21.4V,5.2V,14.4V,14.3V,0.0A,0.0A,0.0A,-0.2A,,87.4F,,,,,,,
01/19/15    03:44:05,17 days 04:29:59,21.1V,5.2V,14.4V,14.3V,0.0A,0.0A,0.0A,-0.2A,,87.4F,,,,,,,
01/19/15    03:39:06,17 days 04:24:59,21.1V,5.2V,14.4V,14.3V,0.0A,0.0A,0.0A,-0.2A,,87.3F,,,,,,,
01/19/15    03:34:07,17 days 04:20:00,20.3V,5.2V,14.4V,14.3V,0.0A,0.0A,0.0A,-0.2A,,87.1F,,,,,,,
01/19/15    03:29:08,17 days 04:15:00,16.4V,5.1V,14.2V,14.2V,0.0A,0.0A,0.0A,-0.2A,,87.1F,,,,,,,
01/19/15    03:24:08,17 days 04:09:59,16.2V,5.2V,14.1V,14.0V,0.0A,0.0A,0.0A,-0.2A,,86.9F,,,,,,,
01/19/15    03:19:09,17 days 04:04:59,16.0V,5.2V,14.0V,14.0V,0.0A,0.0A,0.0A,-0.2A,,86.7F,,,,,,,
01/19/15    03:14:10,17 days 04:00:00,16.0V,5.2V,14.0V,13.9V,0.0A,0.0A,0.0A,-0.2A,,86.5F,,,,,,,
01/19/15    03:09:11,17 days 03:55:00,16.2V,5.2V,14.0V,13.9V,0.0A,0.0A,0.0A,-0.2A,,86.5F,,,,,,,
01/19/15    03:04:11,17 days 03:50:00,16.3V,5.2V,13.9V,13.9V,0.0A,0.0A,0.0A,-0.2A,,86.4F,,,,,,,
01/19/15    02:59:12,17 days 03:45:00,18.2V,5.2V,13.9V,13.9V,0.0A,0.0A,0.0A,-0.2A,,86.2F,,,,,,,
01/19/15    02:54:12,17 days 03:39:59,17.8V,5.2V,13.9V,13.9V,0.0A,0.0A,0.0A,-0.2A,,86.2F,,,,,,,
01/19/15    02:49:13,17 days 03:35:00,16.0V,5.2V,13.9V,13.8V,0.0A,0.0A,0.0A,-0.2A,,86.0F,,,,,,,
01/19/15    02:44:14,17 days 03:30:00,16.1V,5.2V,13.9V,13.8V,0.0A,0.0A,0.0A,-0.2A,,85.8F,,,,,,,
01/19/15    02:39:14,17 days 03:25:00,16.2V,5.2V,13.9V,13.8V,0.0A,0.0A,0.0A,-0.2A,,85.8F,,,,,,,
01/19/15    02:34:15,17 days 03:20:00,16.1V,5.2V,13.9V,13.8V,0.0A,0.0A,0.0A,-0.2A,,85.6F,,,,,,,
01/19/15    02:29:16,17 days 03:15:00,16.2V,5.2V,13.9V,13.8V,0.0A,0.0A,0.0A,-0.2A,,85.6F,,,,,,,
01/19/15    02:24:16,17 days 03:09:59,16.1V,5.2V,13.9V,13.8V,0.0A,0.0A,0.0A,-0.2A,,85.5F,,,,,,,
01/19/15    02:19:17,17 days 03:05:00,16.1V,5.2V,13.8V,13.8V,0.0A,0.0A,0.0A,-0.2A,,85.3F,,,,,,,
01/19/15    02:14:18,17 days 03:00:00,16.1V,5.2V,13.8V,13.8V,0.0A,0.0A,0.0A,-0.2A,,85.3F,,,,,,,
01/19/15    02:09:18,17 days 02:55:00,16.1V,5.2V,13.8V,13.8V,0.0A,0.0A,0.0A,-0.2A,,85.1F,,,,,,,
01/19/15    02:04:19,17 days 02:50:00,16.1V,5.2V,13.8V,13.8V,0.0A,0.0A,0.0A,-0.2A,,84.9F,,,,,,,
01/19/15    01:59:19,17 days 02:44:59,16.1V,5.2V,13.8V,13.8V,0.0A,0.0A,0.0A,-0.2A,,84.7F,,,,,,,
01/19/15    01:54:20,17 days 02:40:00,16.2V,5.2V,13.8V,13.8V,0.0A,0.0A,0.0A,-0.2A,,84.6F,,,,,,,
01/19/15    01:49:21,17 days 02:35:00,16.1V,5.2V,13.8V,13.7V,0.0A,0.0A,0.0A,-0.2A,,84.4F,,,,,,,
01/19/15    01:44:22,17 days 02:30:00,17.4V,5.2V,13.8V,13.7V,0.0A,0.0A,0.0A,-0.2A,,84.2F,,,,,,,
01/19/15    01:39:22,17 days 02:24:59,16.0V,5.1V,13.8V,13.7V,0.0A,0.0A,0.0A,-0.2A,,84.0F,,,,,,,
01/19/15    01:34:23,17 days 02:20:00,16.0V,4.7V,13.6V,13.6V,0.6A,0.0A,0.0A,-0.2A,,83.8F,,,,,,,
01/19/15    01:29:23,17 days 02:14:59,16.0V,4.7V,13.6V,13.6V,0.6A,0.0A,0.0A,-0.2A,,83.7F,,,,,,,
01/19/15    01:24:24,17 days 02:09:59,16.1V,4.7V,13.6V,13.6V,0.6A,0.0A,0.0A,-0.2A,,83.5F,,,,,,,
01/19/15    01:19:25,17 days 02:05:00,16.2V,4.7V,13.6V,13.6V,0.6A,0.0A,0.0A,-0.2A,,83.3F,,,,,,,
01/19/15    01:14:26,17 days 02:00:00,17.5V,4.7V,13.6V,13.6V,0.6A,0.0A,0.0A,-0.2A,,83.1F,,,,,,,
01/19/15    01:09:26,17 days 01:55:00,21.1V,4.7V,13.3V,13.3V,0.6A,0.0A,0.0A,-0.2A,,82.9F,,,,,,,
01/19/15    01:04:27,17 days 01:50:00,16.1V,4.7V,13.6V,13.5V,0.6A,0.0A,0.0A,-0.2A,,82.8F,,,,,,,
01/19/15    00:59:28,17 days 01:45:00,16.0V,4.7V,13.6V,13.5V,0.6A,0.0A,0.0A,-0.2A,,82.6F,,,,,,,
01/19/15    00:54:28,17 days 01:40:00,16.1V,4.7V,13.6V,13.5V,0.6A,0.0A,0.0A,-0.2A,,82.6F,,,,,,,
01/19/15    00:49:29,17 days 01:35:00,16.1V,4.7V,13.5V,13.5V,0.6A,0.0A,0.0A,-0.2A,,82.4F,,,,,,,
01/19/15    00:44:29,17 days 01:30:00,17.4V,4.7V,13.6V,13.5V,0.6A,0.0A,0.0A,-0.2A,,82.2F,,,,,,,
01/19/15    00:39:30,17 days 01:25:00,16.2V,4.7V,13.5V,13.5V,0.6A,0.0A,0.0A,-0.2A,,82.2F,,,,,,,
01/19/15    00:34:30,17 days 01:19:59,16.1V,4.7V,13.5V,13.5V,0.6A,0.0A,0.0A,-0.2A,,82.0F,,,,,,,
01/19/15    00:29:31,17 days 01:15:00,15.9V,4.7V,13.5V,13.5V,0.6A,0.0A,0.0A,-0.2A,,81.9F,,,,,,,
01/19/15    00:24:31,17 days 01:09:59,15.9V,4.7V,13.5V,13.4V,0.6A,0.0A,0.0A,-0.2A,,81.7F,,,,,,,
01/19/15    00:19:32,17 days 01:05:00,15.9V,4.7V,13.5V,13.4V,0.6A,0.0A,0.0A,-0.2A,,81.5F,,,,,,,
01/19/15    00:14:32,17 days 00:59:59,15.9V,4.7V,13.5V,13.4V,0.6A,0.0A,0.0A,-0.2A,,81.3F,,,,,,,
01/19/15    00:09:33,17 days 00:55:00,15.9V,4.7V,13.5V,13.4V,0.6A,0.0A,0.0A,-0.2A,,81.1F,,,,,,,
01/19/15    00:04:33,17 days 00:49:59,15.9V,4.7V,13.5V,13.4V,0.5A,0.0A,0.0A,-0.2A,,81.1F,,,,,,,
01/18/15    23:59:34,17 days 00:45:00,16.0V,4.7V,13.5V,13.5V,0.2A,0.0A,0.0A,-0.2A,,81.0F,,,,,,,
01/18/15    23:54:34,17 days 00:39:59,16.5V,4.7V,13.5V,13.5V,0.2A,0.0A,0.0A,-0.2A,,80.8F,,,,,,,
01/18/15    23:49:35,17 days 00:35:00,15.7V,4.7V,13.5V,13.4V,0.2A,0.0A,0.0A,-0.2A,,80.8F,,,,,,,
01/18/15    23:44:35,17 days 00:29:59,15.7V,4.7V,13.5V,13.4V,0.2A,0.0A,0.0A,-0.2A,,80.6F,,,,,,,
01/18/15    23:39:36,17 days 00:25:00,15.7V,4.7V,13.5V,13.4V,0.2A,0.0A,0.0A,-0.2A,,80.4F,,,,,,,
01/18/15    23:34:36,17 days 00:19:59,15.7V,4.7V,13.4V,13.4V,0.2A,0.0A,0.0A,-0.2A,,80.2F,,,,,,,
01/18/15    23:29:37,17 days 00:15:00,15.8V,4.7V,13.4V,13.4V,0.2A,0.0A,0.0A,-0.2A,,80.2F,,,,,,,
01/18/15    23:24:37,17 days 00:09:59,15.8V,4.6V,13.3V,13.3V,0.7A,0.0A,0.0A,-0.2A,,79.9F,,,,,,,
01/18/15    23:19:38,17 days 00:05:00,15.8V,4.6V,13.3V,13.3V,0.7A,0.0A,0.0A,-0.2A,,79.7F,,,,,,,
01/18/15    23:14:38,16 days 23:59:59,15.7V,4.6V,13.3V,13.2V,0.7A,0.0A,0.0A,-0.2A,,79.5F,,,,,,,
01/18/15    23:09:39,16 days 23:55:00,15.7V,4.6V,13.2V,13.2V,0.7A,0.0A,0.0A,-0.2A,,79.3F,,,,,,,
01/18/15    23:04:39,16 days 23:49:59,15.5V,4.6V,13.2V,13.2V,0.7A,0.0A,0.0A,-0.2A,,79.2F,,,,,,,
01/18/15    22:59:40,16 days 23:45:00,15.5V,4.6V,13.2V,13.2V,0.7A,0.0A,0.0A,-0.2A,,79.0F,,,,,,,
01/18/15    22:54:40,16 days 23:39:59,15.4V,4.6V,13.2V,13.1V,0.7A,0.0A,0.0A,-0.2A,,78.8F,,,,,,,
01/18/15    22:49:41,16 days 23:35:00,15.4V,4.6V,13.1V,13.1V,0.7A,0.0A,0.0A,-0.2A,,78.6F,,,,,,,
01/18/15    22:44:42,16 days 23:30:00,15.4V,4.6V,13.1V,13.1V,0.7A,0.0A,0.0A,-0.2A,,78.4F,,,,,,,
01/18/15    22:39:42,16 days 23:25:00,15.4V,4.6V,13.1V,13.0V,0.7A,0.0A,0.0A,-0.2A,,78.3F,,,,,,,
01/18/15    22:34:43,16 days 23:20:00,15.4V,0.3V,13.0V,12.9V,0.0A,0.0A,0.0A,-0.2A,,78.3F,,,,,,,
01/18/15    22:29:43,16 days 23:15:00,15.5V,0.3V,13.0V,12.9V,0.0A,0.0A,0.0A,-0.2A,,78.3F,,,,,,,
01/18/15    22:24:44,16 days 23:10:00,15.2V,0.3V,12.9V,12.8V,0.0A,0.0A,0.0A,-0.2A,,78.1F,,,,,,,
01/18/15    22:19:44,16 days 23:04:59,14.7V,0.3V,12.9V,12.8V,0.0A,0.0A,0.0A,-0.2A,,78.3F,,,,,,,
01/18/15    22:14:45,16 days 23:00:00,14.6V,0.3V,12.8V,12.8V,0.0A,0.0A,0.0A,-0.2A,,78.3F,,,,,,,
01/18/15    22:09:45,16 days 22:54:59,14.1V,0.3V,12.8V,12.8V,0.0A,0.0A,0.0A,-0.2A,,78.3F,,,,,,,
01/18/15    22:04:46,16 days 22:50:00,16.3V,0.3V,12.8V,12.8V,0.0A,0.0A,0.0A,-0.2A,,78.3F,,,,,,,
01/18/15    21:59:46,16 days 22:44:59,14.9V,0.3V,12.9V,12.8V,0.0A,0.0A,0.0A,-0.2A,,78.3F,,,,,,,
01/18/15    21:54:47,16 days 22:40:00,15.0V,0.3V,12.9V,12.8V,0.0A,0.0A,0.0A,-0.2A,,78.3F,,,,,,,
01/18/15    21:49:47,16 days 22:34:59,14.8V,0.3V,12.8V,12.8V,0.0A,0.0A,0.0A,-0.2A,,78.4F,,,,,,,
01/18/15    21:44:48,16 days 22:30:00,14.3V,0.3V,12.8V,12.8V,0.0A,0.0A,0.0A,-0.2A,,78.4F,,,,,,,
01/18/15    21:39:49,16 days 22:25:00,13.3V,0.3V,12.8V,12.8V,0.0A,0.0A,0.0A,-0.2A,,78.6F,,,,,,,
01/18/15    21:34:49,16 days 22:19:59,13.3V,0.3V,12.8V,12.8V,0.0A,0.0A,0.0A,-0.2A,,78.6F,,,,,,,
01/18/15    21:29:50,16 days 22:15:00,13.3V,0.3V,12.8V,12.8V,0.0A,0.0A,0.0A,-0.2A,,78.6F,,,,,,,
01/18/15    21:24:50,16 days 22:09:59,13.3V,4.6V,12.8V,12.8V,0.7A,0.0A,0.0A,-0.2A,,78.6F,,,,,,,
01/18/15    21:19:51,16 days 22:05:00,13.3V,4.7V,12.8V,12.8V,0.8A,0.0A,0.0A,-0.2A,,78.6F,,,,,,,
01/18/15    21:14:51,16 days 22:00:00,13.2V,4.7V,12.8V,12.8V,0.8A,0.0A,0.0A,-0.2A,,78.6F,,,,,,,
01/18/15    21:09:52,16 days 21:55:00,12.8V,4.6V,12.8V,12.8V,0.7A,0.0A,0.0A,-0.2A,,78.6F,,,,,,,
01/18/15    21:04:52,16 days 21:49:59,12.7V,4.6V,12.8V,12.8V,0.8A,0.0A,0.0A,-0.2A,,78.6F,,,,,,,
01/18/15    20:59:53,16 days 21:45:00,10.3V,4.7V,12.8V,12.8V,0.8A,0.0A,0.0A,-0.2A,,78.6F,,,,,,,
01/18/15    20:54:53,16 days 21:40:00,6.5V,4.7V,12.8V,12.8V,0.8A,0.0A,0.0A,-0.2A,,78.6F,,,,,,,
01/18/15    20:49:53,16 days 21:34:59,2.9V,4.7V,12.8V,12.8V,0.8A,0.0A,0.0A,-0.2A,,78.8F,,,,,,,
01/18/15    20:44:54,16 days 21:30:00,1.2V,4.7V,12.8V,12.8V,0.8A,0.0A,0.0A,-0.2A,,78.8F,,,,,,,
01/18/15    20:39:54,16 days 21:24:59,0.6V,4.7V,12.8V,12.8V,0.8A,0.0A,0.0A,-0.2A,,78.8F,,,,,,,
01/18/15    20:34:55,16 days 21:20:00,0.3V,4.7V,12.8V,12.8V,0.8A,0.0A,0.0A,-0.2A,,79.0F,,,,,,,
01/18/15    20:29:56,16 days 21:15:00,0.2V,4.7V,12.8V,12.8V,0.8A,0.0A,0.0A,-0.2A,,79.0F,,,,,,,
01/18/15    20:24:56,16 days 21:10:00,0.2V,4.7V,12.8V,12.8V,0.8A,0.0A,0.0A,-0.2A,,79.0F,,,,,,,
01/18/15    20:19:57,16 days 21:05:00,0.2V,4.7V,12.8V,12.8V,0.8A,0.0A,0.0A,-0.2A,,79.0F,,,,,,,
01/18/15    20:14:57,16 days 21:00:00,0.2V,4.7V,12.8V,12.8V,0.8A,0.0A,0.0A,-0.2A,,79.2F,,,,,,,
01/18/15    20:09:58,16 days 20:55:00,0.2V,4.7V,12.8V,12.8V,0.8A,0.0A,0.0A,-0.2A,,79.2F,,,,,,,
01/18/15    20:04:58,16 days 20:50:00,0.2V,4.7V,12.8V,12.8V,0.8A,0.0A,0.0A,-0.2A,,79.2F,,,,,,,
01/18/15    19:59:59,16 days 20:45:00,0.2V,4.7V,12.8V,12.8V,0.8A,0.0A,0.0A,-0.2A,,79.2F,,,,,,,
01/18/15    19:54:59,16 days 20:40:00,0.2V,4.7V,12.8V,12.8V,0.8A,0.0A,0.0A,-0.2A,,79.3F,,,,,,,
01/18/15    19:50:00,16 days 20:35:00,0.2V,4.7V,12.8V,12.8V,0.8A,0.0A,0.0A,-0.2A,,79.3F,,,,,,,
01/18/15    19:45:00,16 days 20:30:00,0.2V,4.7V,12.8V,12.8V,0.8A,0.0A,0.0A,-0.2A,,79.3F,,,,,,,
01/18/15    19:40:01,16 days 20:25:00,0.2V,4.7V,12.8V,12.8V,0.8A,0.0A,0.0A,-0.2A,,79.3F,,,,,,,
01/18/15    19:35:01,16 days 20:20:00,0.2V,4.7V,12.8V,12.8V,0.8A,0.0A,0.0A,-0.2A,,79.3F,,,,,,,
01/18/15    19:30:02,16 days 20:15:00,0.2V,4.7V,12.8V,12.8V,0.8A,0.0A,0.0A,-0.2A,,79.3F,,,,,,,
01/18/15    19:25:02,16 days 20:10:00,0.2V,4.7V,12.8V,12.8V,0.8A,0.0A,0.0A,-0.2A,,79.3F,,,,,,,
01/18/15    19:20:02,16 days 20:04:59,0.2V,4.7V,12.9V,12.9V,0.4A,0.0A,0.0A,-0.2A,,79.3F,,,,,,,
01/18/15    19:15:03,16 days 20:00:00,0.2V,4.7V,12.9V,12.9V,0.4A,0.0A,0.0A,-0.2A,,79.5F,,,,,,,
01/18/15    19:10:03,16 days 19:55:00,0.2V,4.7V,12.9V,12.9V,0.4A,0.0A,0.0A,-0.2A,,79.5F,,,,,,,
01/18/15    19:05:04,16 days 19:50:00,0.2V,4.7V,12.9V,12.9V,0.4A,0.0A,0.0A,-0.2A,,79.5F,,,,,,,
01/18/15    19:00:04,16 days 19:44:59,0.2V,4.7V,12.9V,12.9V,0.4A,0.0A,0.0A,-0.2A,,79.5F,,,,,,,
01/18/15    18:55:05,16 days 19:40:00,0.2V,4.7V,12.9V,12.9V,0.4A,0.0A,0.0A,-0.2A,,79.7F,,,,,,,
01/18/15    18:50:05,16 days 19:34:59,0.2V,4.7V,12.9V,12.9V,0.4A,0.0A,0.0A,-0.2A,,79.7F,,,,,,,
01/18/15    18:45:06,16 days 19:30:00,0.2V,4.7V,12.9V,12.9V,0.4A,0.0A,0.0A,-0.2A,,79.7F,,,,,,,
01/18/15    18:40:06,16 days 19:24:59,0.2V,4.7V,12.9V,12.9V,0.4A,0.0A,0.0A,-0.2A,,79.9F,,,,,,,
01/18/15    18:35:07,16 days 19:20:00,0.2V,4.7V,12.9V,12.9V,0.4A,0.0A,0.0A,-0.2A,,79.9F,,,,,,,
01/18/15    18:30:08,16 days 19:15:00,0.2V,4.7V,12.9V,12.9V,0.4A,0.0A,0.0A,-0.2A,,79.9F,,,,,,,
01/18/15    18:25:08,16 days 19:10:00,0.3V,4.7V,12.9V,12.9V,0.4A,0.0A,0.0A,-0.2A,,79.9F,,,,,,,
01/18/15    18:20:09,16 days 19:05:00,0.3V,4.7V,12.9V,12.9V,0.4A,0.0A,0.0A,-0.2A,,80.1F,,,,,,,
01/18/15    18:15:09,16 days 19:00:00,0.2V,4.7V,12.9V,12.9V,0.4A,0.0A,0.0A,-0.2A,,80.1F,,,,,,,
01/18/15    18:10:10,16 days 18:55:00,0.3V,4.7V,12.9V,12.9V,0.4A,0.0A,0.0A,-0.2A,,80.1F,,,,,,,
01/18/15    18:05:10,16 days 18:49:59,0.2V,4.7V,12.9V,12.9V,0.4A,0.0A,0.0A,-0.2A,,80.1F,,,,,,,
01/18/15    18:00:11,16 days 18:45:00,0.1V,4.7V,12.9V,12.9V,0.4A,0.0A,0.0A,-0.2A,,80.2F,,,,,,,
01/18/15    17:55:11,16 days 18:40:00,0.3V,4.7V,12.9V,12.9V,0.4A,0.0A,0.0A,-0.2A,,80.2F,,,,,,,
01/18/15    17:50:12,16 days 18:35:00,0.3V,4.7V,12.9V,12.9V,0.4A,0.0A,0.0A,-0.2A,,80.2F,,,,,,,
01/18/15    17:45:13,16 days 18:30:00,0.2V,4.7V,12.9V,12.9V,0.4A,0.0A,0.0A,-0.2A,,80.2F,,,,,,,
01/18/15    17:40:13,16 days 18:25:00,0.2V,4.7V,13.0V,12.9V,0.4A,0.0A,0.0A,-0.2A,,80.2F,,,,,,,
01/18/15    17:35:14,16 days 18:20:00,0.3V,4.7V,13.0V,12.9V,0.4A,0.0A,0.0A,-0.2A,,80.4F,,,,,,,
01/18/15    17:30:14,16 days 18:15:00,0.3V,4.7V,13.0V,12.9V,0.4A,0.0A,0.0A,-0.2A,,80.4F,,,,,,,
01/18/15    17:25:15,16 days 18:10:00,0.3V,4.7V,13.0V,12.9V,0.4A,0.0A,0.0A,-0.2A,,80.4F,,,,,,,
01/18/15    17:20:15,16 days 18:04:59,0.3V,4.7V,13.0V,12.9V,0.4A,0.0A,0.0A,-0.2A,,80.4F,,,,,,,
01/18/15    17:15:16,16 days 18:00:00,0.3V,4.7V,13.0V,13.0V,0.4A,0.0A,0.0A,-0.2A,,80.6F,,,,,,,
01/18/15    17:10:16,16 days 17:54:59,0.3V,4.8V,13.1V,13.0V,0.0A,0.0A,0.0A,-0.2A,,80.6F,,,,,,,
01/18/15    17:05:17,16 days 17:50:00,0.3V,4.8V,13.1V,13.0V,0.0A,0.0A,0.0A,-0.2A,,80.8F,,,,,,,
01/18/15    17:00:17,16 days 17:44:59,0.3V,4.8V,13.1V,13.0V,0.0A,0.0A,0.0A,-0.2A,,80.8F,,,,,,,
01/18/15    16:55:18,16 days 17:40:00,0.3V,4.8V,13.1V,13.0V,0.0A,0.0A,0.0A,-0.2A,,81.0F,,,,,,,
01/18/15    16:50:19,16 days 17:35:00,0.3V,4.8V,13.1V,13.0V,0.0A,0.0A,0.0A,-0.2A,,81.0F,,,,,,,
01/18/15    16:45:19,16 days 17:29:59,0.3V,4.8V,13.1V,13.0V,0.0A,0.0A,0.0A,-0.2A,,81.1F,,,,,,,
01/18/15    16:40:20,16 days 17:25:00,0.3V,4.7V,13.0V,12.9V,0.4A,0.0A,0.0A,-0.2A,,81.1F,,,,,,,
01/18/15    16:35:21,16 days 17:20:00,0.3V,4.7V,13.0V,12.9V,0.4A,0.0A,0.0A,-0.2A,,81.1F,,,,,,,
01/18/15    16:30:21,16 days 17:14:59,0.4V,4.7V,13.0V,12.9V,0.4A,0.0A,0.0A,-0.2A,,81.1F,,,,,,,
01/18/15    16:25:22,16 days 17:10:00,0.3V,4.7V,13.0V,13.0V,0.4A,0.0A,0.0A,-0.2A,,81.3F,,,,,,,
01/18/15    16:20:22,16 days 17:04:59,0.3V,4.7V,13.0V,13.0V,0.4A,0.0A,0.0A,-0.2A,,81.3F,,,,,,,
01/18/15    16:15:23,16 days 17:00:00,0.3V,4.7V,13.0V,13.0V,0.4A,0.0A,0.0A,-0.2A,,81.3F,,,,,,,
01/18/15    16:10:23,16 days 16:54:59,0.2V,4.7V,13.0V,13.0V,0.4A,0.0A,0.0A,-0.2A,,81.5F,,,,,,,
01/18/15    16:05:24,16 days 16:50:00,0.3V,4.7V,13.0V,13.0V,0.4A,0.0A,0.0A,-0.2A,,81.5F,,,,,,,
01/18/15    16:00:25,16 days 16:45:00,0.3V,4.7V,13.0V,13.0V,0.4A,0.0A,0.0A,-0.2A,,81.7F,,,,,,,
01/18/15    15:55:25,16 days 16:39:59,0.3V,4.7V,13.0V,13.0V,0.4A,0.0A,0.0A,-0.2A,,81.7F,,,,,,,
01/18/15    15:50:26,16 days 16:35:00,0.4V,4.7V,13.0V,13.0V,0.4A,0.0A,0.0A,-0.2A,,81.9F,,,,,,,
01/18/15    15:45:26,16 days 16:29:59,0.3V,4.7V,13.0V,13.0V,0.5A,0.0A,0.0A,-0.2A,,81.9F,,,,,,,
01/18/15    15:40:27,16 days 16:25:00,0.2V,4.7V,13.0V,13.0V,0.5A,0.0A,0.0A,-0.2A,,81.9F,,,,,,,
01/18/15    15:35:27,16 days 16:19:59,0.2V,4.7V,13.0V,13.0V,0.5A,0.0A,0.0A,-0.2A,,82.0F,,,,,,,
01/18/15    15:30:28,16 days 16:15:00,0.3V,4.7V,13.0V,13.0V,0.5A,0.0A,0.0A,-0.2A,,82.0F,,,,,,,
01/18/15    15:25:28,16 days 16:09:59,0.3V,4.7V,13.0V,13.0V,0.5A,0.0A,0.0A,-0.2A,,82.2F,,,,,,,
01/18/15    15:20:29,16 days 16:05:00,0.3V,4.7V,13.0V,13.0V,0.5A,0.0A,0.0A,-0.2A,,82.2F,,,,,,,
01/18/15    15:15:29,16 days 15:59:59,0.2V,4.7V,13.0V,13.0V,0.5A,0.0A,0.0A,-0.2A,,82.2F,,,,,,,
01/18/15    15:10:30,16 days 15:55:00,0.4V,4.7V,13.0V,13.0V,0.5A,0.0A,0.0A,-0.2A,,82.4F,,,,,,,
01/18/15    15:05:31,16 days 15:50:00,0.4V,4.7V,13.1V,13.0V,0.5A,0.0A,0.0A,-0.2A,,82.4F,,,,,,,
01/18/15    15:00:31,16 days 15:45:00,0.2V,4.7V,13.1V,13.0V,0.5A,0.0A,0.0A,-0.2A,,82.6F,,,,,,,
01/18/15    14:55:32,16 days 15:40:00,0.3V,4.7V,13.1V,13.0V,0.6A,0.0A,0.0A,-0.2A,,82.6F,,,,,,,
01/18/15    14:50:33,16 days 15:35:00,0.4V,4.7V,13.1V,13.0V,0.5A,0.0A,0.0A,-0.2A,,82.6F,,,,,,,
01/18/15    14:45:33,16 days 15:30:00,0.4V,4.7V,13.0V,13.0V,0.7A,0.0A,0.0A,-0.2A,,82.8F,,,,,,,
01/18/15    14:40:34,16 days 15:25:00,0.2V,4.7V,13.1V,13.0V,0.6A,0.0A,0.0A,-0.2A,,82.8F,,,,,,,
01/18/15    14:35:34,16 days 15:19:59,0.2V,4.7V,13.0V,13.0V,0.7A,0.0A,0.0A,-0.2A,,82.8F,,,,,,,
01/18/15    14:30:35,16 days 15:15:00,0.2V,4.7V,13.0V,13.0V,0.7A,0.0A,0.0A,-0.2A,,82.8F,,,,,,,
01/18/15    14:25:35,16 days 15:09:59,0.2V,4.7V,13.0V,13.0V,0.7A,0.0A,0.0A,-0.2A,,82.9F,,,,,,,
01/18/15    14:20:36,16 days 15:05:00,0.2V,4.7V,13.0V,13.0V,0.7A,0.0A,0.0A,-0.2A,,82.9F,,,,,,,
01/18/15    14:15:37,16 days 15:00:00,0.4V,4.7V,13.0V,13.0V,0.7A,0.0A,0.0A,-0.2A,,82.9F,,,,,,,
01/18/15    14:10:37,16 days 14:54:59,0.2V,4.7V,13.1V,13.0V,0.4A,0.0A,0.0A,-0.2A,,82.9F,,,,,,,
01/18/15    14:05:38,16 days 14:50:00,0.3V,4.7V,13.1V,13.0V,0.6A,0.0A,0.0A,-0.2A,,82.9F,,,,,,,
01/18/15    14:00:39,16 days 14:45:00,0.3V,4.7V,13.1V,13.0V,0.6A,0.0A,0.0A,-0.2A,,82.9F,,,,,,,
01/18/15    13:55:39,16 days 14:39:59,0.3V,4.7V,13.0V,13.0V,0.8A,0.0A,0.0A,-0.2A,,82.9F,,,,,,,
01/18/15    13:50:40,16 days 14:35:00,0.4V,4.7V,13.0V,13.0V,0.8A,0.0A,0.0A,-0.2A,,83.1F,,,,,,,
01/18/15    13:45:41,16 days 14:30:00,0.4V,4.7V,13.0V,13.0V,0.8A,0.0A,0.0A,-0.2A,,83.1F,,,,,,,
01/18/15    13:40:41,16 days 14:25:00,0.4V,4.7V,13.0V,13.0V,0.8A,0.0A,0.0A,-0.2A,,83.1F,,,,,,,
01/18/15    13:35:42,16 days 14:20:00,0.4V,4.7V,13.0V,13.0V,0.8A,0.0A,0.0A,-0.2A,,83.1F,,,,,,,
01/18/15    13:30:42,16 days 14:14:59,0.3V,4.6V,13.0V,13.0V,0.8A,0.0A,0.0A,-0.2A,,83.1F,,,,,,,
01/18/15    13:25:43,16 days 14:10:00,0.3V,4.6V,13.0V,13.0V,0.8A,0.0A,0.0A,-0.2A,,83.1F,,,,,,,
01/18/15    13:20:43,16 days 14:04:59,0.3V,4.6V,13.0V,13.0V,0.8A,0.0A,0.0A,-0.2A,,83.1F,,,,,,,
01/18/15    13:15:44,16 days 14:00:00,0.3V,4.8V,13.2V,13.1V,0.1A,0.0A,0.0A,-0.2A,,83.1F,,,,,,,
01/18/15    13:10:44,16 days 13:54:59,0.3V,4.8V,13.2V,13.1V,0.1A,0.0A,0.0A,-0.2A,,83.1F,,,,,,,
01/18/15    13:05:45,16 days 13:50:00,0.3V,4.8V,13.2V,13.1V,0.1A,0.0A,0.0A,-0.2A,,83.3F,,,,,,,
01/18/15    13:00:45,16 days 13:44:59,0.3V,4.8V,13.2V,13.1V,0.1A,0.0A,0.0A,-0.2A,,83.3F,,,,,,,
01/18/15    12:55:46,16 days 13:40:00,0.2V,4.8V,13.2V,13.1V,0.1A,0.0A,0.0A,-0.2A,,83.5F,,,,,,,
01/18/15    12:50:46,16 days 13:34:59,0.2V,4.8V,13.2V,13.1V,0.1A,0.0A,0.0A,-0.2A,,83.5F,,,,,,,
01/18/15    12:45:47,16 days 13:30:00,0.2V,5.2V,13.2V,13.2V,0.0A,0.0A,0.0A,-0.2A,,83.7F,,,,,,,
01/18/15    12:40:48,16 days 13:25:00,0.2V,5.2V,13.2V,13.2V,0.0A,0.0A,0.0A,-0.2A,,83.7F,,,,,,,
01/18/15    12:35:48,16 days 13:19:59,0.2V,5.2V,13.2V,13.2V,0.0A,0.0A,0.0A,-0.2A,,83.7F,,,,,,,
01/18/15    12:30:49,16 days 13:15:00,0.1V,5.2V,13.2V,13.2V,0.0A,0.0A,0.0A,-0.2A,,83.8F,,,,,,,
01/18/15    12:25:50,16 days 13:10:00,0.1V,5.2V,13.2V,13.2V,0.0A,0.0A,0.0A,-0.2A,,83.8F,,,,,,,
01/18/15    12:20:50,16 days 13:05:00,0.2V,5.2V,13.2V,13.2V,0.0A,0.0A,0.0A,-0.2A,,84.0F,,,,,,,
01/18/15    12:15:51,16 days 13:00:00,0.2V,5.2V,13.2V,13.2V,0.0A,0.0A,0.0A,-0.2A,,84.0F,,,,,,,
01/18/15    12:10:51,16 days 12:54:59,0.2V,5.2V,13.2V,13.2V,0.0A,0.0A,0.0A,-0.2A,,84.2F,,,,,,,
01/18/15    12:05:52,16 days 12:50:00,0.1V,5.2V,13.2V,13.2V,0.0A,0.0A,0.0A,-0.2A,,84.2F,,,,,,,
01/18/15    12:00:53,16 days 12:45:00,0.1V,5.2V,13.2V,13.2V,0.0A,0.0A,0.0A,-0.2A,,84.4F,,,,,,,
01/18/15    11:55:54,16 days 12:40:00,0.2V,5.2V,13.2V,13.2V,0.0A,0.0A,0.0A,-0.2A,,84.4F,,,,,,,
01/18/15    11:50:54,16 days 12:35:00,0.2V,5.2V,13.2V,13.2V,0.0A,0.0A,0.0A,-0.2A,,84.6F,,,,,,,
01/18/15    11:45:55,16 days 12:30:00,0.1V,5.2V,13.2V,13.2V,0.0A,0.0A,0.0A,-0.2A,,84.6F,,,,,,,
01/18/15    11:40:55,16 days 12:24:59,0.2V,5.2V,13.2V,13.2V,0.0A,0.0A,0.0A,-0.2A,,84.7F,,,,,,,
01/18/15    11:35:56,16 days 12:19:59,0.2V,5.2V,13.2V,13.2V,0.0A,0.0A,0.0A,-0.2A,,84.7F,,,,,,,
01/18/15    11:30:57,16 days 12:15:00,0.2V,4.7V,13.1V,13.1V,0.5A,0.0A,0.0A,-0.2A,,84.7F,,,,,,,
01/18/15    11:25:58,16 days 12:10:00,0.1V,5.2V,13.2V,13.2V,0.0A,0.0A,0.0A,-0.2A,,84.9F,,,,,,,
01/18/15    11:20:59,16 days 12:05:00,0.1V,5.2V,13.2V,13.2V,0.0A,0.0A,0.0A,-0.2A,,84.9F,,,,,,,
01/18/15    11:15:59,16 days 11:59:59,0.1V,5.2V,13.2V,13.2V,0.0A,0.0A,0.0A,-0.2A,,84.9F,,,,,,,
01/18/15    11:11:00,16 days 11:55:00,0.1V,5.2V,13.2V,13.2V,0.0A,0.0A,0.0A,-0.2A,,85.1F,,,,,,,
01/18/15    11:06:01,16 days 11:50:00,0.1V,5.2V,13.2V,13.2V,0.0A,0.0A,0.0A,-0.2A,,85.1F,,,,,,,
01/18/15    11:01:02,16 days 11:45:00,0.1V,5.2V,13.1V,13.1V,0.0A,0.0A,0.2A,-0.2A,,85.3F,,,,,,,
01/18/15    10:56:02,16 days 11:39:59,0.1V,5.2V,13.1V,13.1V,0.0A,0.0A,0.2A,-0.2A,,85.3F,,,,,,,
01/18/15    10:51:03,16 days 11:35:00,0.1V,5.2V,13.1V,13.1V,0.0A,0.0A,0.2A,-0.2A,,85.5F,,,,,,,
01/18/15    10:46:04,16 days 11:30:00,0.1V,5.2V,13.1V,13.1V,0.0A,0.0A,0.2A,-0.2A,,85.5F,,,,,,,
01/18/15    10:41:05,16 days 11:25:00,0.1V,5.2V,13.1V,13.1V,0.0A,0.0A,0.2A,-0.2A,,85.6F,,,,,,,
01/18/15    10:36:05,16 days 11:20:00,0.1V,5.2V,13.1V,13.1V,0.0A,0.0A,0.2A,-0.2A,,85.6F,,,,,,,
01/18/15    10:31:06,16 days 11:15:00,0.1V,5.2V,13.1V,13.1V,0.0A,0.0A,0.2A,-0.2A,,85.8F,,,,,,,
01/18/15    10:26:06,16 days 11:09:59,0.1V,5.2V,13.1V,13.1V,0.0A,0.0A,0.2A,-0.2A,,85.8F,,,,,,,
01/18/15    10:21:07,16 days 11:05:00,0.1V,5.2V,13.1V,13.1V,0.0A,0.0A,0.2A,-0.2A,,86.0F,,,,,,,
01/18/15    10:16:08,16 days 11:00:00,0.1V,5.2V,13.1V,13.1V,0.0A,0.0A,0.2A,-0.2A,,86.0F,,,,,,,
01/18/15    10:11:09,16 days 10:55:00,0.1V,5.2V,13.1V,13.1V,0.0A,0.0A,0.2A,-0.2A,,86.2F,,,,,,,
01/18/15    10:06:09,16 days 10:49:59,0.1V,5.2V,13.1V,13.1V,0.0A,0.0A,0.2A,-0.2A,,86.2F,,,,,,,
01/18/15    10:01:10,16 days 10:45:00,0.1V,5.2V,13.2V,13.2V,0.0A,0.0A,0.0A,-0.2A,,86.4F,,,,,,,
01/18/15    09:56:11,16 days 10:40:00,0.1V,5.2V,13.2V,13.2V,0.0A,0.0A,0.0A,-0.2A,,86.5F,,,,,,,
01/18/15    09:51:12,16 days 10:35:00,0.1V,5.2V,13.2V,13.2V,0.0A,0.0A,0.0A,-0.2A,,86.7F,,,,,,,
01/18/15    09:46:12,16 days 10:29:59,0.2V,5.2V,13.2V,13.2V,0.0A,0.0A,0.0A,-0.2A,,86.7F,,,,,,,
01/18/15    09:41:13,16 days 10:24:59,0.3V,4.7V,13.1V,13.1V,0.4A,0.0A,0.0A,-0.2A,,86.9F,,,,,,,
01/18/15    09:36:14,16 days 10:20:00,0.4V,4.7V,13.0V,13.0V,0.4A,0.0A,0.2A,-0.2A,,87.1F,,,,,,,
01/18/15    09:31:15,16 days 10:15:00,1.0V,4.7V,13.1V,13.1V,0.4A,0.0A,0.0A,-0.2A,,87.1F,,,,,,,
01/18/15    09:26:15,16 days 10:10:00,2.9V,4.7V,13.1V,13.1V,0.4A,0.0A,0.0A,-0.2A,,87.3F,,,,,,,
01/18/15    09:21:16,16 days 10:05:00,6.5V,4.7V,13.1V,13.1V,0.4A,0.0A,0.0A,-0.2A,,87.3F,,,,,,,
01/18/15    09:16:17,16 days 10:00:00,10.7V,4.6V,13.1V,13.1V,0.6A,0.0A,0.0A,-0.2A,,87.4F,,,,,,,
01/18/15    09:11:17,16 days 09:55:00,12.9V,4.6V,13.1V,13.1V,0.6A,0.0A,0.0A,-0.2A,,87.6F,,,,,,,
01/18/15    09:06:18,16 days 09:50:00,13.1V,4.6V,13.1V,13.1V,0.6A,0.0A,0.0A,-0.2A,,87.6F,,,,,,,
01/18/15    09:01:19,16 days 09:45:00,13.2V,4.6V,13.1V,13.1V,0.6A,0.0A,0.0A,-0.2A,,87.8F,,,,,,,
01/18/15    08:56:19,16 days 09:39:59,14.1V,4.6V,13.1V,13.1V,0.6A,0.0A,0.0A,-0.2A,,88.0F,,,,,,,
01/18/15    08:51:20,16 days 09:35:00,13.6V,4.6V,13.1V,13.1V,0.6A,0.0A,0.0A,-0.2A,,88.0F,,,,,,,
01/18/15    08:46:21,16 days 09:30:00,13.6V,4.6V,13.1V,13.1V,0.6A,0.0A,0.0A,-0.2A,,88.2F,,,,,,,
01/18/15    08:41:21,16 days 09:25:00,13.8V,4.6V,13.2V,13.1V,0.6A,0.0A,0.0A,-0.2A,,88.3F,,,,,,,
01/18/15    08:36:22,16 days 09:20:00,14.3V,4.8V,13.2V,13.2V,0.1A,0.0A,0.0A,-0.2A,,88.3F,,,,,,,
01/18/15    08:31:22,16 days 09:14:59,14.5V,4.8V,13.3V,13.2V,0.1A,0.0A,0.0A,-0.2A,,88.5F,,,,,,,
01/18/15    08:26:23,16 days 09:10:00,13.7V,4.8V,13.2V,13.2V,0.1A,0.0A,0.0A,-0.2A,,88.7F,,,,,,,
01/18/15    08:21:24,16 days 09:05:00,13.7V,4.8V,13.2V,13.2V,0.1A,0.0A,0.0A,-0.2A,,88.7F,,,,,,,
01/18/15    08:16:25,16 days 09:00:00,13.7V,4.8V,13.2V,13.2V,0.1A,0.0A,0.0A,-0.2A,,88.9F,,,,,,,
01/18/15    08:11:25,16 days 08:55:00,14.9V,4.8V,13.3V,13.3V,0.2A,0.0A,0.0A,-0.2A,,89.1F,,,,,,,
01/18/15    08:06:26,16 days 08:50:00,15.1V,4.8V,13.3V,13.3V,0.2A,0.0A,0.0A,-0.2A,,89.1F,,,,,,,
01/18/15    08:01:27,16 days 08:45:00,14.2V,4.7V,13.3V,13.3V,0.2A,0.0A,0.0A,-0.2A,,89.1F,,,,,,,
01/18/15    07:56:28,16 days 08:40:00,14.5V,4.8V,13.4V,13.4V,0.2A,0.0A,0.0A,-0.2A,,89.2F,,,,,,,
01/18/15    07:51:28,16 days 08:35:00,15.5V,4.7V,13.7V,13.6V,0.4A,0.0A,0.0A,-0.2A,,89.2F,,,,,,,
01/18/15    07:46:29,16 days 08:30:00,15.0V,4.7V,13.6V,13.6V,0.3A,0.0A,0.0A,-0.2A,,89.4F,,,,,,,
01/18/15    07:41:29,16 days 08:24:59,14.4V,4.5V,14.0V,13.9V,0.1A,0.0A,0.0A,-0.2A,,89.4F,,,,,,,
01/18/15    07:36:30,16 days 08:19:59,21.0V,4.8V,14.3V,14.2V,0.1A,0.0A,0.0A,-0.2A,,89.6F,,,,,,,
01/18/15    07:31:31,16 days 08:15:00,20.4V,4.8V,14.3V,14.2V,0.1A,0.0A,0.0A,-0.2A,,89.6F,,,,,,,
01/18/15    07:26:32,16 days 08:10:00,21.2V,4.8V,14.3V,14.2V,0.1A,0.0A,0.0A,-0.2A,,89.6F,,,,,,,
01/18/15    07:21:32,16 days 08:04:59,18.4V,4.8V,14.3V,14.2V,0.1A,0.0A,0.0A,-0.2A,,89.6F,,,,,,,
01/18/15    07:16:33,16 days 07:59:59,20.9V,4.8V,14.3V,14.3V,0.1A,0.0A,0.0A,-0.2A,,89.6F,,,,,,,
01/18/15    07:11:34,16 days 07:55:00,21.4V,4.8V,14.3V,14.2V,0.1A,0.0A,0.0A,-0.2A,,89.6F,,,,,,,
01/18/15    07:06:35,16 days 07:50:00,14.9V,4.7V,14.0V,14.0V,0.2A,0.0A,0.0A,-0.2A,,89.6F,,,,,,,
01/18/15    07:01:36,16 days 07:45:00,21.3V,4.7V,14.3V,14.3V,0.2A,0.0A,0.0A,-0.2A,,89.6F,,,,,,,
01/18/15    06:56:36,16 days 07:39:59,14.6V,4.7V,13.8V,13.7V,0.2A,0.0A,0.0A,-0.2A,,89.6F,,,,,,,
01/18/15    06:51:37,16 days 07:35:00,15.5V,4.7V,14.2V,14.1V,0.2A,0.0A,0.0A,-0.2A,,89.6F,,,,,,,
01/18/15    06:46:38,16 days 07:30:00,19.9V,4.7V,14.3V,14.3V,0.2A,0.0A,0.0A,-0.2A,,89.6F,,,,,,,
01/18/15    06:41:38,16 days 07:25:00,20.7V,4.7V,14.3V,14.3V,0.2A,0.0A,0.0A,-0.2A,,89.6F,,,,,,,
01/18/15    06:36:39,16 days 07:20:00,16.0V,4.7V,14.2V,14.1V,0.2A,0.0A,0.0A,-0.2A,,89.4F,,,,,,,
01/18/15    06:31:39,16 days 07:14:59,20.7V,4.7V,14.3V,14.3V,0.2A,0.0A,0.0A,-0.2A,,89.4F,,,,,,,
01/18/15    06:26:40,16 days 07:10:00,21.0V,4.7V,14.3V,14.3V,0.2A,0.0A,0.0A,-0.2A,,89.2F,,,,,,,
01/18/15    06:21:41,16 days 07:05:00,21.0V,4.7V,14.3V,14.2V,0.2A,0.0A,0.0A,-0.2A,,89.2F,,,,,,,
01/18/15    06:16:41,16 days 07:00:00,14.8V,4.7V,13.6V,13.6V,0.2A,0.0A,0.0A,-0.2A,,89.1F,,,,,,,
01/18/15    06:11:42,16 days 06:55:00,15.9V,4.7V,13.7V,13.7V,0.2A,0.0A,0.0A,-0.2A,,89.1F,,,,,,,
01/18/15    06:06:42,16 days 06:50:00,14.7V,4.7V,13.7V,13.6V,0.2A,0.0A,0.0A,-0.2A,,88.9F,,,,,,,
01/18/15    06:01:43,16 days 06:45:00,16.2V,4.7V,14.2V,14.1V,0.2A,0.0A,0.0A,-0.2A,,88.9F,,,,,,,
01/18/15    05:56:43,16 days 06:40:00,16.5V,4.7V,14.1V,14.0V,0.2A,0.0A,0.0A,-0.2A,,88.7F,,,,,,,
01/18/15    05:51:44,16 days 06:35:00,14.9V,4.7V,13.5V,13.4V,0.2A,0.0A,0.0A,-0.2A,,88.7F,,,,,,,
01/18/15    05:46:44,16 days 06:30:00,15.0V,4.7V,13.4V,13.4V,0.2A,0.0A,0.0A,-0.2A,,88.7F,,,,,,,
01/18/15    05:41:45,16 days 06:25:00,14.8V,4.7V,13.4V,13.3V,0.2A,0.0A,0.0A,-0.2A,,88.7F,,,,,,,
01/18/15    05:36:45,16 days 06:20:00,14.8V,4.7V,13.4V,13.3V,0.2A,0.0A,0.0A,-0.2A,,88.7F,,,,,,,
01/18/15    05:31:46,16 days 06:15:00,14.8V,4.7V,13.5V,13.4V,0.2A,0.0A,0.0A,-0.2A,,88.5F,,,,,,,
01/18/15    05:26:47,16 days 06:10:00,14.7V,4.7V,13.5V,13.4V,0.2A,0.0A,0.0A,-0.2A,,88.5F,,,,,,,
01/18/15    05:21:48,16 days 06:05:00,14.7V,4.7V,13.4V,13.4V,0.2A,0.0A,0.0A,-0.2A,,88.5F,,,,,,,
01/18/15    05:16:48,16 days 05:59:59,16.1V,4.7V,13.5V,13.5V,0.3A,0.0A,0.0A,-0.2A,,88.3F,,,,,,,
01/18/15    05:11:49,16 days 05:55:00,14.4V,4.7V,13.4V,13.3V,0.3A,0.0A,0.0A,-0.2A,,88.2F,,,,,,,
01/18/15    05:06:50,16 days 05:50:00,20.9V,4.7V,13.6V,13.6V,0.3A,0.0A,0.0A,-0.2A,,88.0F,,,,,,,
01/18/15    05:01:51,16 days 05:45:00,18.9V,4.7V,13.9V,13.9V,0.3A,0.0A,0.0A,-0.2A,,87.8F,,,,,,,
01/18/15    04:56:51,16 days 05:40:00,16.0V,4.7V,13.9V,13.9V,0.3A,0.0A,0.0A,-0.2A,,87.6F,,,,,,,
01/18/15    04:51:52,16 days 05:35:00,14.8V,4.7V,13.6V,13.5V,0.3A,0.0A,0.0A,-0.2A,,87.4F,,,,,,,
01/18/15    04:46:53,16 days 05:30:00,19.1V,4.7V,13.9V,13.9V,0.3A,0.0A,0.0A,-0.2A,,87.3F,,,,,,,
01/18/15    04:41:53,16 days 05:25:00,19.5V,4.7V,13.9V,13.9V,0.3A,0.0A,0.0A,-0.2A,,87.3F,,,,,,,
01/18/15    04:36:54,16 days 05:20:00,15.0V,4.7V,13.4V,13.3V,0.3A,0.0A,0.0A,-0.2A,,87.3F,,,,,,,
01/18/15    04:31:55,16 days 05:15:00,15.0V,4.7V,13.4V,13.4V,0.3A,0.0A,0.0A,-0.2A,,87.1F,,,,,,,
01/18/15    04:26:55,16 days 05:10:00,15.0V,4.7V,13.4V,13.4V,0.3A,0.0A,0.0A,-0.2A,,87.1F,,,,,,,
01/18/15    04:21:56,16 days 05:05:00,15.3V,4.7V,13.5V,13.4V,0.3A,0.0A,0.0A,-0.2A,,86.9F,,,,,,,
01/18/15    04:16:56,16 days 04:59:59,16.2V,4.7V,13.6V,13.5V,0.3A,0.0A,0.0A,-0.2A,,86.9F,,,,,,,
01/18/15    04:11:57,16 days 04:55:00,14.9V,4.7V,13.4V,13.4V,0.3A,0.0A,0.0A,-0.2A,,86.7F,,,,,,,
01/18/15    04:06:58,16 days 04:50:00,14.9V,4.7V,13.4V,13.4V,0.3A,0.0A,0.0A,-0.2A,,86.5F,,,,,,,
01/18/15    04:01:58,16 days 04:45:00,15.9V,4.7V,13.6V,13.5V,0.3A,0.0A,0.0A,-0.2A,,86.4F,,,,,,,
01/18/15    03:56:59,16 days 04:40:00,15.5V,4.6V,13.7V,13.6V,0.4A,0.0A,0.0A,-0.2A,,86.0F,,,,,,,
01/18/15    03:51:59,16 days 04:34:59,18.9V,5.1V,14.0V,13.9V,0.0A,0.0A,0.0A,-0.2A,,85.8F,,,,,,,
01/18/15    03:47:00,16 days 04:30:00,14.8V,0.3V,13.4V,13.4V,0.0A,0.0A,0.0A,-0.2A,,85.6F,,,,,,,
01/18/15    03:42:00,16 days 04:24:59,19.3V,0.3V,13.9V,13.8V,0.0A,0.0A,0.0A,-0.2A,,85.5F,,,,,,,
01/18/15    03:37:01,16 days 04:20:00,20.8V,0.3V,13.4V,13.3V,0.0A,0.0A,0.0A,-0.2A,,85.5F,,,,,,,
01/18/15    03:32:01,16 days 04:14:59,15.2V,0.3V,13.3V,13.2V,0.0A,0.0A,0.0A,-0.2A,,85.3F,,,,,,,
01/18/15    03:27:02,16 days 04:09:59,15.1V,0.3V,13.3V,13.3V,0.0A,0.0A,0.0A,-0.2A,,85.3F,,,,,,,
01/18/15    03:22:03,16 days 04:05:00,15.1V,0.3V,13.3V,13.3V,0.0A,0.0A,0.0A,-0.2A,,85.3F,,,,,,,
01/18/15    03:17:04,16 days 04:00:00,15.8V,0.3V,13.4V,13.4V,0.0A,0.0A,0.0A,-0.2A,,85.3F,,,,,,,
01/18/15    03:12:04,16 days 03:54:59,15.4V,0.3V,13.4V,13.4V,0.0A,0.0A,0.0A,-0.2A,,85.1F,,,,,,,
01/18/15    03:07:05,16 days 03:50:00,15.8V,0.3V,13.4V,13.3V,0.0A,0.0A,0.0A,-0.2A,,85.1F,,,,,,,
01/18/15    03:02:05,16 days 03:44:59,15.3V,0.3V,13.4V,13.3V,0.0A,0.0A,0.0A,-0.2A,,85.1F,,,,,,,
01/18/15    02:57:06,16 days 03:39:59,15.4V,0.3V,13.4V,13.4V,0.0A,0.0A,0.0A,-0.2A,,84.9F,,,,,,,
01/18/15    02:52:07,16 days 03:35:00,19.5V,0.3V,13.8V,13.7V,0.0A,0.0A,0.0A,-0.2A,,84.7F,,,,,,,
01/18/15    02:47:08,16 days 03:30:00,20.0V,0.3V,13.7V,13.6V,0.0A,0.0A,0.0A,-0.2A,,84.6F,,,,,,,
01/18/15    02:42:08,16 days 03:24:59,16.1V,0.3V,13.7V,13.6V,0.0A,0.0A,0.0A,-0.2A,,84.6F,,,,,,,
01/18/15    02:37:09,16 days 03:20:00,15.6V,0.3V,13.5V,13.4V,0.0A,0.0A,0.0A,-0.2A,,84.4F,,,,,,,
01/18/15    02:32:10,16 days 03:15:00,15.7V,0.3V,13.5V,13.5V,0.0A,0.0A,0.0A,-0.2A,,84.4F,,,,,,,
01/18/15    02:27:10,16 days 03:09:59,15.4V,0.3V,13.4V,13.3V,0.0A,0.0A,0.0A,-0.2A,,84.2F,,,,,,,
01/18/15    02:22:11,16 days 03:05:00,15.7V,0.3V,13.7V,13.6V,0.0A,0.0A,0.0A,-0.2A,,84.0F,,,,,,,
01/18/15    02:17:12,16 days 03:00:00,20.1V,0.3V,13.7V,13.6V,0.0A,0.0A,0.0A,-0.2A,,83.8F,,,,,,,
01/18/15    02:12:13,16 days 02:55:00,20.1V,0.3V,13.7V,13.6V,0.0A,0.0A,0.0A,-0.2A,,83.7F,,,,,,,
01/18/15    02:07:13,16 days 02:50:00,14.7V,0.3V,13.4V,13.4V,0.0A,0.0A,0.0A,-0.2A,,83.7F,,,,,,,
01/18/15    02:02:14,16 days 02:45:00,15.0V,5.2V,13.4V,13.4V,0.0A,0.0A,0.0A,-0.2A,,83.5F,,,,,,,
01/18/15    01:57:14,16 days 02:39:59,15.9V,5.2V,13.6V,13.5V,0.0A,0.0A,0.0A,-0.2A,,83.3F,,,,,,,
01/18/15    01:52:15,16 days 02:35:00,19.6V,5.2V,13.9V,13.8V,0.0A,0.0A,0.0A,-0.2A,,83.1F,,,,,,,
01/18/15    01:47:16,16 days 02:30:00,16.4V,5.2V,13.7V,13.6V,0.0A,0.0A,0.0A,-0.2A,,82.9F,,,,,,,
01/18/15    01:42:16,16 days 02:25:00,16.0V,5.2V,13.5V,13.5V,0.0A,0.0A,0.0A,-0.2A,,82.8F,,,,,,,
01/18/15    01:37:17,16 days 02:20:00,19.1V,5.2V,13.9V,13.8V,0.0A,0.0A,0.0A,-0.2A,,82.6F,,,,,,,
01/18/15    01:32:17,16 days 02:15:00,19.4V,5.2V,13.8V,13.8V,0.0A,0.0A,0.0A,-0.2A,,82.4F,,,,,,,
01/18/15    01:27:17,16 days 02:09:59,16.4V,5.2V,13.8V,13.7V,0.0A,0.0A,0.0A,-0.2A,,82.2F,,,,,,,
01/18/15    01:22:18,16 days 02:05:00,15.3V,5.2V,13.4V,13.4V,0.0A,0.0A,0.0A,-0.2A,,82.0F,,,,,,,
01/18/15    01:17:18,16 days 02:00:00,16.3V,5.2V,13.8V,13.8V,0.0A,0.0A,0.0A,-0.2A,,81.9F,,,,,,,
01/18/15    01:12:19,16 days 01:55:00,19.8V,5.2V,13.8V,13.8V,0.0A,0.0A,0.0A,-0.2A,,81.5F,,,,,,,
01/18/15    01:07:19,16 days 01:50:00,19.1V,5.2V,13.9V,13.8V,0.0A,0.0A,0.0A,-0.2A,,81.3F,,,,,,,
01/18/15    01:02:19,16 days 01:45:00,19.2V,5.2V,13.8V,13.8V,0.0A,0.0A,0.0A,-0.2A,,81.0F,,,,,,,
01/18/15    00:57:19,16 days 01:39:59,19.1V,5.2V,13.8V,13.8V,0.0A,0.0A,0.0A,-0.2A,,80.8F,,,,,,,
01/18/15    00:52:20,16 days 01:35:00,19.1V,5.2V,13.8V,13.7V,0.0A,0.0A,0.0A,-0.2A,,80.6F,,,,,,,
01/18/15    00:47:20,16 days 01:29:59,15.8V,5.2V,13.4V,13.4V,0.0A,0.0A,0.0A,-0.2A,,80.4F,,,,,,,
01/18/15    00:42:21,16 days 01:25:00,15.8V,5.2V,13.7V,13.6V,0.0A,0.0A,0.0A,-0.2A,,80.2F,,,,,,,
01/18/15    00:37:21,16 days 01:19:59,15.4V,5.2V,13.4V,13.4V,0.0A,0.0A,0.0A,-0.2A,,80.1F,,,,,,,
01/18/15    00:32:22,16 days 01:15:00,15.1V,5.2V,13.4V,13.3V,0.0A,0.0A,0.0A,-0.2A,,79.7F,,,,,,,
01/18/15    00:27:22,16 days 01:09:59,19.0V,5.2V,13.8V,13.8V,0.0A,0.0A,0.0A,-0.2A,,79.5F,,,,,,,
01/18/15    00:22:23,16 days 01:05:00,15.9V,5.2V,13.7V,13.7V,0.0A,0.0A,0.0A,-0.2A,,79.2F,,,,,,,
01/18/15    00:17:23,16 days 01:00:00,16.1V,5.2V,13.7V,13.7V,0.0A,0.0A,0.0A,-0.2A,,79.0F,,,,,,,
01/18/15    00:12:23,16 days 00:54:59,15.9V,5.2V,13.5V,13.4V,0.0A,0.0A,0.0A,-0.2A,,78.8F,,,,,,,
01/18/15    00:07:24,16 days 00:50:00,16.1V,5.2V,13.5V,13.5V,0.0A,0.0A,0.0A,-0.2A,,78.6F,,,,,,,
01/18/15    00:02:24,16 days 00:45:00,15.5V,5.2V,13.4V,13.4V,0.0A,0.0A,0.0A,-0.2A,,78.6F,,,,,,,
01/17/15    23:57:25,16 days 00:40:00,15.6V,5.2V,13.5V,13.5V,0.0A,0.0A,0.0A,-0.2A,,78.4F,,,,,,,
01/17/15    23:52:25,16 days 00:35:00,16.5V,5.2V,13.6V,13.6V,0.0A,0.0A,0.0A,-0.2A,,78.4F,,,,,,,
01/17/15    23:47:25,16 days 00:30:00,15.6V,5.2V,13.4V,13.3V,0.0A,0.0A,0.0A,-0.2A,,78.3F,,,,,,,
01/17/15    23:42:25,16 days 00:24:59,15.5V,5.2V,13.4V,13.3V,0.0A,0.0A,0.0A,-0.2A,,78.3F,,,,,,,
01/17/15    23:37:26,16 days 00:20:00,15.5V,5.2V,13.4V,13.3V,0.0A,0.0A,0.0A,-0.2A,,78.3F,,,,,,,
01/17/15    23:32:26,16 days 00:15:00,16.0V,5.2V,13.4V,13.4V,0.0A,0.0A,0.0A,-0.2A,,78.3F,,,,,,,
01/17/15    23:27:26,16 days 00:09:59,16.2V,5.2V,13.6V,13.5V,0.0A,0.0A,0.0A,-0.2A,,78.1F,,,,,,,
01/17/15    23:22:27,16 days 00:05:00,15.4V,5.2V,13.3V,13.3V,0.0A,0.0A,0.0A,-0.2A,,78.1F,,,,,,,
01/17/15    23:17:27,16 days 00:00:00,15.3V,5.2V,13.3V,13.3V,0.0A,0.0A,0.0A,-0.2A,,77.9F,,,,,,,
01/17/15    23:12:27,15 days 23:54:59,15.7V,5.2V,13.5V,13.4V,0.0A,0.0A,0.0A,-0.2A,,77.7F,,,,,,,
01/17/15    23:07:28,15 days 23:50:00,15.7V,5.2V,13.4V,13.4V,0.0A,0.0A,0.0A,-0.2A,,77.5F,,,,,,,
01/17/15    23:02:28,15 days 23:45:00,15.6V,5.2V,13.5V,13.4V,0.0A,0.0A,0.0A,-0.2A,,77.5F,,,,,,,
01/17/15    22:57:28,15 days 23:39:59,15.6V,5.2V,13.4V,13.4V,0.0A,0.0A,0.0A,-0.2A,,77.4F,,,,,,,
01/17/15    22:52:29,15 days 23:35:00,20.3V,5.2V,13.3V,13.2V,0.0A,0.0A,0.0A,-0.2A,,77.4F,,,,,,,
01/17/15    22:47:29,15 days 23:30:00,15.7V,5.2V,13.4V,13.3V,0.0A,0.0A,0.0A,-0.2A,,77.2F,,,,,,,
01/17/15    22:42:29,15 days 23:24:59,15.5V,5.2V,13.3V,13.2V,0.0A,0.0A,0.0A,-0.2A,,77.2F,,,,,,,
01/17/15    22:37:30,15 days 23:20:00,15.4V,5.2V,13.2V,13.2V,0.0A,0.0A,0.0A,-0.2A,,77.0F,,,,,,,
01/17/15    22:32:30,15 days 23:15:00,15.6V,5.2V,13.2V,13.2V,0.0A,0.0A,0.0A,-0.2A,,77.0F,,,,,,,
01/17/15    22:27:30,15 days 23:09:59,15.4V,4.7V,13.0V,12.9V,0.9A,0.0A,0.0A,-0.2A,,76.6F,,,,,,,
01/17/15    22:22:30,15 days 23:04:59,15.3V,4.7V,12.9V,12.9V,0.9A,0.0A,0.0A,-0.2A,,76.5F,,,,,,,
01/17/15    22:17:31,15 days 23:00:00,15.3V,4.7V,12.9V,12.9V,0.9A,0.0A,0.0A,-0.2A,,76.3F,,,,,,,
01/17/15    22:12:31,15 days 22:55:00,15.2V,4.7V,12.9V,12.8V,0.9A,0.0A,0.0A,-0.2A,,76.1F,,,,,,,
01/17/15    22:07:31,15 days 22:49:59,15.1V,4.7V,12.8V,12.8V,0.9A,0.0A,0.0A,-0.2A,,75.9F,,,,,,,
01/17/15    22:02:32,15 days 22:45:00,15.1V,4.7V,12.8V,12.8V,0.9A,0.0A,0.0A,-0.2A,,75.7F,,,,,,,
01/17/15    21:57:32,15 days 22:40:00,15.0V,4.7V,12.8V,12.8V,0.9A,0.0A,0.0A,-0.2A,,75.6F,,,,,,,
01/17/15    21:52:32,15 days 22:35:00,15.6V,4.7V,12.8V,12.8V,0.9A,0.0A,0.0A,-0.2A,,75.4F,,,,,,,
01/17/15    21:47:32,15 days 22:29:59,14.7V,4.7V,12.8V,12.8V,0.9A,0.0A,0.0A,-0.2A,,75.4F,,,,,,,
01/17/15    21:42:33,15 days 22:25:00,14.6V,5.2V,13.1V,13.0V,0.0A,0.0A,0.0A,-0.2A,,75.4F,,,,,,,
01/17/15    21:37:33,15 days 22:20:00,14.4V,5.2V,13.0V,13.0V,0.0A,0.0A,0.0A,-0.2A,,75.4F,,,,,,,
01/17/15    21:32:33,15 days 22:14:59,14.2V,5.2V,13.0V,13.0V,0.0A,0.0A,0.0A,-0.2A,,75.4F,,,,,,,
01/17/15    21:27:33,15 days 22:09:59,13.6V,5.2V,13.0V,13.0V,0.0A,0.0A,0.0A,-0.2A,,75.6F,,,,,,,
01/17/15    21:22:34,15 days 22:05:00,13.5V,5.2V,13.0V,13.0V,0.0A,0.0A,0.0A,-0.2A,,75.6F,,,,,,,
01/17/15    21:17:34,15 days 22:00:00,13.5V,5.2V,13.0V,13.0V,0.0A,0.0A,0.0A,-0.2A,,75.7F,,,,,,,
01/17/15    21:12:34,15 days 21:55:00,13.4V,5.2V,13.0V,13.0V,0.0A,0.0A,0.0A,-0.2A,,75.7F,,,,,,,
01/17/15    21:07:34,15 days 21:50:00,13.0V,5.2V,13.0V,13.0V,0.0A,0.0A,0.0A,-0.2A,,75.9F,,,,,,,
01/17/15    21:02:35,15 days 21:45:00,12.4V,5.2V,13.0V,13.0V,0.0A,0.0A,0.0A,-0.2A,,75.9F,,,,,,,
01/17/15    20:57:35,15 days 21:40:00,8.9V,5.2V,13.0V,12.9V,0.0A,0.0A,0.0A,-0.2A,,76.1F,,,,,,,
01/17/15    20:52:35,15 days 21:35:00,4.0V,5.2V,13.0V,12.9V,0.0A,0.0A,0.0A,-0.2A,,76.3F,,,,,,,
01/17/15    20:47:35,15 days 21:29:59,1.4V,5.2V,13.0V,12.9V,0.0A,0.0A,0.0A,-0.2A,,76.3F,,,,,,,
01/17/15    20:42:36,15 days 21:25:00,0.5V,5.2V,13.0V,12.9V,0.0A,0.0A,0.0A,-0.2A,,76.5F,,,,,,,
01/17/15    20:37:36,15 days 21:20:00,0.2V,5.2V,13.0V,12.9V,0.0A,0.0A,0.0A,-0.2A,,76.5F,,,,,,,
01/17/15    20:32:37,15 days 21:15:00,0.1V,5.2V,13.0V,12.9V,0.0A,0.0A,0.0A,-0.2A,,76.5F,,,,,,,
01/17/15    20:27:37,15 days 21:10:00,0.1V,5.2V,12.9V,12.9V,0.0A,0.0A,0.0A,-0.2A,,76.5F,,,,,,,
01/17/15    20:22:37,15 days 21:05:00,0.1V,4.6V,12.8V,12.8V,0.7A,0.0A,0.0A,-0.2A,,76.5F,,,,,,,
01/17/15    20:17:37,15 days 20:59:59,0.1V,4.7V,12.9V,12.8V,0.4A,0.0A,0.0A,-0.2A,,76.6F,,,,,,,
01/17/15    20:12:38,15 days 20:55:00,0.1V,4.7V,12.9V,12.8V,0.4A,0.0A,0.0A,-0.2A,,76.6F,,,,,,,
01/17/15    20:07:38,15 days 20:50:00,0.1V,4.7V,12.9V,12.8V,0.4A,0.0A,0.0A,-0.2A,,76.6F,,,,,,,
01/17/15    20:02:38,15 days 20:45:00,0.1V,4.7V,12.9V,12.8V,0.4A,0.0A,0.0A,-0.2A,,76.6F,,,,,,,
01/17/15    19:57:38,15 days 20:39:59,0.1V,4.7V,12.9V,12.8V,0.4A,0.0A,0.0A,-0.2A,,76.8F,,,,,,,
01/17/15    19:52:39,15 days 20:35:00,0.1V,4.7V,12.9V,12.8V,0.4A,0.0A,0.0A,-0.2A,,76.8F,,,,,,,
01/17/15    19:47:39,15 days 20:30:00,0.1V,4.7V,12.9V,12.8V,0.4A,0.0A,0.0A,-0.2A,,76.8F,,,,,,,
01/17/15    19:42:39,15 days 20:25:00,0.1V,4.7V,12.9V,12.8V,0.4A,0.0A,0.0A,-0.2A,,76.8F,,,,,,,
01/17/15    19:37:39,15 days 20:19:59,0.1V,4.7V,12.9V,12.8V,0.4A,0.0A,0.0A,-0.2A,,77.0F,,,,,,,
01/17/15    19:32:39,15 days 20:14:59,0.1V,4.7V,12.9V,12.8V,0.4A,0.0A,0.0A,-0.2A,,77.0F,,,,,,,
01/17/15    19:27:40,15 days 20:10:00,0.1V,4.7V,12.9V,12.8V,0.4A,0.0A,0.0A,-0.2A,,77.0F,,,,,,,
01/17/15    19:22:40,15 days 20:05:00,0.1V,4.7V,12.9V,12.8V,0.4A,0.0A,0.0A,-0.2A,,77.2F,,,,,,,
01/17/15    19:17:40,15 days 19:59:59,0.1V,4.7V,12.9V,12.8V,0.4A,0.0A,0.0A,-0.2A,,77.2F,,,,,,,
01/17/15    19:12:41,15 days 19:55:00,0.1V,4.7V,12.9V,12.8V,0.4A,0.0A,0.0A,-0.2A,,77.2F,,,,,,,
01/17/15    19:07:41,15 days 19:50:00,0.1V,4.7V,12.9V,12.8V,0.4A,0.0A,0.0A,-0.2A,,77.4F,,,,,,,
01/17/15    19:02:41,15 days 19:45:00,0.2V,4.7V,12.9V,12.8V,0.4A,0.0A,0.0A,-0.2A,,77.4F,,,,,,,
01/17/15    18:57:42,15 days 19:40:00,0.2V,4.7V,12.9V,12.8V,0.4A,0.0A,0.0A,-0.2A,,77.4F,,,,,,,
01/17/15    18:52:42,15 days 19:35:00,0.2V,4.7V,12.9V,12.9V,0.4A,0.0A,0.0A,-0.2A,,77.4F,,,,,,,
01/17/15    18:47:42,15 days 19:30:00,0.2V,4.7V,12.9V,12.9V,0.3A,0.0A,0.0A,-0.2A,,77.5F,,,,,,,
01/17/15    18:42:42,15 days 19:24:59,0.2V,4.7V,12.9V,12.9V,0.3A,0.0A,0.0A,-0.2A,,77.5F,,,,,,,
01/17/15    18:37:43,15 days 19:20:00,0.2V,4.7V,12.9V,12.9V,0.4A,0.0A,0.0A,-0.2A,,77.7F,,,,,,,
01/17/15    18:32:43,15 days 19:15:00,0.2V,4.7V,12.9V,12.8V,0.4A,0.0A,0.0A,-0.2A,,77.7F,,,,,,,
01/17/15    18:27:44,15 days 19:10:00,0.2V,4.7V,12.9V,12.8V,0.5A,0.0A,0.0A,-0.2A,,77.7F,,,,,,,
01/17/15    18:22:44,15 days 19:05:00,0.2V,4.7V,12.9V,12.8V,0.4A,0.0A,0.0A,-0.2A,,77.9F,,,,,,,
01/17/15    18:17:44,15 days 18:59:59,0.2V,4.7V,12.9V,12.8V,0.4A,0.0A,0.0A,-0.2A,,77.9F,,,,,,,
01/17/15    18:12:45,15 days 18:55:00,0.2V,4.7V,12.9V,12.8V,0.4A,0.0A,0.0A,-0.2A,,77.9F,,,,,,,
01/17/15    18:07:45,15 days 18:50:00,0.2V,4.7V,12.9V,12.8V,0.4A,0.0A,0.0A,-0.2A,,78.1F,,,,,,,
01/17/15    18:02:45,15 days 18:44:59,0.2V,4.7V,12.9V,12.8V,0.4A,0.0A,0.0A,-0.2A,,78.1F,,,,,,,
01/17/15    17:57:46,15 days 18:40:00,0.2V,4.7V,12.9V,12.9V,0.4A,0.0A,0.0A,-0.2A,,78.1F,,,,,,,
01/17/15    17:52:46,15 days 18:35:00,0.2V,4.7V,12.9V,12.9V,0.4A,0.0A,0.0A,-0.2A,,78.1F,,,,,,,
01/17/15    17:47:46,15 days 18:30:00,0.2V,4.7V,12.9V,12.9V,0.4A,0.0A,0.0A,-0.2A,,78.3F,,,,,,,
01/17/15    17:42:46,15 days 18:24:59,0.2V,4.7V,12.9V,12.9V,0.4A,0.0A,0.0A,-0.2A,,78.3F,,,,,,,
01/17/15    17:37:46,15 days 18:19:59,0.2V,4.7V,12.9V,12.9V,0.4A,0.0A,0.0A,-0.2A,,78.4F,,,,,,,
01/17/15    17:32:47,15 days 18:15:00,0.2V,4.7V,12.9V,12.9V,0.4A,0.0A,0.0A,-0.2A,,78.4F,,,,,,,
01/17/15    17:27:47,15 days 18:10:00,0.2V,4.7V,12.9V,12.9V,0.4A,0.0A,0.0A,-0.2A,,78.4F,,,,,,,
01/17/15    17:22:48,15 days 18:05:00,0.2V,4.7V,12.9V,12.9V,0.4A,0.0A,0.0A,-0.2A,,78.6F,,,,,,,
01/17/15    17:17:48,15 days 18:00:00,0.3V,4.7V,12.9V,12.9V,0.4A,0.0A,0.0A,-0.2A,,78.6F,,,,,,,
01/17/15    17:12:48,15 days 17:55:00,0.3V,4.7V,12.9V,12.9V,0.4A,0.0A,0.0A,-0.2A,,78.6F,,,,,,,
01/17/15    17:07:48,15 days 17:49:59,0.3V,4.7V,12.9V,12.9V,0.4A,0.0A,0.0A,-0.2A,,78.8F,,,,,,,
01/17/15    17:02:49,15 days 17:45:00,0.2V,4.7V,12.9V,12.9V,0.4A,0.0A,0.0A,-0.2A,,78.8F,,,,,,,
01/17/15    16:57:49,15 days 17:40:00,0.2V,4.7V,12.9V,12.9V,0.4A,0.0A,0.0A,-0.2A,,78.8F,,,,,,,
01/17/15    16:52:49,15 days 17:34:59,0.2V,4.7V,12.9V,12.9V,0.4A,0.0A,0.0A,-0.2A,,79.0F,,,,,,,
01/17/15    16:47:49,15 days 17:29:59,0.2V,4.7V,12.9V,12.9V,0.4A,0.0A,0.0A,-0.2A,,79.0F,,,,,,,
01/17/15    16:42:50,15 days 17:25:00,0.3V,4.7V,12.9V,12.9V,0.4A,0.0A,0.0A,-0.2A,,79.0F,,,,,,,
01/17/15    16:37:50,15 days 17:20:00,0.2V,4.7V,12.9V,12.9V,0.4A,0.0A,0.0A,-0.2A,,79.2F,,,,,,,
01/17/15    16:32:50,15 days 17:14:59,0.2V,4.7V,12.9V,12.9V,0.4A,0.0A,0.0A,-0.2A,,79.2F,,,,,,,
01/17/15    16:27:51,15 days 17:10:00,0.3V,4.7V,12.9V,12.9V,0.4A,0.0A,0.0A,-0.2A,,79.2F,,,,,,,
01/17/15    16:22:51,15 days 17:05:00,0.3V,4.7V,12.9V,12.9V,0.4A,0.0A,0.0A,-0.2A,,79.3F,,,,,,,
01/17/15    16:17:51,15 days 16:59:59,0.2V,4.6V,12.9V,12.8V,0.7A,0.0A,0.0A,-0.2A,,79.3F,,,,,,,
01/17/15    16:12:52,15 days 16:55:00,0.3V,4.7V,12.9V,12.9V,0.4A,0.0A,0.0A,-0.2A,,79.3F,,,,,,,
01/17/15    16:07:51,15 days 16:49:59,0.3V,4.7V,12.9V,12.8V,0.7A,0.0A,0.0A,-0.2A,,79.5F,,,,,,,
01/17/15    16:02:52,15 days 16:45:00,0.3V,4.7V,12.9V,12.8V,0.7A,0.0A,0.0A,-0.2A,,79.5F,,,,,,,
01/17/15    15:57:52,15 days 16:40:00,0.3V,4.7V,12.9V,12.8V,0.7A,0.0A,0.0A,-0.2A,,79.5F,,,,,,,
01/17/15    15:52:53,15 days 16:35:00,0.3V,4.7V,12.9V,12.8V,0.7A,0.0A,0.0A,-0.2A,,79.7F,,,,,,,
01/17/15    15:47:53,15 days 16:30:00,0.3V,4.7V,12.9V,12.8V,0.7A,0.0A,0.0A,-0.2A,,79.7F,,,,,,,
01/17/15    15:42:53,15 days 16:25:00,0.3V,4.7V,12.9V,12.8V,0.7A,0.0A,0.0A,-0.2A,,79.7F,,,,,,,
01/17/15    15:37:53,15 days 16:19:59,0.3V,4.7V,12.9V,12.8V,0.7A,0.0A,0.0A,-0.2A,,79.9F,,,,,,,
01/17/15    15:32:54,15 days 16:15:00,0.3V,4.7V,12.9V,12.8V,0.7A,0.0A,0.0A,-0.2A,,79.9F,,,,,,,
01/17/15    15:27:54,15 days 16:10:00,0.3V,4.7V,12.9V,12.8V,0.7A,0.0A,0.0A,-0.2A,,79.9F,,,,,,,
01/17/15    15:22:54,15 days 16:04:59,0.3V,4.7V,12.9V,12.8V,0.7A,0.0A,0.0A,-0.2A,,80.1F,,,,,,,
01/17/15    15:17:55,15 days 16:00:00,0.3V,4.7V,12.9V,12.8V,0.7A,0.0A,0.0A,-0.2A,,80.1F,,,,,,,
01/17/15    15:12:55,15 days 15:55:00,0.3V,4.7V,12.9V,12.8V,0.7A,0.0A,0.0A,-0.2A,,80.2F,,,,,,,
01/17/15    15:07:56,15 days 15:50:00,0.3V,4.7V,12.9V,12.8V,0.7A,0.0A,0.0A,-0.2A,,80.2F,,,,,,,
01/17/15    15:02:56,15 days 15:45:00,0.2V,4.7V,12.9V,12.8V,0.7A,0.0A,0.0A,-0.2A,,80.2F,,,,,,,
01/17/15    14:57:56,15 days 15:40:00,0.2V,4.7V,12.9V,12.8V,0.7A,0.0A,0.0A,-0.2A,,80.2F,,,,,,,
01/17/15    14:52:56,15 days 15:34:59,0.2V,4.7V,12.9V,12.8V,0.7A,0.0A,0.0A,-0.2A,,80.4F,,,,,,,
01/17/15    14:47:57,15 days 15:30:00,0.2V,4.7V,12.9V,12.9V,0.7A,0.0A,0.0A,-0.2A,,80.4F,,,,,,,
01/17/15    14:42:57,15 days 15:25:00,0.2V,4.7V,12.9V,12.9V,0.7A,0.0A,0.0A,-0.2A,,80.4F,,,,,,,
01/17/15    14:37:58,15 days 15:20:00,0.2V,4.7V,12.9V,12.9V,0.7A,0.0A,0.0A,-0.2A,,80.4F,,,,,,,
01/17/15    14:32:58,15 days 15:15:00,0.2V,4.7V,12.9V,12.9V,0.7A,0.0A,0.0A,-0.2A,,80.4F,,,,,,,
01/17/15    14:27:58,15 days 15:10:00,0.2V,4.7V,12.9V,12.9V,0.7A,0.0A,0.0A,-0.2A,,80.4F,,,,,,,
01/17/15    14:22:58,15 days 15:04:59,0.2V,4.7V,12.9V,12.9V,0.7A,0.0A,0.0A,-0.2A,,80.4F,,,,,,,
01/17/15    14:17:59,15 days 15:00:00,0.2V,4.7V,12.9V,12.9V,0.7A,0.0A,0.0A,-0.2A,,80.6F,,,,,,,
01/17/15    14:12:59,15 days 14:54:59,0.2V,4.7V,12.9V,12.9V,0.7A,0.0A,0.0A,-0.2A,,80.6F,,,,,,,
01/17/15    14:08:00,15 days 14:50:00,0.3V,4.7V,12.9V,12.9V,0.7A,0.0A,0.0A,-0.2A,,80.6F,,,,,,,
01/17/15    14:03:00,15 days 14:44:59,0.4V,4.7V,12.9V,12.9V,0.7A,0.0A,0.0A,-0.2A,,80.8F,,,,,,,
01/17/15    13:58:01,15 days 14:40:00,0.3V,4.7V,12.9V,12.9V,0.7A,0.0A,0.0A,-0.2A,,80.8F,,,,,,,
01/17/15    13:53:01,15 days 14:34:59,0.2V,4.7V,12.9V,12.9V,0.7A,0.0A,0.0A,-0.2A,,80.8F,,,,,,,
01/17/15    13:48:02,15 days 14:30:00,0.3V,4.7V,12.9V,12.9V,0.7A,0.0A,0.0A,-0.2A,,81.0F,,,,,,,
01/17/15    13:43:02,15 days 14:24:59,0.3V,4.7V,13.0V,12.9V,0.7A,0.0A,0.0A,-0.2A,,81.0F,,,,,,,
01/17/15    13:38:03,15 days 14:20:00,0.3V,4.7V,13.0V,12.9V,0.7A,0.0A,0.0A,-0.2A,,81.0F,,,,,,,
01/17/15    13:33:03,15 days 14:15:00,0.2V,4.7V,13.0V,12.9V,0.7A,0.0A,0.0A,-0.2A,,81.0F,,,,,,,
01/17/15    13:28:04,15 days 14:10:00,0.2V,4.7V,13.0V,12.9V,0.7A,0.0A,0.0A,-0.2A,,81.1F,,,,,,,
01/17/15    13:23:04,15 days 14:05:00,0.2V,4.7V,13.0V,12.9V,0.7A,0.0A,0.0A,-0.2A,,81.1F,,,,,,,
01/17/15    13:18:05,15 days 14:00:00,0.2V,4.7V,13.0V,12.9V,0.7A,0.0A,0.0A,-0.2A,,81.1F,,,,,,,
01/17/15    13:13:05,15 days 13:55:00,0.3V,4.7V,13.0V,13.0V,0.7A,0.0A,0.0A,-0.2A,,81.3F,,,,,,,
01/17/15    13:08:06,15 days 13:50:00,0.2V,4.7V,13.0V,13.0V,0.7A,0.0A,0.0A,-0.2A,,81.3F,,,,,,,
01/17/15    13:03:06,15 days 13:45:00,0.3V,4.7V,13.0V,13.0V,0.7A,0.0A,0.0A,-0.2A,,81.3F,,,,,,,
01/17/15    12:58:07,15 days 13:40:00,0.3V,4.7V,13.0V,13.0V,0.7A,0.0A,0.0A,-0.2A,,81.5F,,,,,,,
01/17/15    12:53:07,15 days 13:35:00,0.2V,4.7V,13.0V,13.0V,0.7A,0.0A,0.0A,-0.2A,,81.5F,,,,,,,
01/17/15    12:48:08,15 days 13:30:00,0.2V,4.7V,13.0V,13.0V,0.7A,0.0A,0.0A,-0.2A,,81.5F,,,,,,,
01/17/15    12:43:08,15 days 13:25:00,0.3V,4.7V,13.0V,13.0V,0.6A,0.0A,0.0A,-0.2A,,81.7F,,,,,,,
01/17/15    12:38:09,15 days 13:20:00,0.3V,4.7V,13.0V,13.0V,0.6A,0.0A,0.0A,-0.2A,,81.7F,,,,,,,
01/17/15    12:33:09,15 days 13:15:00,0.3V,4.7V,13.0V,13.0V,0.7A,0.0A,0.0A,-0.2A,,81.9F,,,,,,,
01/17/15    12:28:09,15 days 13:09:59,0.3V,4.7V,13.0V,13.0V,0.7A,0.0A,0.0A,-0.2A,,81.9F,,,,,,,
01/17/15    12:23:10,15 days 13:05:00,0.3V,4.7V,13.0V,13.0V,0.7A,0.0A,0.0A,-0.2A,,81.9F,,,,,,,
01/17/15    12:18:10,15 days 13:00:00,0.3V,4.7V,13.0V,13.0V,0.7A,0.0A,0.0A,-0.2A,,81.9F,,,,,,,
01/17/15    12:13:11,15 days 12:55:00,0.3V,4.7V,13.1V,13.0V,0.6A,0.0A,0.0A,-0.2A,,81.9F,,,,,,,
01/17/15    12:08:11,15 days 12:50:00,0.3V,4.7V,13.0V,12.9V,1.0A,0.0A,0.0A,-0.2A,,81.7F,,,,,,,
01/17/15    12:03:12,15 days 12:45:00,0.2V,4.7V,13.0V,12.9V,1.0A,0.0A,0.0A,-0.2A,,81.7F,,,,,,,
01/17/15    11:58:12,15 days 12:40:00,0.2V,4.7V,13.0V,12.9V,1.0A,0.0A,0.0A,-0.2A,,81.7F,,,,,,,
01/17/15    11:53:13,15 days 12:35:00,0.3V,4.7V,13.0V,12.9V,1.0A,0.0A,0.0A,-0.2A,,81.5F,,,,,,,
01/17/15    11:48:13,15 days 12:30:00,0.1V,4.7V,13.0V,13.0V,1.0A,0.0A,0.0A,-0.2A,,81.5F,,,,,,,
01/17/15    11:43:13,15 days 12:24:59,0.1V,5.2V,13.2V,13.2V,0.0A,0.0A,0.0A,-0.2A,,81.7F,,,,,,,
01/17/15    11:38:14,15 days 12:20:00,0.1V,5.2V,13.2V,13.2V,0.0A,0.0A,0.0A,-0.2A,,81.7F,,,,,,,
01/17/15    11:33:14,15 days 12:14:59,0.1V,5.2V,13.2V,13.2V,0.0A,0.0A,0.0A,-0.2A,,81.7F,,,,,,,
01/17/15    11:28:15,15 days 12:10:00,0.1V,5.2V,13.2V,13.2V,0.0A,0.0A,0.0A,-0.2A,,81.9F,,,,,,,
01/17/15    11:23:15,15 days 12:04:59,0.1V,5.2V,13.2V,13.2V,0.0A,0.0A,0.0A,-0.2A,,81.9F,,,,,,,
01/17/15    11:18:16,15 days 12:00:00,0.1V,5.2V,13.2V,13.2V,0.0A,0.0A,0.0A,-0.2A,,82.0F,,,,,,,
01/17/15    11:13:16,15 days 11:54:59,0.1V,5.2V,13.2V,13.2V,0.0A,0.0A,0.0A,-0.2A,,82.0F,,,,,,,
01/17/15    11:08:17,15 days 11:50:00,0.1V,5.2V,13.2V,13.2V,0.0A,0.0A,0.0A,-0.2A,,82.2F,,,,,,,
01/17/15    11:03:18,15 days 11:45:00,0.1V,5.2V,13.2V,13.2V,0.0A,0.0A,0.0A,-0.2A,,82.2F,,,,,,,
01/17/15    10:58:19,15 days 11:40:00,0.1V,5.2V,13.2V,13.2V,0.0A,0.0A,0.0A,-0.2A,,82.2F,,,,,,,
01/17/15    10:53:19,15 days 11:35:00,0.1V,5.2V,13.1V,13.1V,0.0A,0.0A,0.2A,-0.2A,,82.2F,,,,,,,
01/17/15    10:48:20,15 days 11:30:00,0.1V,5.2V,13.1V,13.1V,0.0A,0.0A,0.2A,-0.2A,,82.4F,,,,,,,
01/17/15    10:43:20,15 days 11:25:00,0.1V,5.2V,13.1V,13.1V,0.0A,0.0A,0.2A,-0.2A,,82.4F,,,,,,,
01/17/15    10:38:21,15 days 11:20:00,0.1V,5.2V,13.1V,13.1V,0.0A,0.0A,0.2A,-0.2A,,82.4F,,,,,,,
01/17/15    10:33:21,15 days 11:15:00,0.1V,5.2V,13.1V,13.1V,0.0A,0.0A,0.2A,-0.2A,,82.4F,,,,,,,
01/17/15    10:28:22,15 days 11:10:00,0.1V,5.2V,13.1V,13.1V,0.0A,0.0A,0.2A,-0.2A,,82.4F,,,,,,,
01/17/15    10:23:22,15 days 11:05:00,0.1V,5.2V,13.1V,13.1V,0.0A,0.0A,0.2A,-0.2A,,82.6F,,,,,,,
01/17/15    10:18:23,15 days 11:00:00,0.1V,5.2V,13.1V,13.1V,0.0A,0.0A,0.2A,-0.2A,,82.6F,,,,,,,
01/17/15    10:13:23,15 days 10:54:59,0.1V,5.2V,13.1V,13.1V,0.0A,0.0A,0.2A,-0.2A,,82.6F,,,,,,,
01/17/15    10:08:24,15 days 10:50:00,0.1V,5.2V,13.1V,13.1V,0.0A,0.0A,0.2A,-0.2A,,82.8F,,,,,,,
01/17/15    10:03:24,15 days 10:44:59,0.1V,5.2V,13.2V,13.2V,0.0A,0.0A,0.0A,-0.2A,,82.9F,,,,,,,
01/17/15    09:58:25,15 days 10:40:00,0.1V,5.2V,13.2V,13.2V,0.0A,0.0A,0.0A,-0.2A,,83.1F,,,,,,,
01/17/15    09:53:25,15 days 10:34:59,0.1V,5.2V,13.2V,13.2V,0.0A,0.0A,0.0A,-0.2A,,83.3F,,,,,,,
01/17/15    09:48:26,15 days 10:30:00,0.1V,5.2V,13.2V,13.2V,0.0A,0.0A,0.0A,-0.2A,,83.3F,,,,,,,
01/17/15    09:43:27,15 days 10:25:00,0.2V,4.7V,13.0V,12.9V,0.7A,0.0A,0.2A,-0.2A,,83.3F,,,,,,,
01/17/15    09:38:27,15 days 10:19:59,0.2V,4.7V,13.1V,13.0V,0.7A,0.0A,0.0A,-0.2A,,83.5F,,,,,,,
01/17/15    09:33:28,15 days 10:15:00,0.2V,4.7V,13.0V,13.0V,0.8A,0.0A,0.0A,-0.2A,,83.5F,,,,,,,
01/17/15    09:28:29,15 days 10:10:00,0.3V,4.7V,13.0V,13.0V,0.8A,0.0A,0.0A,-0.2A,,83.5F,,,,,,,
01/17/15    09:23:29,15 days 10:05:00,1.1V,4.7V,13.0V,13.0V,0.8A,0.0A,0.0A,-0.2A,,83.7F,,,,,,,
01/17/15    09:18:30,15 days 10:00:00,3.7V,4.7V,13.0V,13.0V,0.8A,0.0A,0.0A,-0.2A,,83.7F,,,,,,,
01/17/15    09:13:30,15 days 09:54:59,7.1V,4.7V,13.0V,13.0V,0.8A,0.0A,0.0A,-0.2A,,83.7F,,,,,,,
01/17/15    09:08:32,15 days 09:50:00,10.6V,4.7V,13.0V,13.0V,0.8A,0.0A,0.0A,-0.2A,,83.8F,,,,,,,
01/17/15    09:03:32,15 days 09:44:59,12.8V,4.7V,13.0V,13.0V,0.8A,0.0A,0.0A,-0.2A,,83.8F,,,,,,,
01/17/15    08:58:33,15 days 09:40:00,13.0V,4.7V,13.0V,13.0V,0.8A,0.0A,0.0A,-0.2A,,84.0F,,,,,,,
01/17/15    08:53:34,15 days 09:35:00,13.1V,4.7V,13.0V,13.0V,0.8A,0.0A,0.0A,-0.2A,,84.0F,,,,,,,
01/17/15    08:48:35,15 days 09:30:00,13.3V,4.7V,13.1V,13.0V,0.8A,0.0A,0.0A,-0.2A,,84.2F,,,,,,,
01/17/15    08:43:36,15 days 09:25:00,13.6V,4.7V,13.1V,13.1V,0.5A,0.0A,0.0A,-0.2A,,84.2F,,,,,,,
01/17/15    08:38:36,15 days 09:19:59,13.6V,4.7V,13.1V,13.0V,0.5A,0.0A,0.0A,-0.2A,,84.2F,,,,,,,
01/17/15    08:33:37,15 days 09:15:00,13.6V,4.7V,13.1V,13.1V,0.5A,0.0A,0.0A,-0.2A,,84.4F,,,,,,,
01/17/15    08:28:38,15 days 09:10:00,13.6V,4.7V,13.1V,13.1V,0.5A,0.0A,0.0A,-0.2A,,84.4F,,,,,,,
01/17/15    08:23:39,15 days 09:05:00,13.6V,4.7V,13.1V,13.1V,0.5A,0.0A,0.0A,-0.2A,,84.6F,,,,,,,
01/17/15    08:18:39,15 days 08:59:59,13.6V,4.7V,13.1V,13.1V,0.5A,0.0A,0.0A,-0.2A,,84.7F,,,,,,,
01/17/15    08:13:40,15 days 08:54:59,13.6V,4.7V,13.1V,13.1V,0.5A,0.0A,0.0A,-0.2A,,84.7F,,,,,,,
01/17/15    08:08:41,15 days 08:50:00,13.6V,4.7V,13.1V,13.1V,0.4A,0.0A,0.0A,-0.2A,,84.9F,,,,,,,
01/17/15    08:03:42,15 days 08:45:00,13.7V,4.7V,13.1V,13.1V,0.4A,0.0A,0.0A,-0.2A,,84.9F,,,,,,,
01/17/15    07:58:42,15 days 08:39:59,13.6V,4.7V,13.1V,13.1V,0.4A,0.0A,0.0A,-0.2A,,85.1F,,,,,,,
01/17/15    07:53:43,15 days 08:35:00,13.6V,4.7V,13.1V,13.1V,0.5A,0.0A,0.0A,-0.2A,,85.1F,,,,,,,
01/17/15    07:48:44,15 days 08:30:00,14.0V,4.7V,13.2V,13.1V,0.4A,0.0A,0.0A,-0.2A,,85.3F,,,,,,,
01/17/15    07:43:45,15 days 08:25:00,13.9V,4.7V,13.2V,13.1V,0.4A,0.0A,0.0A,-0.2A,,85.3F,,,,,,,
01/17/15    07:38:45,15 days 08:19:59,18.6V,4.7V,13.2V,13.1V,0.4A,0.0A,0.0A,-0.2A,,85.5F,,,,,,,
01/17/15    07:33:46,15 days 08:15:00,13.6V,4.7V,13.2V,13.1V,0.5A,0.0A,0.0A,-0.2A,,85.6F,,,,,,,
01/17/15    07:28:46,15 days 08:09:59,13.7V,4.7V,13.2V,13.1V,0.4A,0.0A,0.0A,-0.2A,,85.8F,,,,,,,
01/17/15    07:23:47,15 days 08:05:00,13.7V,4.7V,13.2V,13.1V,0.4A,0.0A,0.0A,-0.2A,,86.0F,,,,,,,
01/17/15    07:18:48,15 days 08:00:00,13.7V,4.7V,13.2V,13.1V,0.4A,0.0A,0.0A,-0.2A,,86.2F,,,,,,,
01/17/15    07:13:49,15 days 07:55:00,14.1V,4.7V,13.2V,13.1V,0.4A,0.0A,0.0A,-0.2A,,86.5F,,,,,,,
01/17/15    07:08:49,15 days 07:50:00,14.3V,4.7V,13.2V,13.2V,0.4A,0.0A,0.0A,-0.2A,,86.7F,,,,,,,
01/17/15    07:03:50,15 days 07:45:00,14.2V,4.7V,13.2V,13.2V,0.4A,0.0A,0.0A,-0.2A,,86.9F,,,,,,,
01/17/15    06:58:50,15 days 07:39:59,13.9V,4.7V,13.2V,13.2V,0.4A,0.0A,0.0A,-0.2A,,86.9F,,,,,,,
01/17/15    06:53:51,15 days 07:35:00,14.1V,4.7V,13.3V,13.3V,0.4A,0.0A,0.0A,-0.2A,,87.1F,,,,,,,
01/17/15    06:48:51,15 days 07:29:59,14.6V,4.7V,13.8V,13.7V,0.5A,0.0A,0.0A,-0.2A,,87.1F,,,,,,,
01/17/15    06:43:52,15 days 07:25:00,18.0V,4.8V,14.4V,14.3V,0.0A,0.0A,0.0A,-0.2A,,87.3F,,,,,,,
01/17/15    06:38:52,15 days 07:19:59,17.8V,4.8V,14.4V,14.3V,0.0A,0.0A,0.0A,-0.2A,,87.3F,,,,,,,
01/17/15    06:33:53,15 days 07:14:59,19.7V,4.8V,14.4V,14.3V,0.0A,0.0A,0.0A,-0.2A,,87.3F,,,,,,,
01/17/15    06:28:54,15 days 07:10:00,20.2V,4.8V,14.4V,14.3V,0.0A,0.0A,0.0A,-0.2A,,87.4F,,,,,,,
01/17/15    06:23:55,15 days 07:05:00,20.3V,4.8V,14.4V,14.3V,0.0A,0.0A,0.0A,-0.2A,,87.4F,,,,,,,
01/17/15    06:18:56,15 days 07:00:00,19.8V,4.8V,14.4V,14.3V,0.0A,0.0A,0.0A,-0.2A,,87.4F,,,,,,,
01/17/15    06:13:56,15 days 06:55:00,20.4V,0.0V,14.4V,14.3V,0.0A,0.0A,0.0A,-0.2A,,87.6F,,,,,,,
01/17/15    06:08:57,15 days 06:50:00,20.7V,0.0V,14.4V,14.3V,0.0A,0.0A,0.0A,-0.2A,,87.8F,,,,,,,
01/17/15    06:03:57,15 days 06:44:59,20.3V,0.0V,14.4V,14.3V,0.0A,0.0A,0.0A,-0.2A,,87.8F,,,,,,,
01/17/15    05:58:58,15 days 06:40:00,20.0V,0.0V,14.4V,14.3V,0.0A,0.0A,0.0A,-0.2A,,88.0F,,,,,,,
01/17/15    05:53:59,15 days 06:35:00,20.6V,0.0V,14.4V,14.3V,0.0A,0.0A,0.0A,-0.2A,,88.0F,,,,,,,
01/17/15    05:49:00,15 days 06:30:00,20.5V,0.0V,14.4V,14.3V,0.0A,0.0A,0.0A,-0.2A,,88.2F,,,,,,,
01/17/15    05:44:00,15 days 06:24:59,20.9V,0.0V,14.4V,14.3V,0.0A,0.0A,0.0A,-0.2A,,88.0F,,,,,,,
01/17/15    05:39:01,15 days 06:20:00,21.0V,0.3V,14.4V,14.3V,0.0A,0.0A,0.0A,-0.2A,,88.0F,,,,,,,
01/17/15    05:34:02,15 days 06:15:00,21.6V,0.3V,14.4V,14.3V,0.0A,0.0A,0.0A,-0.2A,,88.0F,,,,,,,
01/17/15    05:29:03,15 days 06:10:00,22.2V,0.3V,14.4V,14.3V,0.0A,0.0A,0.0A,-0.2A,,88.2F,,,,,,,
01/17/15    05:24:03,15 days 06:04:59,21.2V,0.3V,14.4V,14.3V,0.0A,0.0A,0.0A,-0.2A,,88.2F,,,,,,,
01/17/15    05:19:04,15 days 06:00:00,21.1V,0.3V,14.4V,14.3V,0.0A,0.0A,0.0A,-0.2A,,88.2F,,,,,,,
01/17/15    05:14:05,15 days 05:55:00,20.7V,0.3V,14.4V,14.3V,0.0A,0.0A,0.0A,-0.2A,,88.3F,,,,,,,
01/17/15    05:09:06,15 days 05:50:00,20.3V,0.3V,14.4V,14.3V,0.0A,0.0A,0.0A,-0.2A,,88.3F,,,,,,,
01/17/15    05:04:06,15 days 05:44:59,15.7V,0.3V,14.2V,14.1V,0.0A,0.0A,0.0A,-0.2A,,88.2F,,,,,,,
01/17/15    04:59:07,15 days 05:40:00,19.3V,0.3V,14.3V,14.3V,0.0A,0.0A,0.0A,-0.2A,,88.2F,,,,,,,
01/17/15    04:54:08,15 days 05:35:00,21.1V,0.3V,14.3V,14.3V,0.0A,0.0A,0.0A,-0.2A,,88.0F,,,,,,,
01/17/15    04:49:09,15 days 05:30:00,15.8V,0.3V,14.2V,14.2V,0.0A,0.0A,0.0A,-0.2A,,88.0F,,,,,,,
01/17/15    04:44:10,15 days 05:25:00,21.4V,0.3V,14.3V,14.3V,0.0A,0.0A,0.0A,-0.2A,,87.8F,,,,,,,
01/17/15    04:39:11,15 days 05:20:00,21.1V,0.3V,14.3V,14.3V,0.0A,0.0A,0.0A,-0.2A,,87.6F,,,,,,,
01/17/15    04:34:11,15 days 05:14:59,20.1V,0.3V,14.3V,14.3V,0.0A,0.0A,0.0A,-0.2A,,87.3F,,,,,,,
01/17/15    04:29:12,15 days 05:09:59,20.9V,0.3V,14.3V,14.2V,0.0A,0.0A,0.0A,-0.2A,,87.1F,,,,,,,
01/17/15    04:24:13,15 days 05:05:00,20.6V,0.3V,14.3V,14.3V,0.0A,0.0A,0.0A,-0.2A,,86.9F,,,,,,,
01/17/15    04:19:14,15 days 05:00:00,20.5V,0.3V,14.3V,14.3V,0.0A,0.0A,0.0A,-0.2A,,86.5F,,,,,,,
01/17/15    04:14:15,15 days 04:55:00,20.9V,0.3V,14.3V,14.2V,0.0A,0.0A,0.0A,-0.2A,,86.4F,,,,,,,
01/17/15    04:09:15,15 days 04:50:00,16.4V,0.3V,14.2V,14.2V,0.0A,0.0A,0.0A,-0.2A,,86.0F,,,,,,,
01/17/15    04:04:16,15 days 04:45:00,19.8V,0.3V,14.2V,14.2V,0.0A,0.0A,0.0A,-0.2A,,85.6F,,,,,,,
01/17/15    03:59:16,15 days 04:40:00,18.5V,0.3V,14.1V,14.0V,0.0A,0.0A,0.0A,-0.2A,,85.5F,,,,,,,
01/17/15    03:54:17,15 days 04:35:00,18.5V,0.3V,14.0V,13.9V,0.0A,0.0A,0.0A,-0.2A,,85.3F,,,,,,,
01/17/15    03:49:17,15 days 04:29:59,19.3V,0.3V,13.9V,13.8V,0.0A,0.0A,0.0A,-0.2A,,85.3F,,,,,,,
01/17/15    03:44:18,15 days 04:25:00,16.0V,0.3V,13.8V,13.7V,0.0A,0.0A,0.0A,-0.2A,,85.3F,,,,,,,
01/17/15    03:39:18,15 days 04:19:59,14.8V,0.3V,13.3V,13.3V,0.0A,0.0A,0.0A,-0.2A,,85.3F,,,,,,,
01/17/15    03:34:19,15 days 04:15:00,14.6V,0.3V,13.4V,13.3V,0.0A,0.0A,0.0A,-0.2A,,85.1F,,,,,,,
01/17/15    03:29:20,15 days 04:10:00,20.0V,0.3V,13.8V,13.7V,0.0A,0.0A,0.0A,-0.2A,,85.1F,,,,,,,
01/17/15    03:24:20,15 days 04:05:00,15.0V,0.3V,13.5V,13.4V,0.0A,0.0A,0.0A,-0.2A,,84.9F,,,,,,,
01/17/15    03:19:20,15 days 03:59:59,18.2V,0.3V,13.8V,13.8V,0.0A,0.0A,0.0A,-0.2A,,84.7F,,,,,,,
01/17/15    03:14:21,15 days 03:55:00,19.2V,0.3V,13.8V,13.8V,0.0A,0.0A,0.0A,-0.2A,,84.7F,,,,,,,
01/17/15    03:09:21,15 days 03:49:59,15.6V,0.3V,13.6V,13.5V,0.0A,0.0A,0.0A,-0.2A,,84.6F,,,,,,,
01/17/15    03:04:22,15 days 03:45:00,15.8V,0.3V,13.6V,13.6V,0.0A,0.0A,0.0A,-0.2A,,84.4F,,,,,,,
01/17/15    02:59:22,15 days 03:39:59,20.1V,0.3V,13.7V,13.6V,0.0A,0.0A,0.0A,-0.2A,,84.2F,,,,,,,
01/17/15    02:54:23,15 days 03:35:00,19.3V,0.3V,13.8V,13.7V,0.0A,0.0A,0.0A,-0.2A,,84.0F,,,,,,,
01/17/15    02:49:23,15 days 03:29:59,18.6V,0.3V,13.8V,13.7V,0.0A,0.0A,0.0A,-0.2A,,84.0F,,,,,,,
01/17/15    02:44:24,15 days 03:25:00,19.3V,0.3V,13.7V,13.7V,0.0A,0.0A,0.0A,-0.2A,,83.8F,,,,,,,
01/17/15    02:39:24,15 days 03:19:59,19.4V,0.3V,13.7V,13.7V,0.0A,0.0A,0.0A,-0.2A,,83.7F,,,,,,,
01/17/15    02:34:25,15 days 03:15:00,15.7V,0.3V,13.6V,13.6V,0.0A,0.0A,0.0A,-0.2A,,83.7F,,,,,,,
01/17/15    02:29:25,15 days 03:09:59,17.8V,0.3V,13.8V,13.7V,0.0A,0.0A,0.0A,-0.2A,,83.5F,,,,,,,
01/17/15    02:24:26,15 days 03:05:00,17.0V,0.3V,13.8V,13.7V,0.0A,0.0A,0.0A,-0.2A,,83.3F,,,,,,,
01/17/15    02:19:26,15 days 02:59:59,15.5V,0.3V,13.7V,13.7V,0.0A,0.0A,0.0A,-0.2A,,83.1F,,,,,,,
01/17/15    02:14:27,15 days 02:55:00,18.7V,0.3V,13.7V,13.7V,0.0A,0.0A,0.0A,-0.2A,,82.9F,,,,,,,
01/17/15    02:09:27,15 days 02:49:59,15.7V,0.3V,13.7V,13.7V,0.0A,0.0A,0.0A,-0.2A,,82.8F,,,,,,,
01/17/15    02:04:28,15 days 02:45:00,15.7V,0.3V,13.7V,13.7V,0.0A,0.0A,0.0A,-0.2A,,82.6F,,,,,,,
01/17/15    01:59:29,15 days 02:40:00,15.9V,5.2V,13.8V,13.8V,0.0A,0.0A,0.0A,-0.2A,,82.4F,,,,,,,
01/17/15    01:54:29,15 days 02:35:00,16.0V,5.2V,13.8V,13.8V,0.0A,0.0A,0.0A,-0.2A,,82.2F,,,,,,,
01/17/15    01:49:30,15 days 02:30:00,15.6V,4.6V,13.7V,13.6V,0.8A,0.0A,0.0A,-0.2A,,82.0F,,,,,,,
