02/11/15    03:00:58,40 days 05:00:00,16.5V,5.2V,13.6V,13.6V,0.0A,0.0A,0.0A,-0.2A,,76.3F,,,,,,,
02/11/15    02:55:59,40 days 04:55:00,15.8V,5.2V,13.4V,13.4V,0.0A,0.0A,0.0A,-0.2A,,76.1F,,,,,,,
02/11/15    02:50:59,40 days 04:50:00,15.6V,5.2V,13.4V,13.4V,0.0A,0.0A,0.0A,-0.2A,,76.1F,,,,,,,
02/11/15    02:46:00,40 days 04:45:00,15.8V,5.2V,13.4V,13.4V,0.0A,0.0A,0.0A,-0.2A,,75.9F,,,,,,,
02/11/15    02:41:00,40 days 04:40:00,15.8V,5.2V,13.4V,13.4V,0.0A,0.0A,0.0A,-0.2A,,75.7F,,,,,,,
02/11/15    02:36:01,40 days 04:35:00,15.7V,5.2V,13.4V,13.4V,0.0A,0.0A,0.0A,-0.2A,,75.7F,,,,,,,
02/11/15    02:31:01,40 days 04:30:00,15.9V,5.2V,13.4V,13.4V,0.0A,0.0A,0.0A,-0.2A,,75.6F,,,,,,,
02/11/15    02:26:02,40 days 04:25:00,16.5V,5.2V,13.6V,13.6V,0.0A,0.0A,0.0A,-0.2A,,75.4F,,,,,,,
02/11/15    02:21:02,40 days 04:20:00,15.8V,5.2V,13.4V,13.4V,0.0A,0.0A,0.0A,-0.2A,,75.4F,,,,,,,
02/11/15    02:16:02,40 days 04:14:59,15.7V,5.2V,13.4V,13.3V,0.0A,0.0A,0.0A,-0.2A,,75.2F,,,,,,,
02/11/15    02:11:03,40 days 04:10:00,15.8V,5.2V,13.4V,13.4V,0.0A,0.0A,0.0A,-0.2A,,75.0F,,,,,,,
02/11/15    02:06:03,40 days 04:04:59,15.9V,5.2V,13.4V,13.4V,0.0A,0.0A,0.0A,-0.2A,,75.0F,,,,,,,
02/11/15    02:01:04,40 days 04:00:00,15.8V,5.2V,13.4V,13.4V,0.0A,0.0A,0.0A,-0.2A,,74.8F,,,,,,,
02/11/15    01:56:04,40 days 03:55:00,16.1V,5.2V,13.4V,13.4V,0.0A,0.0A,0.0A,-0.2A,,74.8F,,,,,,,
02/11/15    01:51:04,40 days 03:49:59,15.8V,5.2V,13.4V,13.4V,0.0A,0.0A,0.0A,-0.2A,,74.7F,,,,,,,
02/11/15    01:46:05,40 days 03:45:00,15.8V,5.2V,13.4V,13.3V,0.0A,0.0A,0.0A,-0.2A,,74.7F,,,,,,,
02/11/15    01:41:06,40 days 03:40:00,15.5V,5.2V,13.3V,13.3V,0.0A,0.0A,0.0A,-0.2A,,74.7F,,,,,,,
02/11/15    01:36:06,40 days 03:35:00,15.6V,5.2V,13.3V,13.3V,0.0A,0.0A,0.0A,-0.2A,,74.7F,,,,,,,
02/11/15    01:31:07,40 days 03:30:00,15.5V,5.2V,13.3V,13.3V,0.0A,0.0A,0.0A,-0.2A,,74.7F,,,,,,,
02/11/15    01:26:07,40 days 03:25:00,15.4V,5.2V,13.3V,13.2V,0.0A,0.0A,0.0A,-0.2A,,74.7F,,,,,,,
02/11/15    01:21:07,40 days 03:19:59,15.1V,5.2V,13.2V,13.2V,0.0A,0.0A,0.0A,-0.2A,,74.7F,,,,,,,
02/11/15    01:16:08,40 days 03:15:00,15.6V,5.2V,13.3V,13.2V,0.0A,0.0A,0.0A,-0.2A,,74.7F,,,,,,,
02/11/15    01:11:08,40 days 03:09:59,15.2V,5.2V,13.2V,13.2V,0.0A,0.0A,0.0A,-0.2A,,74.7F,,,,,,,
02/11/15    01:06:09,40 days 03:05:00,14.9V,5.2V,13.2V,13.2V,0.0A,0.0A,0.0A,-0.2A,,74.8F,,,,,,,
02/11/15    01:01:09,40 days 03:00:00,14.9V,5.2V,13.2V,13.1V,0.0A,0.0A,0.0A,-0.2A,,74.8F,,,,,,,
02/11/15    00:56:10,40 days 02:55:00,20.6V,5.2V,13.2V,13.1V,0.0A,0.0A,0.0A,-0.2A,,75.0F,,,,,,,
02/11/15    00:51:10,40 days 02:50:00,15.0V,5.2V,13.2V,13.1V,0.0A,0.0A,0.0A,-0.2A,,75.0F,,,,,,,
02/11/15    00:46:11,40 days 02:45:00,14.8V,5.2V,13.2V,13.1V,0.0A,0.0A,0.0A,-0.2A,,75.0F,,,,,,,
02/11/15    00:41:11,40 days 02:40:00,14.8V,5.2V,13.2V,13.1V,0.0A,0.0A,0.0A,-0.2A,,75.2F,,,,,,,
02/11/15    00:36:11,40 days 02:34:59,14.5V,5.2V,13.1V,13.1V,0.0A,0.0A,0.0A,-0.2A,,75.2F,,,,,,,
02/11/15    00:31:12,40 days 02:30:00,14.8V,5.2V,13.2V,13.1V,0.0A,0.0A,0.0A,-0.2A,,75.2F,,,,,,,
02/11/15    00:26:12,40 days 02:25:00,14.6V,5.2V,13.2V,13.1V,0.0A,0.0A,0.0A,-0.2A,,75.2F,,,,,,,
02/11/15    00:21:13,40 days 02:20:00,14.8V,5.2V,13.2V,13.1V,0.0A,0.0A,0.0A,-0.2A,,75.2F,,,,,,,
02/11/15    00:16:13,40 days 02:15:00,14.5V,5.2V,13.1V,13.1V,0.0A,0.0A,0.0A,-0.2A,,75.2F,,,,,,,
02/11/15    00:11:14,40 days 02:10:00,14.8V,5.2V,13.2V,13.1V,0.0A,0.0A,0.0A,-0.2A,,75.2F,,,,,,,
02/11/15    00:06:14,40 days 02:05:00,14.7V,5.2V,13.2V,13.1V,0.0A,0.0A,0.0A,-0.2A,,75.2F,,,,,,,
02/11/15    00:01:15,40 days 02:00:00,14.9V,5.2V,13.2V,13.1V,0.0A,0.0A,0.0A,-0.2A,,75.4F,,,,,,,
02/10/15    23:56:15,40 days 01:55:00,14.7V,5.2V,13.2V,13.1V,0.0A,0.0A,0.0A,-0.2A,,75.4F,,,,,,,
02/10/15    23:51:16,40 days 01:50:00,14.8V,5.2V,13.2V,13.1V,0.0A,0.0A,0.0A,-0.2A,,75.4F,,,,,,,
02/10/15    23:46:16,40 days 01:45:00,14.7V,5.2V,13.1V,13.1V,0.0A,0.0A,0.0A,-0.2A,,75.4F,,,,,,,
02/10/15    23:41:17,40 days 01:40:00,14.7V,4.8V,13.1V,13.0V,0.3A,0.0A,0.0A,-0.2A,,75.4F,,,,,,,
02/10/15    23:36:17,40 days 01:35:00,14.9V,5.2V,13.2V,13.2V,0.0A,0.0A,0.0A,-0.2A,,75.2F,,,,,,,
02/10/15    23:31:18,40 days 01:30:00,15.0V,5.2V,13.2V,13.2V,0.0A,0.0A,0.0A,-0.2A,,75.2F,,,,,,,
02/10/15    23:26:18,40 days 01:24:59,15.1V,5.2V,13.2V,13.2V,0.0A,0.0A,0.0A,-0.2A,,75.2F,,,,,,,
02/10/15    23:21:19,40 days 01:20:00,15.2V,5.2V,13.2V,13.2V,0.0A,0.0A,0.0A,-0.2A,,75.2F,,,,,,,
02/10/15    23:16:19,40 days 01:14:59,15.1V,5.2V,13.2V,13.1V,0.0A,0.0A,0.0A,-0.2A,,75.2F,,,,,,,
02/10/15    23:11:20,40 days 01:10:00,14.9V,5.2V,13.2V,13.1V,0.0A,0.0A,0.0A,-0.2A,,75.0F,,,,,,,
02/10/15    23:06:20,40 days 01:04:59,15.0V,5.2V,13.2V,13.1V,0.0A,0.0A,0.0A,-0.2A,,75.0F,,,,,,,
02/10/15    23:01:21,40 days 01:00:00,15.0V,5.2V,13.2V,13.1V,0.0A,0.0A,0.0A,-0.2A,,75.0F,,,,,,,
02/10/15    22:56:21,40 days 00:54:59,14.7V,5.2V,13.1V,13.1V,0.0A,0.0A,0.0A,-0.2A,,75.0F,,,,,,,
02/10/15    22:51:22,40 days 00:50:00,14.7V,5.2V,13.1V,13.1V,0.0A,0.0A,0.0A,-0.2A,,75.0F,,,,,,,
02/10/15    22:46:22,40 days 00:44:59,14.7V,5.2V,13.1V,13.1V,0.0A,0.0A,0.0A,-0.2A,,75.0F,,,,,,,
02/10/15    22:41:23,40 days 00:40:00,14.9V,5.2V,13.1V,13.1V,0.0A,0.0A,0.0A,-0.2A,,75.0F,,,,,,,
02/10/15    22:36:23,40 days 00:34:59,14.8V,5.2V,13.1V,13.1V,0.0A,0.0A,0.0A,-0.2A,,75.0F,,,,,,,
02/10/15    22:31:24,40 days 00:30:00,14.6V,5.2V,13.1V,13.0V,0.0A,0.0A,0.0A,-0.2A,,75.0F,,,,,,,
02/10/15    22:26:25,40 days 00:25:00,14.5V,5.2V,13.0V,13.0V,0.0A,0.0A,0.0A,-0.2A,,75.0F,,,,,,,
02/10/15    22:21:25,40 days 00:20:00,14.5V,4.7V,12.9V,12.9V,0.4A,0.0A,0.0A,-0.2A,,75.0F,,,,,,,
02/10/15    22:16:26,40 days 00:15:00,14.4V,4.7V,12.9V,12.9V,0.4A,0.0A,0.0A,-0.2A,,75.0F,,,,,,,
02/10/15    22:11:26,40 days 00:10:00,14.4V,5.2V,13.1V,13.0V,0.0A,0.0A,0.0A,-0.2A,,75.0F,,,,,,,
02/10/15    22:06:27,40 days 00:05:00,14.4V,5.2V,13.1V,13.0V,0.0A,0.0A,0.0A,-0.2A,,74.8F,,,,,,,
02/10/15    22:01:27,39 days 23:59:59,14.2V,5.2V,13.0V,13.0V,0.0A,0.0A,0.0A,-0.2A,,75.0F,,,,,,,
02/10/15    21:56:28,39 days 23:55:00,19.0V,5.2V,13.0V,13.0V,0.0A,0.0A,0.0A,-0.2A,,75.0F,,,,,,,
02/10/15    21:51:29,39 days 23:50:00,14.0V,5.2V,13.0V,13.0V,0.0A,0.0A,0.0A,-0.2A,,75.0F,,,,,,,
02/10/15    21:46:29,39 days 23:45:00,13.8V,5.2V,13.0V,13.0V,0.0A,0.0A,0.0A,-0.2A,,75.0F,,,,,,,
02/10/15    21:41:29,39 days 23:39:59,13.5V,5.2V,13.0V,13.0V,0.0A,0.0A,0.0A,-0.2A,,75.0F,,,,,,,
02/10/15    21:36:30,39 days 23:35:00,13.5V,5.2V,13.0V,13.0V,0.0A,0.0A,0.0A,-0.2A,,75.2F,,,,,,,
02/10/15    21:31:30,39 days 23:29:59,13.5V,5.2V,13.0V,13.0V,0.0A,0.0A,0.0A,-0.2A,,75.2F,,,,,,,
02/10/15    21:26:31,39 days 23:25:00,13.5V,5.2V,13.0V,13.0V,0.0A,0.0A,0.0A,-0.2A,,75.2F,,,,,,,
02/10/15    21:21:31,39 days 23:19:59,13.5V,5.2V,13.0V,13.0V,0.0A,0.0A,0.0A,-0.2A,,75.4F,,,,,,,
02/10/15    21:16:32,39 days 23:15:00,13.4V,5.2V,13.0V,13.0V,0.0A,0.0A,0.0A,-0.2A,,75.4F,,,,,,,
02/10/15    21:11:32,39 days 23:09:59,13.4V,5.2V,13.0V,13.0V,0.0A,0.0A,0.0A,-0.2A,,75.6F,,,,,,,
02/10/15    21:06:33,39 days 23:05:00,13.2V,5.2V,13.0V,13.0V,0.0A,0.0A,0.0A,-0.2A,,75.6F,,,,,,,
02/10/15    21:01:33,39 days 22:59:59,13.0V,5.2V,13.0V,13.0V,0.0A,0.0A,0.0A,-0.2A,,75.6F,,,,,,,
02/10/15    20:56:34,39 days 22:55:00,12.0V,5.2V,13.0V,13.0V,0.0A,0.0A,0.0A,-0.2A,,75.7F,,,,,,,
02/10/15    20:51:34,39 days 22:49:59,9.5V,5.2V,13.0V,12.9V,0.0A,0.0A,0.0A,-0.2A,,75.7F,,,,,,,
02/10/15    20:46:35,39 days 22:45:00,5.8V,0.3V,13.0V,12.9V,0.0A,0.0A,0.0A,-0.2A,,75.7F,,,,,,,
02/10/15    20:41:35,39 days 22:39:59,1.4V,0.3V,13.0V,12.9V,0.0A,0.0A,0.0A,-0.2A,,75.7F,,,,,,,
02/10/15    20:36:36,39 days 22:35:00,0.3V,0.3V,13.0V,12.9V,0.0A,0.0A,0.0A,-0.2A,,75.7F,,,,,,,
02/10/15    20:31:36,39 days 22:29:59,0.1V,0.3V,13.0V,12.9V,0.0A,0.0A,0.0A,-0.2A,,75.9F,,,,,,,
02/10/15    20:26:37,39 days 22:25:00,0.1V,0.3V,13.0V,12.9V,0.0A,0.0A,0.0A,-0.2A,,75.9F,,,,,,,
02/10/15    20:21:37,39 days 22:20:00,0.1V,0.3V,13.0V,12.9V,0.0A,0.0A,0.0A,-0.2A,,75.9F,,,,,,,
02/10/15    20:16:38,39 days 22:15:00,0.1V,0.3V,13.0V,12.9V,0.0A,0.0A,0.0A,-0.2A,,75.9F,,,,,,,
02/10/15    20:11:38,39 days 22:10:00,0.1V,0.3V,13.0V,12.9V,0.0A,0.0A,0.0A,-0.2A,,75.9F,,,,,,,
02/10/15    20:06:38,39 days 22:04:59,0.1V,0.3V,13.0V,12.9V,0.0A,0.0A,0.0A,-0.2A,,76.1F,,,,,,,
02/10/15    20:01:39,39 days 22:00:00,0.1V,0.3V,13.0V,12.9V,0.0A,0.0A,0.0A,-0.2A,,76.1F,,,,,,,
02/10/15    19:56:39,39 days 21:55:00,0.1V,0.3V,13.0V,12.9V,0.0A,0.0A,0.0A,-0.2A,,76.1F,,,,,,,
02/10/15    19:51:40,39 days 21:50:00,0.1V,0.3V,13.0V,13.0V,0.0A,0.0A,0.0A,-0.2A,,76.3F,,,,,,,
02/10/15    19:46:40,39 days 21:45:00,0.1V,0.3V,13.0V,13.0V,0.0A,0.0A,0.0A,-0.2A,,76.3F,,,,,,,
02/10/15    19:41:40,39 days 21:40:00,0.1V,0.3V,13.0V,13.0V,0.0A,0.0A,0.0A,-0.2A,,76.5F,,,,,,,
02/10/15    19:36:40,39 days 21:34:59,0.1V,0.3V,13.0V,13.0V,0.0A,0.0A,0.0A,-0.2A,,76.5F,,,,,,,
02/10/15    19:31:41,39 days 21:30:00,0.1V,0.3V,13.0V,13.0V,0.0A,0.0A,0.0A,-0.2A,,76.6F,,,,,,,
02/10/15    19:26:41,39 days 21:24:59,0.1V,0.3V,13.0V,13.0V,0.0A,0.0A,0.0A,-0.2A,,76.6F,,,,,,,
02/10/15    19:21:42,39 days 21:20:00,0.1V,0.3V,13.0V,13.0V,0.0A,0.0A,0.0A,-0.2A,,76.8F,,,,,,,
02/10/15    19:16:42,39 days 21:14:59,0.1V,0.3V,13.0V,13.0V,0.0A,0.0A,0.0A,-0.2A,,76.8F,,,,,,,
02/10/15    19:11:43,39 days 21:10:00,0.1V,0.3V,13.0V,13.0V,0.0A,0.0A,0.0A,-0.2A,,76.8F,,,,,,,
02/10/15    19:06:43,39 days 21:05:00,0.1V,0.3V,13.0V,13.0V,0.0A,0.0A,0.0A,-0.2A,,76.8F,,,,,,,
02/10/15    19:01:44,39 days 21:00:00,0.1V,0.3V,13.0V,13.0V,0.0A,0.0A,0.0A,-0.2A,,77.0F,,,,,,,
02/10/15    18:56:44,39 days 20:55:00,0.1V,0.3V,13.0V,13.0V,0.0A,0.0A,0.0A,-0.2A,,77.0F,,,,,,,
02/10/15    18:51:45,39 days 20:50:00,0.1V,0.3V,13.0V,13.0V,0.0A,0.0A,0.0A,-0.2A,,77.0F,,,,,,,
02/10/15    18:46:45,39 days 20:45:00,0.1V,0.3V,13.0V,12.9V,0.0A,0.0A,0.0A,-0.2A,,77.0F,,,,,,,
02/10/15    18:41:45,39 days 20:39:59,0.1V,0.3V,13.0V,13.0V,0.0A,0.0A,0.0A,-0.2A,,77.0F,,,,,,,
02/10/15    18:36:46,39 days 20:35:00,0.1V,0.3V,13.0V,13.0V,0.0A,0.0A,0.0A,-0.2A,,77.0F,,,,,,,
02/10/15    18:31:46,39 days 20:29:59,0.1V,0.3V,13.0V,13.0V,0.0A,0.0A,0.0A,-0.2A,,77.0F,,,,,,,
02/10/15    18:26:47,39 days 20:25:00,0.1V,0.3V,13.0V,13.0V,0.0A,0.0A,0.0A,-0.2A,,77.0F,,,,,,,
02/10/15    18:21:47,39 days 20:19:59,0.1V,0.3V,13.0V,13.0V,0.0A,0.0A,0.0A,-0.2A,,77.2F,,,,,,,
02/10/15    18:16:48,39 days 20:15:00,0.1V,0.3V,13.0V,13.0V,0.0A,0.0A,0.0A,-0.2A,,77.2F,,,,,,,
02/10/15    18:11:48,39 days 20:09:59,0.1V,0.3V,13.0V,13.0V,0.0A,0.0A,0.0A,-0.2A,,77.2F,,,,,,,
02/10/15    18:06:49,39 days 20:05:00,0.1V,0.3V,13.0V,13.0V,0.0A,0.0A,0.0A,-0.2A,,77.4F,,,,,,,
02/10/15    18:01:49,39 days 19:59:59,0.1V,0.3V,13.0V,13.0V,0.0A,0.0A,0.0A,-0.2A,,77.4F,,,,,,,
02/10/15    17:56:50,39 days 19:55:00,0.1V,0.3V,13.0V,13.0V,0.0A,0.0A,0.0A,-0.2A,,77.4F,,,,,,,
02/10/15    17:51:51,39 days 19:50:00,0.1V,0.3V,13.0V,13.0V,0.0A,0.0A,0.0A,-0.2A,,77.5F,,,,,,,
02/10/15    17:46:51,39 days 19:45:00,0.1V,0.3V,13.0V,13.0V,0.0A,0.0A,0.0A,-0.2A,,77.5F,,,,,,,
02/10/15    17:41:52,39 days 19:40:00,0.1V,0.3V,13.0V,13.0V,0.0A,0.0A,0.0A,-0.2A,,77.7F,,,,,,,
02/10/15    17:36:52,39 days 19:35:00,0.1V,0.3V,13.0V,13.0V,0.0A,0.0A,0.0A,-0.2A,,77.9F,,,,,,,
02/10/15    17:31:53,39 days 19:30:00,0.1V,0.3V,13.0V,13.0V,0.0A,0.0A,0.0A,-0.2A,,77.9F,,,,,,,
02/10/15    17:26:53,39 days 19:24:59,0.1V,0.3V,13.0V,13.0V,0.0A,0.0A,0.0A,-0.2A,,78.1F,,,,,,,
02/10/15    17:21:54,39 days 19:20:00,0.1V,0.3V,13.0V,12.9V,0.0A,0.0A,0.0A,-0.2A,,78.1F,,,,,,,
02/10/15    17:16:54,39 days 19:15:00,0.1V,0.3V,13.0V,12.9V,0.0A,0.0A,0.0A,-0.2A,,78.3F,,,,,,,
02/10/15    17:11:55,39 days 19:10:00,0.1V,0.3V,13.0V,12.9V,0.0A,0.0A,0.0A,-0.2A,,78.3F,,,,,,,
02/10/15    17:06:55,39 days 19:05:00,0.1V,0.3V,13.0V,12.9V,0.0A,0.0A,0.0A,-0.2A,,78.4F,,,,,,,
02/10/15    17:01:55,39 days 18:59:59,0.1V,0.3V,13.0V,12.9V,0.0A,0.0A,0.0A,-0.2A,,78.4F,,,,,,,
02/10/15    16:56:56,39 days 18:55:00,0.1V,0.3V,12.9V,12.9V,0.0A,0.0A,0.0A,-0.2A,,78.6F,,,,,,,
02/10/15    16:51:56,39 days 18:50:00,0.1V,0.3V,12.9V,12.9V,0.0A,0.0A,0.0A,-0.2A,,78.6F,,,,,,,
02/10/15    16:46:57,39 days 18:45:00,0.1V,0.3V,12.9V,12.9V,0.0A,0.0A,0.0A,-0.2A,,78.8F,,,,,,,
02/10/15    16:41:57,39 days 18:40:00,0.1V,0.3V,12.9V,12.9V,0.0A,0.0A,0.0A,-0.2A,,78.8F,,,,,,,
02/10/15    16:36:57,39 days 18:34:59,0.1V,0.3V,12.9V,12.9V,0.0A,0.0A,0.0A,-0.2A,,79.0F,,,,,,,
02/10/15    16:31:58,39 days 18:30:00,0.1V,0.3V,12.9V,12.9V,0.0A,0.0A,0.0A,-0.2A,,79.0F,,,,,,,
02/10/15    16:26:58,39 days 18:24:59,0.1V,0.3V,12.9V,12.9V,0.0A,0.0A,0.0A,-0.2A,,79.2F,,,,,,,
02/10/15    16:21:59,39 days 18:20:00,0.1V,0.3V,12.9V,12.9V,0.0A,0.0A,0.0A,-0.2A,,79.3F,,,,,,,
02/10/15    16:16:59,39 days 18:14:59,0.1V,0.3V,12.9V,12.8V,0.0A,0.0A,0.0A,-0.2A,,79.3F,,,,,,,
02/10/15    16:12:00,39 days 18:10:00,0.1V,0.3V,12.9V,12.8V,0.0A,0.0A,0.0A,-0.2A,,79.5F,,,,,,,
02/10/15    16:07:00,39 days 18:05:00,0.2V,0.3V,12.8V,12.8V,0.0A,0.0A,0.0A,-0.2A,,79.5F,,,,,,,
02/10/15    16:02:01,39 days 18:00:00,0.2V,0.3V,12.8V,12.8V,0.0A,0.0A,0.0A,-0.2A,,79.7F,,,,,,,
02/10/15    15:57:01,39 days 17:55:00,0.2V,0.3V,12.8V,12.8V,0.0A,0.0A,0.0A,-0.2A,,79.7F,,,,,,,
02/10/15    15:52:01,39 days 17:49:59,0.2V,0.3V,12.8V,12.8V,0.0A,0.0A,0.0A,-0.2A,,79.7F,,,,,,,
02/10/15    15:47:02,39 days 17:45:00,0.2V,0.3V,12.8V,12.8V,0.0A,0.0A,0.0A,-0.2A,,79.9F,,,,,,,
02/10/15    15:42:03,39 days 17:40:00,0.2V,0.3V,12.8V,12.8V,0.0A,0.0A,0.0A,-0.2A,,79.9F,,,,,,,
02/10/15    15:37:03,39 days 17:35:00,0.2V,0.3V,12.8V,12.8V,0.0A,0.0A,0.0A,-0.2A,,79.9F,,,,,,,
02/10/15    15:32:04,39 days 17:30:00,0.2V,0.3V,12.8V,12.8V,0.0A,0.0A,0.0A,-0.2A,,80.1F,,,,,,,
02/10/15    15:27:04,39 days 17:25:00,0.2V,0.3V,12.8V,12.8V,0.0A,0.0A,0.0A,-0.2A,,80.1F,,,,,,,
02/10/15    15:22:05,39 days 17:20:00,0.2V,0.3V,12.8V,12.8V,0.0A,0.0A,0.0A,-0.2A,,80.1F,,,,,,,
02/10/15    15:17:05,39 days 17:15:00,0.2V,0.3V,12.8V,12.8V,0.0A,0.0A,0.0A,-0.2A,,80.2F,,,,,,,
02/10/15    15:12:06,39 days 17:10:00,0.2V,0.3V,12.8V,12.8V,0.0A,0.0A,0.0A,-0.2A,,80.2F,,,,,,,
02/10/15    15:07:06,39 days 17:05:00,0.2V,0.3V,12.8V,12.8V,0.0A,0.0A,0.0A,-0.2A,,80.4F,,,,,,,
02/10/15    15:02:07,39 days 17:00:00,0.2V,0.3V,12.8V,12.8V,0.0A,0.0A,0.0A,-0.2A,,80.6F,,,,,,,
02/10/15    14:57:07,39 days 16:55:00,0.2V,0.3V,12.8V,12.8V,0.0A,0.0A,0.0A,-0.2A,,80.6F,,,,,,,
02/10/15    14:52:08,39 days 16:50:00,0.2V,0.3V,12.8V,12.8V,0.0A,0.0A,0.0A,-0.2A,,80.8F,,,,,,,
02/10/15    14:47:08,39 days 16:45:00,0.2V,0.3V,12.8V,12.8V,0.0A,0.0A,0.0A,-0.2A,,81.0F,,,,,,,
02/10/15    14:42:09,39 days 16:40:00,0.2V,0.3V,12.8V,12.8V,0.0A,0.0A,0.0A,-0.2A,,81.0F,,,,,,,
02/10/15    14:37:09,39 days 16:34:59,0.2V,0.3V,12.8V,12.8V,0.0A,0.0A,0.0A,-0.2A,,81.1F,,,,,,,
02/10/15    14:32:10,39 days 16:30:00,0.2V,0.3V,12.8V,12.8V,0.0A,0.0A,0.0A,-0.2A,,81.3F,,,,,,,
02/10/15    14:27:11,39 days 16:25:00,0.2V,0.3V,12.8V,12.8V,0.0A,0.0A,0.0A,-0.2A,,81.3F,,,,,,,
02/10/15    14:22:12,39 days 16:20:00,0.2V,0.3V,12.8V,12.8V,0.0A,0.0A,0.0A,-0.2A,,81.5F,,,,,,,
02/10/15    14:17:12,39 days 16:15:00,0.2V,0.3V,12.8V,12.8V,0.0A,0.0A,0.0A,-0.2A,,81.5F,,,,,,,
02/10/15    14:12:13,39 days 16:10:00,0.2V,0.3V,12.8V,12.8V,0.0A,0.0A,0.0A,-0.2A,,81.7F,,,,,,,
02/10/15    14:07:13,39 days 16:04:59,0.2V,0.3V,12.8V,12.8V,0.0A,0.0A,0.0A,-0.2A,,81.7F,,,,,,,
02/10/15    14:02:14,39 days 15:59:59,0.2V,0.3V,12.8V,12.8V,0.0A,0.0A,0.0A,-0.2A,,81.7F,,,,,,,
02/10/15    13:57:15,39 days 15:55:00,0.2V,0.3V,12.8V,12.8V,0.0A,0.0A,0.0A,-0.2A,,81.9F,,,,,,,
02/10/15    13:52:16,39 days 15:50:00,0.2V,0.3V,12.9V,12.8V,0.0A,0.0A,0.0A,-0.2A,,81.9F,,,,,,,
02/10/15    13:47:16,39 days 15:44:59,0.2V,0.3V,12.9V,12.8V,0.0A,0.0A,0.0A,-0.2A,,81.9F,,,,,,,
02/10/15    13:42:17,39 days 15:40:00,0.2V,0.3V,12.9V,12.8V,0.0A,0.0A,0.0A,-0.2A,,82.0F,,,,,,,
02/10/15    13:37:18,39 days 15:35:00,0.2V,0.3V,12.9V,12.8V,0.0A,0.0A,0.0A,-0.2A,,82.0F,,,,,,,
02/10/15    13:32:19,39 days 15:30:00,0.2V,0.3V,12.9V,12.8V,0.0A,0.0A,0.0A,-0.2A,,82.0F,,,,,,,
02/10/15    13:27:20,39 days 15:25:00,0.2V,0.3V,12.9V,12.8V,0.0A,0.0A,0.0A,-0.2A,,82.2F,,,,,,,
02/10/15    13:22:20,39 days 15:20:00,0.2V,0.3V,12.9V,12.9V,0.0A,0.0A,0.0A,-0.2A,,82.2F,,,,,,,
02/10/15    13:17:21,39 days 15:15:00,0.2V,0.3V,12.9V,12.9V,0.0A,0.0A,0.0A,-0.2A,,82.4F,,,,,,,
02/10/15    13:12:21,39 days 15:09:59,0.2V,0.3V,12.9V,12.9V,0.0A,0.0A,0.0A,-0.2A,,82.4F,,,,,,,
02/10/15    13:07:22,39 days 15:05:00,0.2V,0.3V,12.9V,12.9V,0.0A,0.0A,0.0A,-0.2A,,82.6F,,,,,,,
02/10/15    13:02:23,39 days 15:00:00,0.2V,0.3V,12.9V,12.9V,0.0A,0.0A,0.0A,-0.2A,,82.8F,,,,,,,
02/10/15    12:57:24,39 days 14:55:00,0.2V,0.3V,12.9V,12.9V,0.0A,0.0A,0.0A,-0.2A,,82.8F,,,,,,,
02/10/15    12:52:24,39 days 14:50:00,0.2V,0.3V,12.9V,12.9V,0.0A,0.0A,0.0A,-0.2A,,82.8F,,,,,,,
02/10/15    12:47:25,39 days 14:45:00,0.2V,0.3V,13.0V,12.9V,0.0A,0.0A,0.0A,-0.2A,,82.9F,,,,,,,
02/10/15    12:42:25,39 days 14:39:59,0.2V,0.3V,13.0V,12.9V,0.0A,0.0A,0.0A,-0.2A,,82.9F,,,,,,,
02/10/15    12:37:26,39 days 14:35:00,0.2V,0.3V,13.0V,12.9V,0.0A,0.0A,0.0A,-0.2A,,83.1F,,,,,,,
02/10/15    12:32:27,39 days 14:30:00,0.2V,0.3V,13.0V,12.9V,0.0A,0.0A,0.0A,-0.2A,,83.1F,,,,,,,
02/10/15    12:27:27,39 days 14:25:00,0.2V,0.3V,13.0V,12.9V,0.0A,0.0A,0.0A,-0.2A,,83.3F,,,,,,,
02/10/15    12:22:28,39 days 14:20:00,0.2V,0.3V,13.0V,12.9V,0.0A,0.0A,0.0A,-0.2A,,83.3F,,,,,,,
02/10/15    12:17:29,39 days 14:15:00,0.2V,0.3V,13.0V,12.9V,0.0A,0.0A,0.0A,-0.2A,,83.5F,,,,,,,
02/10/15    12:12:29,39 days 14:10:00,0.1V,0.3V,13.0V,12.9V,0.0A,0.0A,0.0A,-0.2A,,83.5F,,,,,,,
02/10/15    12:07:30,39 days 14:05:00,0.1V,0.3V,13.2V,13.2V,0.0A,0.0A,0.0A,-0.2A,,83.7F,,,,,,,
02/10/15    12:02:30,39 days 13:59:59,0.1V,0.3V,13.2V,13.2V,0.0A,0.0A,0.0A,-0.2A,,83.8F,,,,,,,
02/10/15    11:57:31,39 days 13:55:00,0.1V,0.3V,13.2V,13.2V,0.0A,0.0A,0.0A,-0.2A,,83.8F,,,,,,,
02/10/15    11:52:32,39 days 13:50:00,0.2V,0.3V,13.0V,12.9V,0.0A,0.0A,0.0A,-0.2A,,84.0F,,,,,,,
02/10/15    11:47:33,39 days 13:45:00,0.2V,0.3V,13.0V,12.9V,0.0A,0.0A,0.0A,-0.2A,,84.0F,,,,,,,
02/10/15    11:42:33,39 days 13:39:59,0.1V,0.3V,13.1V,13.1V,0.0A,0.0A,0.0A,-0.2A,,84.2F,,,,,,,
02/10/15    11:37:34,39 days 13:35:00,0.1V,4.8V,13.2V,13.1V,0.0A,0.0A,0.0A,-0.2A,,84.4F,,,,,,,
02/10/15    11:32:35,39 days 13:30:00,0.1V,4.8V,13.2V,13.1V,0.0A,0.0A,0.0A,-0.2A,,84.6F,,,,,,,
02/10/15    11:27:36,39 days 13:25:00,0.1V,4.7V,13.1V,13.0V,0.5A,0.0A,0.0A,-0.2A,,84.6F,,,,,,,
02/10/15    11:22:36,39 days 13:20:00,0.1V,5.2V,13.2V,13.2V,0.0A,0.0A,0.0A,-0.2A,,84.7F,,,,,,,
02/10/15    11:17:37,39 days 13:15:00,0.2V,4.8V,13.2V,13.1V,0.0A,0.0A,0.0A,-0.2A,,84.7F,,,,,,,
02/10/15    11:12:38,39 days 13:10:00,0.1V,4.7V,13.1V,13.0V,0.6A,0.0A,0.0A,-0.2A,,84.7F,,,,,,,
02/10/15    11:07:38,39 days 13:04:59,0.1V,5.2V,13.2V,13.2V,0.0A,0.0A,0.0A,-0.2A,,84.9F,,,,,,,
02/10/15    11:02:39,39 days 13:00:00,0.2V,4.7V,13.1V,13.0V,0.5A,0.0A,0.0A,-0.2A,,84.9F,,,,,,,
02/10/15    10:57:40,39 days 12:55:00,0.1V,4.7V,13.0V,13.0V,0.5A,0.1A,0.0A,-0.2A,,84.9F,,,,,,,
02/10/15    10:52:41,39 days 12:50:00,0.1V,4.7V,13.0V,13.0V,0.5A,0.1A,0.0A,-0.2A,,84.9F,,,,,,,
02/10/15    10:47:41,39 days 12:44:59,0.1V,5.2V,13.1V,13.1V,0.0A,0.1A,0.0A,-0.2A,,84.9F,,,,,,,
02/10/15    10:42:42,39 days 12:40:00,0.1V,4.6V,13.0V,13.0V,0.6A,0.1A,0.0A,-0.2A,,85.1F,,,,,,,
02/10/15    10:37:43,39 days 12:35:00,0.1V,5.2V,13.1V,13.1V,0.0A,0.1A,0.0A,-0.2A,,85.1F,,,,,,,
02/10/15    10:32:44,39 days 12:30:00,0.1V,5.2V,13.1V,13.1V,0.0A,0.1A,0.0A,-0.2A,,85.1F,,,,,,,
02/10/15    10:27:44,39 days 12:24:59,0.1V,5.2V,13.1V,13.1V,0.0A,0.1A,0.0A,-0.2A,,85.3F,,,,,,,
02/10/15    10:22:45,39 days 12:20:00,0.1V,5.2V,13.1V,13.1V,0.0A,0.1A,0.0A,-0.2A,,85.3F,,,,,,,
02/10/15    10:17:46,39 days 12:15:00,0.1V,5.2V,13.1V,13.1V,0.0A,0.1A,0.0A,-0.2A,,85.5F,,,,,,,
02/10/15    10:12:47,39 days 12:10:00,0.1V,5.2V,13.1V,13.1V,0.0A,0.1A,0.0A,-0.2A,,85.5F,,,,,,,
02/10/15    10:07:47,39 days 12:04:59,0.1V,5.2V,13.1V,13.1V,0.0A,0.1A,0.0A,-0.2A,,85.6F,,,,,,,
02/10/15    10:02:48,39 days 11:59:59,0.1V,5.2V,13.1V,13.1V,0.0A,0.1A,0.0A,-0.2A,,85.6F,,,,,,,
02/10/15    09:57:49,39 days 11:55:00,0.1V,5.2V,13.1V,13.1V,0.0A,0.1A,0.0A,-0.2A,,85.8F,,,,,,,
02/10/15    09:52:50,39 days 11:50:00,0.1V,5.2V,13.1V,13.1V,0.0A,0.1A,0.0A,-0.2A,,85.8F,,,,,,,
02/10/15    09:47:50,39 days 11:44:59,0.2V,5.2V,13.1V,13.1V,0.0A,0.1A,0.0A,-0.2A,,86.0F,,,,,,,
02/10/15    09:42:51,39 days 11:40:00,0.3V,0.3V,13.1V,13.1V,0.0A,0.0A,0.0A,-0.2A,,86.0F,,,,,,,
02/10/15    09:37:52,39 days 11:35:00,0.4V,0.3V,13.1V,13.1V,0.0A,0.0A,0.0A,-0.2A,,86.2F,,,,,,,
02/10/15    09:32:53,39 days 11:30:00,0.8V,0.3V,13.1V,13.1V,0.0A,0.0A,0.0A,-0.2A,,86.2F,,,,,,,
02/10/15    09:27:53,39 days 11:24:59,2.2V,0.3V,13.1V,13.1V,0.0A,0.0A,0.0A,-0.2A,,86.4F,,,,,,,
02/10/15    09:22:54,39 days 11:20:00,5.7V,0.3V,13.1V,13.1V,0.0A,0.0A,0.0A,-0.2A,,86.4F,,,,,,,
02/10/15    09:17:55,39 days 11:15:00,10.4V,0.3V,13.1V,13.1V,0.0A,0.0A,0.0A,-0.2A,,86.5F,,,,,,,
02/10/15    09:12:56,39 days 11:10:00,12.9V,0.3V,13.1V,13.1V,0.0A,0.0A,0.0A,-0.2A,,86.5F,,,,,,,
02/10/15    09:07:56,39 days 11:04:59,13.0V,0.3V,13.1V,13.1V,0.0A,0.0A,0.0A,-0.2A,,86.7F,,,,,,,
02/10/15    09:02:57,39 days 11:00:00,13.3V,0.3V,13.1V,13.1V,0.0A,0.0A,0.0A,-0.2A,,86.9F,,,,,,,
02/10/15    08:57:58,39 days 10:55:00,13.6V,0.3V,13.1V,13.1V,0.0A,0.0A,0.0A,-0.2A,,86.9F,,,,,,,
02/10/15    08:52:59,39 days 10:50:00,13.6V,0.3V,13.1V,13.1V,0.0A,0.0A,0.0A,-0.2A,,87.1F,,,,,,,
02/10/15    08:48:00,39 days 10:45:00,13.6V,0.3V,13.1V,13.1V,0.0A,0.0A,0.0A,-0.2A,,87.3F,,,,,,,
02/10/15    08:43:00,39 days 10:39:59,13.6V,0.3V,13.1V,13.1V,0.0A,0.0A,0.0A,-0.2A,,87.3F,,,,,,,
02/10/15    08:38:01,39 days 10:35:00,13.7V,0.3V,13.1V,13.1V,0.0A,0.0A,0.0A,-0.2A,,87.4F,,,,,,,
02/10/15    08:33:02,39 days 10:30:00,13.8V,0.3V,13.1V,13.1V,0.0A,0.0A,0.0A,-0.2A,,87.6F,,,,,,,
02/10/15    08:28:03,39 days 10:25:00,13.8V,0.3V,13.1V,13.1V,0.0A,0.0A,0.0A,-0.2A,,87.6F,,,,,,,
02/10/15    08:23:03,39 days 10:20:00,13.8V,0.3V,13.1V,13.1V,0.0A,0.0A,0.0A,-0.2A,,87.8F,,,,,,,
02/10/15    08:18:04,39 days 10:15:00,13.8V,0.3V,13.1V,13.1V,0.0A,0.0A,0.0A,-0.2A,,88.0F,,,,,,,
02/10/15    08:13:05,39 days 10:10:00,14.0V,0.3V,13.1V,13.1V,0.0A,0.0A,0.0A,-0.2A,,88.0F,,,,,,,
02/10/15    08:08:06,39 days 10:05:00,14.0V,0.3V,13.1V,13.1V,0.0A,0.0A,0.0A,-0.2A,,88.0F,,,,,,,
02/10/15    08:03:06,39 days 09:59:59,14.4V,0.3V,13.2V,13.1V,0.0A,0.0A,0.0A,-0.2A,,88.2F,,,,,,,
02/10/15    07:58:07,39 days 09:55:00,14.8V,0.3V,13.2V,13.2V,0.0A,0.0A,0.0A,-0.2A,,88.2F,,,,,,,
02/10/15    07:53:08,39 days 09:50:00,15.0V,0.3V,13.3V,13.2V,0.0A,0.0A,0.0A,-0.2A,,88.2F,,,,,,,
02/10/15    07:48:09,39 days 09:45:00,15.3V,0.3V,13.3V,13.3V,0.0A,0.0A,0.0A,-0.2A,,88.2F,,,,,,,
02/10/15    07:43:09,39 days 09:39:59,15.4V,0.3V,13.4V,13.3V,0.0A,0.0A,0.0A,-0.2A,,88.2F,,,,,,,
02/10/15    07:38:10,39 days 09:35:00,15.4V,0.3V,13.4V,13.3V,0.0A,0.0A,0.0A,-0.2A,,88.2F,,,,,,,
02/10/15    07:33:11,39 days 09:30:00,15.8V,0.3V,13.5V,13.5V,0.0A,0.0A,0.0A,-0.2A,,88.2F,,,,,,,
02/10/15    07:28:12,39 days 09:25:00,15.8V,0.3V,13.6V,13.5V,0.0A,0.0A,0.0A,-0.2A,,88.3F,,,,,,,
02/10/15    07:23:12,39 days 09:19:59,21.3V,0.3V,13.4V,13.4V,0.0A,0.0A,0.0A,-0.2A,,88.3F,,,,,,,
02/10/15    07:18:13,39 days 09:15:00,15.6V,0.3V,13.5V,13.4V,0.0A,0.0A,0.0A,-0.2A,,88.5F,,,,,,,
02/10/15    07:13:14,39 days 09:10:00,15.7V,0.3V,13.5V,13.4V,0.0A,0.0A,0.0A,-0.2A,,88.7F,,,,,,,
02/10/15    07:08:15,39 days 09:05:00,15.6V,0.3V,13.3V,13.3V,0.0A,0.0A,0.0A,-0.2A,,88.9F,,,,,,,
02/10/15    07:03:15,39 days 08:59:59,14.6V,0.3V,13.2V,13.1V,0.0A,0.0A,0.0A,-0.2A,,89.1F,,,,,,,
02/10/15    06:58:16,39 days 08:55:00,14.1V,0.3V,13.2V,13.1V,0.0A,0.0A,0.0A,-0.2A,,89.2F,,,,,,,
02/10/15    06:53:17,39 days 08:50:00,14.0V,0.3V,13.1V,13.1V,0.0A,0.0A,0.0A,-0.2A,,89.4F,,,,,,,
02/10/15    06:48:18,39 days 08:45:00,13.9V,0.3V,13.1V,13.1V,0.0A,0.0A,0.0A,-0.2A,,89.6F,,,,,,,
02/10/15    06:43:19,39 days 08:40:00,13.6V,0.3V,13.1V,13.1V,0.0A,0.0A,0.0A,-0.2A,,89.8F,,,,,,,
02/10/15    06:38:19,39 days 08:35:00,13.8V,0.3V,13.3V,13.2V,0.0A,0.0A,0.0A,-0.2A,,89.8F,,,,,,,
02/10/15    06:33:20,39 days 08:30:00,13.8V,0.3V,13.3V,13.2V,0.0A,0.0A,0.0A,-0.2A,,90.0F,,,,,,,
02/10/15    06:28:20,39 days 08:24:59,13.8V,0.3V,13.3V,13.2V,0.0A,0.0A,0.0A,-0.2A,,90.1F,,,,,,,
02/10/15    06:23:21,39 days 08:20:00,13.9V,0.3V,13.1V,13.1V,0.0A,0.0A,0.0A,-0.2A,,90.1F,,,,,,,
02/10/15    06:18:22,39 days 08:15:00,14.4V,0.3V,13.2V,13.1V,0.0A,0.0A,0.0A,-0.2A,,90.1F,,,,,,,
02/10/15    06:13:23,39 days 08:10:00,14.9V,0.3V,13.4V,13.4V,0.0A,0.0A,0.0A,-0.2A,,90.1F,,,,,,,
02/10/15    06:08:23,39 days 08:04:59,15.5V,0.3V,13.9V,13.9V,0.0A,0.0A,0.0A,-0.2A,,90.3F,,,,,,,
02/10/15    06:03:24,39 days 08:00:00,21.1V,0.3V,14.4V,14.3V,0.0A,0.0A,0.0A,-0.2A,,90.3F,,,,,,,
02/10/15    05:58:25,39 days 07:55:00,21.0V,0.3V,14.4V,14.3V,0.0A,0.0A,0.0A,-0.2A,,90.3F,,,,,,,
02/10/15    05:53:26,39 days 07:50:00,21.5V,0.3V,14.4V,14.3V,0.0A,0.0A,0.0A,-0.2A,,90.3F,,,,,,,
02/10/15    05:48:26,39 days 07:44:59,20.9V,0.3V,14.4V,14.3V,0.0A,0.0A,0.0A,-0.2A,,90.3F,,,,,,,
02/10/15    05:43:27,39 days 07:39:59,21.6V,0.3V,14.4V,14.3V,0.0A,0.0A,0.0A,-0.2A,,90.3F,,,,,,,
02/10/15    05:38:28,39 days 07:35:00,20.7V,0.3V,14.3V,14.3V,0.0A,0.0A,0.0A,-0.2A,,90.3F,,,,,,,
02/10/15    05:33:29,39 days 07:30:00,15.6V,0.3V,13.8V,13.8V,0.0A,0.0A,0.0A,-0.2A,,90.1F,,,,,,,
02/10/15    05:28:30,39 days 07:25:00,15.4V,0.3V,14.0V,14.0V,0.0A,0.0A,0.0A,-0.2A,,90.1F,,,,,,,
02/10/15    05:23:31,39 days 07:20:00,21.0V,5.2V,14.4V,14.3V,0.0A,0.0A,0.0A,-0.2A,,90.1F,,,,,,,
02/10/15    05:18:31,39 days 07:15:00,21.9V,5.2V,14.4V,14.3V,0.0A,0.0A,0.0A,-0.2A,,90.0F,,,,,,,
02/10/15    05:13:32,39 days 07:10:00,20.9V,5.2V,14.4V,14.3V,0.0A,0.0A,0.0A,-0.2A,,90.0F,,,,,,,
02/10/15    05:08:32,39 days 07:04:59,21.8V,5.2V,14.4V,14.3V,0.0A,0.0A,0.0A,-0.2A,,90.0F,,,,,,,
02/10/15    05:03:33,39 days 06:59:59,21.0V,5.2V,14.4V,14.3V,0.0A,0.0A,0.0A,-0.2A,,90.0F,,,,,,,
02/10/15    04:58:34,39 days 06:55:00,21.1V,5.2V,14.4V,14.3V,0.0A,0.0A,0.0A,-0.2A,,90.0F,,,,,,,
02/10/15    04:53:35,39 days 06:50:00,20.9V,5.2V,14.4V,14.3V,0.0A,0.0A,0.0A,-0.2A,,90.0F,,,,,,,
02/10/15    04:48:35,39 days 06:44:59,21.5V,5.2V,14.4V,14.3V,0.0A,0.0A,0.0A,-0.2A,,90.0F,,,,,,,
02/10/15    04:43:36,39 days 06:39:59,20.9V,5.2V,14.4V,14.3V,0.0A,0.0A,0.0A,-0.2A,,90.0F,,,,,,,
02/10/15    04:38:37,39 days 06:35:00,20.4V,5.2V,14.4V,14.3V,0.0A,0.0A,0.0A,-0.2A,,90.0F,,,,,,,
02/10/15    04:33:38,39 days 06:30:00,20.2V,5.2V,14.4V,14.3V,0.0A,0.0A,0.0A,-0.2A,,90.0F,,,,,,,
02/10/15    04:28:39,39 days 06:25:00,20.1V,5.2V,14.4V,14.3V,0.0A,0.0A,0.0A,-0.2A,,90.1F,,,,,,,
02/10/15    04:23:39,39 days 06:20:00,20.0V,5.2V,14.4V,14.3V,0.0A,0.0A,0.0A,-0.2A,,90.0F,,,,,,,
02/10/15    04:18:40,39 days 06:15:00,20.6V,5.2V,14.4V,14.3V,0.0A,0.0A,0.0A,-0.2A,,90.0F,,,,,,,
02/10/15    04:13:41,39 days 06:10:00,21.5V,5.2V,14.4V,14.3V,0.0A,0.0A,0.0A,-0.2A,,90.0F,,,,,,,
02/10/15    04:08:42,39 days 06:05:00,20.2V,5.2V,14.4V,14.3V,0.0A,0.0A,0.0A,-0.2A,,90.1F,,,,,,,
02/10/15    04:03:42,39 days 06:00:00,20.1V,5.2V,14.4V,14.3V,0.0A,0.0A,0.0A,-0.2A,,90.1F,,,,,,,
02/10/15    03:58:43,39 days 05:55:00,20.8V,5.2V,14.4V,14.3V,0.0A,0.0A,0.0A,-0.2A,,90.1F,,,,,,,
02/10/15    03:53:43,39 days 05:49:59,15.5V,5.2V,14.2V,14.2V,0.0A,0.0A,0.0A,-0.2A,,90.0F,,,,,,,
02/10/15    03:48:44,39 days 05:45:00,15.3V,5.2V,14.0V,13.9V,0.0A,0.0A,0.0A,-0.2A,,90.0F,,,,,,,
02/10/15    03:43:45,39 days 05:40:00,14.9V,5.2V,14.0V,13.9V,0.0A,0.0A,0.0A,-0.2A,,89.8F,,,,,,,
02/10/15    03:38:46,39 days 05:35:00,19.3V,5.2V,14.4V,14.3V,0.0A,0.0A,0.0A,-0.2A,,89.8F,,,,,,,
02/10/15    03:33:46,39 days 05:29:59,16.1V,5.2V,13.9V,13.8V,0.0A,0.0A,0.0A,-0.2A,,89.6F,,,,,,,
02/10/15    03:28:47,39 days 05:25:00,15.2V,5.2V,13.6V,13.6V,0.0A,0.0A,0.0A,-0.2A,,89.6F,,,,,,,
02/10/15    03:23:48,39 days 05:20:00,14.9V,5.2V,13.7V,13.6V,0.0A,0.0A,0.0A,-0.2A,,89.4F,,,,,,,
02/10/15    03:18:49,39 days 05:15:00,16.1V,5.1V,14.0V,13.9V,0.0A,0.0A,0.0A,-0.2A,,89.2F,,,,,,,
02/10/15    03:13:49,39 days 05:09:59,18.8V,5.1V,14.0V,14.0V,0.0A,0.0A,0.0A,-0.2A,,89.1F,,,,,,,
02/10/15    03:08:50,39 days 05:05:00,16.0V,5.2V,14.0V,13.9V,0.0A,0.0A,0.0A,-0.2A,,88.7F,,,,,,,
02/10/15    03:03:51,39 days 05:00:00,18.5V,5.2V,14.0V,13.9V,0.0A,0.0A,0.0A,-0.2A,,88.5F,,,,,,,
02/10/15    02:58:51,39 days 04:54:59,15.3V,5.2V,13.7V,13.6V,0.0A,0.0A,0.0A,-0.2A,,88.3F,,,,,,,
02/10/15    02:53:52,39 days 04:50:00,15.7V,5.2V,13.9V,13.8V,0.0A,0.0A,0.0A,-0.2A,,88.0F,,,,,,,
02/10/15    02:48:53,39 days 04:45:00,18.5V,5.2V,13.9V,13.9V,0.0A,0.0A,0.0A,-0.2A,,87.8F,,,,,,,
02/10/15    02:43:53,39 days 04:39:59,18.5V,5.2V,14.0V,13.9V,0.0A,0.0A,0.0A,-0.2A,,87.8F,,,,,,,
02/10/15    02:38:54,39 days 04:35:00,15.8V,5.2V,13.8V,13.7V,0.0A,0.0A,0.0A,-0.2A,,87.6F,,,,,,,
02/10/15    02:33:55,39 days 04:30:00,15.2V,5.2V,13.6V,13.6V,0.0A,0.0A,0.0A,-0.2A,,87.6F,,,,,,,
02/10/15    02:28:55,39 days 04:24:59,15.2V,5.2V,13.6V,13.5V,0.0A,0.0A,0.0A,-0.2A,,87.4F,,,,,,,
02/10/15    02:23:56,39 days 04:20:00,16.0V,5.2V,13.9V,13.8V,0.0A,0.0A,0.0A,-0.2A,,87.3F,,,,,,,
02/10/15    02:18:57,39 days 04:15:00,15.7V,5.2V,13.5V,13.5V,0.0A,0.0A,0.0A,-0.2A,,87.3F,,,,,,,
02/10/15    02:13:58,39 days 04:10:00,16.2V,5.2V,13.8V,13.8V,0.0A,0.0A,0.0A,-0.2A,,87.1F,,,,,,,
02/10/15    02:08:58,39 days 04:04:59,15.3V,5.2V,13.5V,13.5V,0.0A,0.0A,0.0A,-0.2A,,86.9F,,,,,,,
02/10/15    02:03:59,39 days 04:00:00,19.9V,5.2V,13.5V,13.4V,0.0A,0.0A,0.0A,-0.2A,,86.7F,,,,,,,
02/10/15    01:59:00,39 days 03:55:00,15.8V,5.2V,13.8V,13.8V,0.0A,0.0A,0.0A,-0.2A,,86.5F,,,,,,,
02/10/15    01:54:01,39 days 03:50:00,16.0V,5.2V,13.8V,13.8V,0.0A,0.0A,0.0A,-0.2A,,86.4F,,,,,,,
02/10/15    01:49:01,39 days 03:44:59,15.7V,5.2V,13.8V,13.7V,0.0A,0.0A,0.0A,-0.2A,,86.2F,,,,,,,
02/10/15    01:44:02,39 days 03:40:00,15.5V,5.2V,13.7V,13.6V,0.0A,0.0A,0.0A,-0.2A,,86.0F,,,,,,,
02/10/15    01:39:02,39 days 03:34:59,15.6V,5.2V,13.7V,13.6V,0.0A,0.0A,0.0A,-0.2A,,85.8F,,,,,,,
02/10/15    01:34:03,39 days 03:30:00,15.6V,5.2V,13.7V,13.7V,0.0A,0.0A,0.0A,-0.2A,,85.6F,,,,,,,
02/10/15    01:29:04,39 days 03:25:00,15.7V,5.2V,13.7V,13.7V,0.0A,0.0A,0.0A,-0.2A,,85.5F,,,,,,,
02/10/15    01:24:05,39 days 03:20:00,15.7V,5.2V,13.7V,13.7V,0.0A,0.0A,0.0A,-0.2A,,85.3F,,,,,,,
02/10/15    01:19:05,39 days 03:15:00,15.2V,5.2V,13.5V,13.5V,0.0A,0.0A,0.0A,-0.2A,,85.1F,,,,,,,
02/10/15    01:14:06,39 days 03:10:00,17.7V,5.2V,13.6V,13.6V,0.0A,0.0A,0.0A,-0.2A,,84.9F,,,,,,,
02/10/15    01:09:06,39 days 03:04:59,15.7V,5.2V,13.7V,13.7V,0.0A,0.0A,0.0A,-0.2A,,84.7F,,,,,,,
02/10/15    01:04:07,39 days 03:00:00,15.8V,5.2V,13.7V,13.7V,0.0A,0.0A,0.0A,-0.2A,,84.4F,,,,,,,
02/10/15    00:59:08,39 days 02:55:00,15.7V,5.2V,13.7V,13.6V,0.0A,0.0A,0.0A,-0.2A,,84.2F,,,,,,,
02/10/15    00:54:09,39 days 02:50:00,15.8V,5.2V,13.7V,13.6V,0.0A,0.0A,0.0A,-0.2A,,84.0F,,,,,,,
02/10/15    00:49:09,39 days 02:44:59,15.7V,5.2V,13.7V,13.6V,0.0A,0.0A,0.0A,-0.2A,,83.7F,,,,,,,
02/10/15    00:44:10,39 days 02:40:00,15.9V,5.2V,13.7V,13.6V,0.0A,0.0A,0.0A,-0.2A,,83.5F,,,,,,,
02/10/15    00:39:10,39 days 02:34:59,15.9V,5.2V,13.6V,13.6V,0.0A,0.0A,0.0A,-0.2A,,83.3F,,,,,,,
02/10/15    00:34:11,39 days 02:30:00,15.7V,5.2V,13.5V,13.5V,0.0A,0.0A,0.0A,-0.2A,,83.1F,,,,,,,
02/10/15    00:29:12,39 days 02:25:00,15.8V,5.2V,13.6V,13.6V,0.0A,0.0A,0.0A,-0.2A,,82.9F,,,,,,,
02/10/15    00:24:13,39 days 02:20:00,15.9V,5.2V,13.6V,13.6V,0.0A,0.0A,0.0A,-0.2A,,82.8F,,,,,,,
02/10/15    00:19:13,39 days 02:15:00,15.9V,5.2V,13.6V,13.5V,0.0A,0.0A,0.0A,-0.2A,,82.4F,,,,,,,
02/10/15    00:14:14,39 days 02:10:00,15.9V,5.2V,13.6V,13.5V,0.0A,0.0A,0.0A,-0.2A,,82.2F,,,,,,,
02/10/15    00:09:15,39 days 02:05:00,15.9V,5.2V,13.6V,13.5V,0.0A,0.0A,0.0A,-0.2A,,82.0F,,,,,,,
02/10/15    00:04:15,39 days 02:00:00,15.9V,5.2V,13.6V,13.5V,0.0A,0.0A,0.0A,-0.2A,,81.9F,,,,,,,
02/09/15    23:59:16,39 days 01:55:00,15.9V,5.2V,13.5V,13.5V,0.0A,0.0A,0.0A,-0.2A,,81.7F,,,,,,,
02/09/15    23:54:16,39 days 01:49:59,15.9V,5.2V,13.5V,13.5V,0.0A,0.0A,0.0A,-0.2A,,81.5F,,,,,,,
02/09/15    23:49:17,39 days 01:45:00,19.7V,5.2V,13.4V,13.3V,0.0A,0.0A,0.0A,-0.2A,,81.3F,,,,,,,
02/09/15    23:44:17,39 days 01:39:59,15.6V,5.2V,13.5V,13.4V,0.0A,0.0A,0.0A,-0.2A,,81.1F,,,,,,,
02/09/15    23:39:18,39 days 01:35:00,15.6V,5.2V,13.5V,13.5V,0.0A,0.0A,0.0A,-0.2A,,81.1F,,,,,,,
02/09/15    23:34:19,39 days 01:30:00,15.6V,5.2V,13.5V,13.4V,0.0A,0.0A,0.0A,-0.2A,,81.0F,,,,,,,
02/09/15    23:29:19,39 days 01:25:00,15.7V,5.2V,13.5V,13.4V,0.0A,0.0A,0.0A,-0.2A,,80.8F,,,,,,,
02/09/15    23:24:20,39 days 01:20:00,15.8V,5.2V,13.5V,13.4V,0.0A,0.0A,0.0A,-0.2A,,80.6F,,,,,,,
02/09/15    23:19:21,39 days 01:15:00,15.7V,0.3V,13.3V,13.3V,0.0A,0.0A,0.0A,-0.2A,,80.4F,,,,,,,
02/09/15    23:14:21,39 days 01:10:00,15.7V,0.3V,13.3V,13.2V,0.0A,0.0A,0.0A,-0.2A,,80.4F,,,,,,,
02/09/15    23:09:22,39 days 01:05:00,15.8V,0.3V,13.3V,13.3V,0.0A,0.0A,0.0A,-0.2A,,80.2F,,,,,,,
02/09/15    23:04:22,39 days 01:00:00,15.7V,0.3V,13.3V,13.3V,0.0A,0.0A,0.0A,-0.2A,,80.1F,,,,,,,
02/09/15    22:59:23,39 days 00:55:00,15.7V,0.3V,13.3V,13.2V,0.0A,0.0A,0.0A,-0.2A,,79.9F,,,,,,,
02/09/15    22:54:23,39 days 00:49:59,15.6V,0.3V,13.2V,13.2V,0.0A,0.0A,0.0A,-0.2A,,79.7F,,,,,,,
02/09/15    22:49:24,39 days 00:45:00,15.5V,0.3V,13.2V,13.2V,0.0A,0.0A,0.0A,-0.2A,,79.5F,,,,,,,
02/09/15    22:44:24,39 days 00:39:59,15.4V,0.3V,13.2V,13.1V,0.0A,0.0A,0.0A,-0.2A,,79.3F,,,,,,,
02/09/15    22:39:25,39 days 00:35:00,15.4V,0.3V,13.2V,13.1V,0.0A,0.0A,0.0A,-0.2A,,79.2F,,,,,,,
02/09/15    22:34:25,39 days 00:29:59,15.3V,0.3V,13.1V,13.1V,0.0A,0.0A,0.0A,-0.2A,,79.0F,,,,,,,
02/09/15    22:29:26,39 days 00:25:00,15.3V,0.3V,13.1V,13.0V,0.0A,0.0A,0.0A,-0.2A,,79.0F,,,,,,,
02/09/15    22:24:27,39 days 00:20:00,15.3V,0.3V,13.1V,13.0V,0.0A,0.0A,0.0A,-0.2A,,78.8F,,,,,,,
02/09/15    22:19:27,39 days 00:14:59,15.2V,0.3V,13.0V,13.0V,0.0A,0.0A,0.0A,-0.2A,,78.6F,,,,,,,
02/09/15    22:14:28,39 days 00:10:00,15.2V,0.3V,13.0V,13.0V,0.0A,0.0A,0.0A,-0.2A,,78.4F,,,,,,,
02/09/15    22:09:28,39 days 00:04:59,15.2V,0.3V,13.0V,12.9V,0.0A,0.0A,0.0A,-0.2A,,78.3F,,,,,,,
02/09/15    22:04:29,39 days 00:00:00,15.1V,0.3V,13.0V,12.9V,0.0A,0.0A,0.0A,-0.2A,,78.3F,,,,,,,
02/09/15    21:59:29,38 days 23:55:00,15.1V,0.3V,12.9V,12.9V,0.0A,0.0A,0.0A,-0.2A,,78.3F,,,,,,,
02/09/15    21:54:30,38 days 23:50:00,15.0V,0.3V,12.9V,12.9V,0.0A,0.0A,0.0A,-0.2A,,78.1F,,,,,,,
02/09/15    21:49:30,38 days 23:45:00,14.9V,0.3V,12.9V,12.9V,0.0A,0.0A,0.0A,-0.2A,,78.1F,,,,,,,
02/09/15    21:44:31,38 days 23:40:00,14.8V,4.7V,12.9V,12.9V,0.5A,0.0A,0.0A,-0.2A,,78.1F,,,,,,,
02/09/15    21:39:31,38 days 23:34:59,14.8V,4.7V,12.9V,12.9V,0.5A,0.0A,0.0A,-0.2A,,77.9F,,,,,,,
02/09/15    21:34:32,38 days 23:30:00,18.9V,4.7V,12.9V,12.8V,0.5A,0.0A,0.0A,-0.2A,,77.9F,,,,,,,
02/09/15    21:29:32,38 days 23:24:59,14.2V,4.7V,12.9V,12.8V,0.5A,0.0A,0.0A,-0.2A,,77.7F,,,,,,,
02/09/15    21:24:33,38 days 23:20:00,14.1V,4.7V,12.9V,12.8V,0.5A,0.0A,0.0A,-0.2A,,77.7F,,,,,,,
02/09/15    21:19:33,38 days 23:14:59,14.1V,4.7V,12.9V,12.8V,0.5A,0.0A,0.0A,-0.2A,,77.7F,,,,,,,
02/09/15    21:14:34,38 days 23:10:00,13.8V,5.2V,13.0V,13.0V,0.0A,0.0A,0.0A,-0.2A,,77.7F,,,,,,,
02/09/15    21:09:34,38 days 23:04:59,13.5V,5.2V,13.0V,13.0V,0.0A,0.0A,0.0A,-0.2A,,77.7F,,,,,,,
02/09/15    21:04:35,38 days 23:00:00,13.5V,5.2V,13.0V,13.0V,0.0A,0.0A,0.0A,-0.2A,,77.7F,,,,,,,
02/09/15    20:59:36,38 days 22:55:00,13.5V,5.2V,13.0V,13.0V,0.0A,0.0A,0.0A,-0.2A,,77.7F,,,,,,,
02/09/15    20:54:36,38 days 22:49:59,13.2V,5.2V,13.0V,13.0V,0.0A,0.0A,0.0A,-0.2A,,77.9F,,,,,,,
02/09/15    20:49:37,38 days 22:45:00,13.0V,5.2V,13.0V,13.0V,0.0A,0.0A,0.0A,-0.2A,,77.9F,,,,,,,
02/09/15    20:44:38,38 days 22:40:00,11.4V,5.2V,13.0V,13.0V,0.0A,0.0A,0.0A,-0.2A,,77.9F,,,,,,,
02/09/15    20:39:38,38 days 22:35:00,6.9V,5.2V,13.0V,12.9V,0.0A,0.0A,0.0A,-0.2A,,78.1F,,,,,,,
02/09/15    20:34:39,38 days 22:30:00,3.1V,4.7V,12.9V,12.8V,0.4A,0.0A,0.0A,-0.2A,,78.1F,,,,,,,
02/09/15    20:29:39,38 days 22:24:59,1.1V,4.7V,12.9V,12.8V,0.4A,0.0A,0.0A,-0.2A,,78.1F,,,,,,,
02/09/15    20:24:40,38 days 22:20:00,0.4V,4.7V,12.9V,12.8V,0.4A,0.0A,0.0A,-0.2A,,78.1F,,,,,,,
02/09/15    20:19:41,38 days 22:15:00,0.2V,4.7V,12.9V,12.8V,0.4A,0.0A,0.0A,-0.2A,,78.1F,,,,,,,
02/09/15    20:14:42,38 days 22:10:00,0.1V,4.7V,12.9V,12.8V,0.4A,0.0A,0.0A,-0.2A,,78.3F,,,,,,,
02/09/15    20:09:42,38 days 22:05:00,0.1V,4.7V,12.9V,12.8V,0.4A,0.0A,0.0A,-0.2A,,78.3F,,,,,,,
02/09/15    20:04:43,38 days 22:00:00,0.1V,4.7V,12.9V,12.8V,0.4A,0.0A,0.0A,-0.2A,,78.3F,,,,,,,
02/09/15    19:59:43,38 days 21:54:59,0.1V,4.7V,12.9V,12.8V,0.4A,0.0A,0.0A,-0.2A,,78.4F,,,,,,,
02/09/15    19:54:44,38 days 21:50:00,0.1V,4.7V,12.9V,12.8V,0.4A,0.0A,0.0A,-0.2A,,78.4F,,,,,,,
02/09/15    19:49:44,38 days 21:44:59,0.1V,4.7V,12.9V,12.8V,0.4A,0.0A,0.0A,-0.2A,,78.4F,,,,,,,
02/09/15    19:44:45,38 days 21:40:00,0.1V,4.7V,12.9V,12.8V,0.4A,0.0A,0.0A,-0.2A,,78.4F,,,,,,,
02/09/15    19:39:46,38 days 21:35:00,0.1V,4.7V,12.9V,12.8V,0.4A,0.0A,0.0A,-0.2A,,78.4F,,,,,,,
02/09/15    19:34:46,38 days 21:29:59,0.1V,4.7V,12.9V,12.8V,0.4A,0.0A,0.0A,-0.2A,,78.6F,,,,,,,
02/09/15    19:29:47,38 days 21:25:00,0.1V,4.7V,12.9V,12.8V,0.4A,0.0A,0.0A,-0.2A,,78.6F,,,,,,,
02/09/15    19:24:48,38 days 21:20:00,0.1V,4.7V,12.9V,12.9V,0.4A,0.0A,0.0A,-0.2A,,78.6F,,,,,,,
02/09/15    19:19:48,38 days 21:15:00,0.1V,4.7V,12.9V,12.9V,0.4A,0.0A,0.0A,-0.2A,,78.8F,,,,,,,
02/09/15    19:14:49,38 days 21:10:00,0.1V,4.7V,12.9V,12.9V,0.4A,0.0A,0.0A,-0.2A,,78.8F,,,,,,,
02/09/15    19:09:49,38 days 21:04:59,0.1V,4.7V,12.9V,12.9V,0.4A,0.0A,0.0A,-0.2A,,78.8F,,,,,,,
02/09/15    19:04:50,38 days 21:00:00,0.1V,4.7V,12.9V,12.9V,0.4A,0.0A,0.0A,-0.2A,,79.0F,,,,,,,
02/09/15    18:59:51,38 days 20:55:00,0.1V,4.7V,12.9V,12.9V,0.4A,0.0A,0.0A,-0.2A,,79.0F,,,,,,,
02/09/15    18:54:51,38 days 20:50:00,0.1V,4.7V,12.9V,12.9V,0.4A,0.0A,0.0A,-0.2A,,79.0F,,,,,,,
02/09/15    18:49:51,38 days 20:44:59,0.1V,4.7V,12.9V,12.9V,0.4A,0.0A,0.0A,-0.2A,,79.2F,,,,,,,
02/09/15    18:44:52,38 days 20:40:00,0.1V,4.7V,12.9V,12.9V,0.4A,0.0A,0.0A,-0.2A,,79.2F,,,,,,,
02/09/15    18:39:53,38 days 20:35:00,0.1V,4.7V,12.9V,12.9V,0.4A,0.0A,0.0A,-0.2A,,79.2F,,,,,,,
02/09/15    18:34:53,38 days 20:30:00,0.1V,4.7V,12.9V,12.9V,0.4A,0.0A,0.0A,-0.2A,,79.3F,,,,,,,
02/09/15    18:29:54,38 days 20:25:00,0.1V,4.7V,12.9V,12.9V,0.4A,0.0A,0.0A,-0.2A,,79.3F,,,,,,,
02/09/15    18:24:54,38 days 20:20:00,0.1V,4.7V,12.9V,12.9V,0.4A,0.0A,0.0A,-0.2A,,79.3F,,,,,,,
02/09/15    18:19:54,38 days 20:14:59,0.1V,4.7V,12.9V,12.9V,0.4A,0.0A,0.0A,-0.2A,,79.5F,,,,,,,
02/09/15    18:14:55,38 days 20:10:00,0.1V,4.7V,12.9V,12.9V,0.4A,0.0A,0.0A,-0.2A,,79.5F,,,,,,,
02/09/15    18:09:55,38 days 20:04:59,0.1V,4.7V,12.9V,12.9V,0.4A,0.0A,0.0A,-0.2A,,79.7F,,,,,,,
02/09/15    18:04:56,38 days 20:00:00,0.1V,4.7V,12.9V,12.9V,0.4A,0.0A,0.0A,-0.2A,,79.7F,,,,,,,
02/09/15    17:59:57,38 days 19:55:00,0.1V,4.7V,12.9V,12.9V,0.4A,0.0A,0.0A,-0.2A,,79.7F,,,,,,,
02/09/15    17:54:57,38 days 19:50:00,0.1V,4.7V,12.9V,12.9V,0.4A,0.0A,0.0A,-0.2A,,79.9F,,,,,,,
02/09/15    17:49:58,38 days 19:45:00,0.1V,4.7V,12.9V,12.8V,0.5A,0.0A,0.0A,-0.2A,,79.9F,,,,,,,
02/09/15    17:44:58,38 days 19:40:00,0.1V,4.7V,12.9V,12.8V,0.5A,0.0A,0.0A,-0.2A,,79.9F,,,,,,,
02/09/15    17:39:59,38 days 19:35:00,0.1V,4.7V,12.9V,12.9V,0.5A,0.0A,0.0A,-0.2A,,80.1F,,,,,,,
02/09/15    17:34:59,38 days 19:30:00,0.1V,4.7V,12.9V,12.9V,0.5A,0.0A,0.0A,-0.2A,,80.1F,,,,,,,
02/09/15    17:29:59,38 days 19:24:59,0.1V,4.7V,12.9V,12.9V,0.5A,0.0A,0.0A,-0.2A,,80.1F,,,,,,,
02/09/15    17:25:00,38 days 19:20:00,0.1V,4.7V,12.9V,12.9V,0.5A,0.0A,0.0A,-0.2A,,80.2F,,,,,,,
02/09/15    17:20:00,38 days 19:14:59,0.1V,4.7V,12.9V,12.9V,0.5A,0.0A,0.0A,-0.2A,,80.2F,,,,,,,
02/09/15    17:15:01,38 days 19:10:00,0.1V,4.7V,12.9V,12.9V,0.5A,0.0A,0.0A,-0.2A,,80.2F,,,,,,,
02/09/15    17:10:01,38 days 19:04:59,0.1V,4.7V,12.9V,12.9V,0.5A,0.0A,0.0A,-0.2A,,80.2F,,,,,,,
02/09/15    17:05:02,38 days 19:00:00,0.1V,4.7V,12.9V,12.9V,0.5A,0.0A,0.0A,-0.2A,,80.4F,,,,,,,
02/09/15    17:00:03,38 days 18:55:00,0.1V,4.7V,12.9V,12.9V,0.5A,0.0A,0.0A,-0.2A,,80.4F,,,,,,,
02/09/15    16:55:03,38 days 18:49:59,0.1V,4.7V,12.9V,12.9V,0.5A,0.0A,0.0A,-0.2A,,80.4F,,,,,,,
02/09/15    16:50:04,38 days 18:45:00,0.1V,4.7V,12.9V,12.9V,0.5A,0.0A,0.0A,-0.2A,,80.6F,,,,,,,
02/09/15    16:45:05,38 days 18:40:00,0.1V,4.7V,12.9V,12.9V,0.5A,0.0A,0.0A,-0.2A,,80.6F,,,,,,,
02/09/15    16:40:05,38 days 18:35:00,0.1V,4.7V,12.9V,12.9V,0.5A,0.0A,0.0A,-0.2A,,80.6F,,,,,,,
02/09/15    16:35:06,38 days 18:30:00,0.1V,4.7V,12.9V,12.9V,0.5A,0.0A,0.0A,-0.2A,,80.8F,,,,,,,
02/09/15    16:30:06,38 days 18:24:59,0.1V,4.7V,12.9V,12.9V,0.5A,0.0A,0.0A,-0.2A,,80.8F,,,,,,,
02/09/15    16:25:07,38 days 18:20:00,0.1V,4.7V,12.9V,12.9V,0.5A,0.0A,0.0A,-0.2A,,81.0F,,,,,,,
02/09/15    16:20:07,38 days 18:14:59,0.1V,4.7V,12.9V,12.9V,0.5A,0.0A,0.0A,-0.2A,,81.1F,,,,,,,
02/09/15    16:15:08,38 days 18:10:00,0.1V,4.7V,12.9V,12.9V,0.5A,0.0A,0.0A,-0.2A,,81.1F,,,,,,,
02/09/15    16:10:09,38 days 18:05:00,0.1V,4.7V,12.9V,12.9V,0.5A,0.0A,0.0A,-0.2A,,81.3F,,,,,,,
02/09/15    16:05:10,38 days 18:00:00,0.1V,4.7V,12.9V,12.9V,0.5A,0.0A,0.0A,-0.2A,,81.3F,,,,,,,
02/09/15    16:00:10,38 days 17:55:00,0.1V,4.7V,12.9V,12.9V,0.5A,0.0A,0.0A,-0.2A,,81.5F,,,,,,,
02/09/15    15:55:11,38 days 17:50:00,0.1V,4.7V,12.9V,12.9V,0.5A,0.0A,0.0A,-0.2A,,81.5F,,,,,,,
02/09/15    15:50:11,38 days 17:44:59,0.1V,4.7V,12.9V,12.9V,0.5A,0.0A,0.0A,-0.2A,,81.7F,,,,,,,
02/09/15    15:45:12,38 days 17:40:00,0.1V,4.7V,12.9V,12.9V,0.5A,0.0A,0.0A,-0.2A,,81.9F,,,,,,,
02/09/15    15:40:12,38 days 17:34:59,0.1V,4.7V,12.9V,12.9V,0.5A,0.0A,0.0A,-0.2A,,81.9F,,,,,,,
02/09/15    15:35:13,38 days 17:29:59,0.2V,4.7V,12.9V,12.9V,0.5A,0.0A,0.0A,-0.2A,,82.0F,,,,,,,
02/09/15    15:30:14,38 days 17:25:00,0.2V,4.7V,12.9V,12.9V,0.5A,0.0A,0.0A,-0.2A,,82.0F,,,,,,,
02/09/15    15:25:15,38 days 17:20:00,0.2V,4.7V,12.9V,12.8V,0.7A,0.0A,0.0A,-0.2A,,82.2F,,,,,,,
02/09/15    15:20:15,38 days 17:14:59,0.2V,4.7V,12.9V,12.9V,0.7A,0.0A,0.0A,-0.2A,,82.2F,,,,,,,
02/09/15    15:15:16,38 days 17:10:00,0.2V,4.7V,12.9V,12.9V,0.7A,0.0A,0.0A,-0.2A,,82.2F,,,,,,,
02/09/15    15:10:17,38 days 17:05:00,0.2V,4.7V,12.9V,12.9V,0.7A,0.0A,0.0A,-0.2A,,82.4F,,,,,,,
02/09/15    15:05:17,38 days 16:59:59,0.2V,4.7V,12.9V,12.9V,0.7A,0.0A,0.0A,-0.2A,,82.4F,,,,,,,
02/09/15    15:00:18,38 days 16:55:00,0.2V,4.7V,12.9V,12.9V,0.7A,0.0A,0.0A,-0.2A,,82.6F,,,,,,,
02/09/15    14:55:19,38 days 16:50:00,0.2V,4.7V,12.9V,12.9V,0.7A,0.0A,0.0A,-0.2A,,82.6F,,,,,,,
02/09/15    14:50:20,38 days 16:45:00,0.2V,4.7V,12.9V,12.9V,0.7A,0.0A,0.0A,-0.2A,,82.8F,,,,,,,
02/09/15    14:45:20,38 days 16:39:59,0.2V,4.7V,12.9V,12.9V,0.7A,0.0A,0.0A,-0.2A,,82.8F,,,,,,,
02/09/15    14:40:21,38 days 16:35:00,0.2V,4.7V,12.9V,12.9V,0.7A,0.0A,0.0A,-0.2A,,82.9F,,,,,,,
02/09/15    14:35:22,38 days 16:30:00,0.2V,4.7V,12.9V,12.9V,0.7A,0.0A,0.0A,-0.2A,,82.9F,,,,,,,
02/09/15    14:30:22,38 days 16:24:59,0.2V,4.7V,13.0V,12.9V,0.7A,0.0A,0.0A,-0.2A,,83.1F,,,,,,,
02/09/15    14:25:23,38 days 16:20:00,0.2V,4.7V,13.0V,12.9V,0.7A,0.0A,0.0A,-0.2A,,83.1F,,,,,,,
02/09/15    14:20:24,38 days 16:15:00,0.2V,4.7V,13.0V,12.9V,0.7A,0.0A,0.0A,-0.2A,,83.1F,,,,,,,
02/09/15    14:15:24,38 days 16:10:00,0.2V,4.7V,13.0V,12.9V,0.7A,0.0A,0.0A,-0.2A,,83.3F,,,,,,,
02/09/15    14:10:25,38 days 16:05:00,0.2V,4.7V,13.0V,12.9V,0.7A,0.0A,0.0A,-0.2A,,83.3F,,,,,,,
02/09/15    14:05:25,38 days 16:00:00,0.2V,4.7V,13.0V,12.9V,0.7A,0.0A,0.0A,-0.2A,,83.3F,,,,,,,
02/09/15    14:00:26,38 days 15:55:00,0.2V,4.7V,13.0V,13.0V,0.7A,0.0A,0.0A,-0.2A,,83.3F,,,,,,,
02/09/15    13:55:26,38 days 15:49:59,0.2V,4.7V,13.0V,13.0V,0.7A,0.0A,0.0A,-0.2A,,83.3F,,,,,,,
02/09/15    13:50:27,38 days 15:45:00,0.2V,4.7V,13.0V,13.0V,0.7A,0.0A,0.0A,-0.2A,,83.3F,,,,,,,
02/09/15    13:45:27,38 days 15:39:59,0.2V,4.7V,13.0V,13.0V,0.7A,0.0A,0.0A,-0.2A,,83.3F,,,,,,,
02/09/15    13:40:28,38 days 15:35:00,0.2V,4.7V,13.0V,13.0V,0.7A,0.0A,0.0A,-0.2A,,83.5F,,,,,,,
02/09/15    13:35:28,38 days 15:29:59,0.2V,4.7V,13.0V,13.0V,0.7A,0.0A,0.0A,-0.2A,,83.5F,,,,,,,
02/09/15    13:30:29,38 days 15:25:00,0.2V,4.7V,13.0V,13.0V,0.7A,0.0A,0.0A,-0.2A,,83.5F,,,,,,,
02/09/15    13:25:29,38 days 15:19:59,0.2V,4.7V,13.0V,13.0V,0.7A,0.0A,0.0A,-0.2A,,83.5F,,,,,,,
02/09/15    13:20:30,38 days 15:15:00,0.2V,4.7V,13.0V,13.0V,0.7A,0.0A,0.0A,-0.2A,,83.5F,,,,,,,
02/09/15    13:15:30,38 days 15:09:59,0.2V,4.7V,13.0V,13.0V,0.7A,0.0A,0.0A,-0.2A,,83.5F,,,,,,,
02/09/15    13:10:31,38 days 15:05:00,0.2V,4.7V,13.0V,13.0V,0.7A,0.0A,0.0A,-0.2A,,83.5F,,,,,,,
02/09/15    13:05:31,38 days 14:59:59,0.1V,4.7V,13.0V,13.0V,0.7A,0.0A,0.0A,-0.2A,,83.7F,,,,,,,
02/09/15    13:00:32,38 days 14:54:59,0.1V,4.7V,13.1V,13.0V,0.7A,0.0A,0.0A,-0.2A,,83.7F,,,,,,,
02/09/15    12:55:33,38 days 14:50:00,0.1V,5.2V,13.2V,13.2V,0.0A,0.0A,0.0A,-0.2A,,83.8F,,,,,,,
02/09/15    12:50:34,38 days 14:45:00,0.1V,5.2V,13.2V,13.2V,0.0A,0.0A,0.0A,-0.2A,,84.0F,,,,,,,
02/09/15    12:45:35,38 days 14:40:00,0.1V,5.2V,13.2V,13.2V,0.0A,0.0A,0.0A,-0.2A,,84.2F,,,,,,,
02/09/15    12:40:35,38 days 14:35:00,0.1V,5.2V,13.2V,13.2V,0.0A,0.0A,0.0A,-0.2A,,84.2F,,,,,,,
02/09/15    12:35:36,38 days 14:30:00,0.1V,5.2V,13.2V,13.2V,0.0A,0.0A,0.0A,-0.2A,,84.4F,,,,,,,
02/09/15    12:30:36,38 days 14:24:59,0.2V,5.2V,13.2V,13.1V,0.0A,0.0A,0.0A,-0.2A,,84.4F,,,,,,,
02/09/15    12:25:37,38 days 14:20:00,0.2V,4.7V,13.0V,13.0V,0.7A,0.0A,0.0A,-0.2A,,84.6F,,,,,,,
02/09/15    12:20:38,38 days 14:15:00,0.2V,4.7V,13.0V,13.0V,0.7A,0.0A,0.0A,-0.2A,,84.6F,,,,,,,
02/09/15    12:15:38,38 days 14:09:59,0.2V,4.7V,13.0V,13.0V,0.7A,0.0A,0.0A,-0.2A,,84.6F,,,,,,,
02/09/15    12:10:39,38 days 14:05:00,0.2V,4.7V,13.0V,13.0V,0.7A,0.0A,0.0A,-0.2A,,84.6F,,,,,,,
02/09/15    12:05:40,38 days 14:00:00,0.2V,4.7V,13.1V,13.0V,0.7A,0.0A,0.0A,-0.2A,,84.6F,,,,,,,
02/09/15    12:00:40,38 days 13:54:59,0.1V,4.7V,13.1V,13.0V,0.7A,0.0A,0.0A,-0.2A,,84.7F,,,,,,,
02/09/15    11:55:41,38 days 13:50:00,0.1V,5.2V,13.2V,13.2V,0.0A,0.0A,0.0A,-0.2A,,84.9F,,,,,,,
02/09/15    11:50:42,38 days 13:45:00,0.1V,5.2V,13.2V,13.2V,0.0A,0.0A,0.0A,-0.2A,,84.9F,,,,,,,
02/09/15    11:45:43,38 days 13:40:00,0.1V,5.2V,13.2V,13.2V,0.0A,0.0A,0.0A,-0.2A,,85.1F,,,,,,,
02/09/15    11:40:43,38 days 13:35:00,0.2V,5.2V,13.2V,13.2V,0.0A,0.0A,0.0A,-0.2A,,85.1F,,,,,,,
02/09/15    11:35:44,38 days 13:30:00,0.2V,4.7V,13.1V,13.0V,0.7A,0.0A,0.0A,-0.2A,,85.1F,,,,,,,
02/09/15    11:30:45,38 days 13:25:00,0.2V,4.7V,13.1V,13.0V,0.7A,0.0A,0.0A,-0.2A,,85.3F,,,,,,,
02/09/15    11:25:45,38 days 13:19:59,0.2V,4.7V,13.1V,13.1V,0.5A,0.0A,0.0A,-0.2A,,85.3F,,,,,,,
02/09/15    11:20:46,38 days 13:15:00,0.1V,4.7V,13.1V,13.1V,0.4A,0.0A,0.0A,-0.2A,,85.3F,,,,,,,
02/09/15    11:15:47,38 days 13:10:00,0.2V,5.2V,13.2V,13.2V,0.0A,0.0A,0.0A,-0.2A,,85.3F,,,,,,,
02/09/15    11:10:47,38 days 13:04:59,0.1V,4.7V,13.1V,13.0V,0.8A,0.0A,0.0A,-0.2A,,85.5F,,,,,,,
02/09/15    11:05:48,38 days 13:00:00,0.1V,5.2V,13.2V,13.2V,0.0A,0.0A,0.0A,-0.2A,,85.5F,,,,,,,
02/09/15    11:00:49,38 days 12:55:00,0.1V,5.2V,13.2V,13.2V,0.0A,0.0A,0.0A,-0.2A,,85.6F,,,,,,,
02/09/15    10:55:50,38 days 12:50:00,0.1V,5.2V,13.2V,13.2V,0.0A,0.0A,0.0A,-0.2A,,85.8F,,,,,,,
02/09/15    10:50:50,38 days 12:45:00,0.1V,5.2V,13.2V,13.2V,0.0A,0.0A,0.0A,-0.2A,,85.8F,,,,,,,
02/09/15    10:45:51,38 days 12:40:00,0.1V,5.2V,13.2V,13.2V,0.0A,0.0A,0.0A,-0.2A,,86.0F,,,,,,,
02/09/15    10:40:52,38 days 12:35:00,0.2V,5.2V,13.1V,13.1V,0.0A,0.1A,0.0A,-0.2A,,86.0F,,,,,,,
02/09/15    10:35:52,38 days 12:30:00,0.2V,4.7V,13.0V,12.9V,0.7A,0.1A,0.0A,-0.2A,,86.0F,,,,,,,
02/09/15    10:30:53,38 days 12:25:00,0.2V,4.7V,13.0V,12.9V,0.7A,0.1A,0.0A,-0.2A,,86.0F,,,,,,,
02/09/15    10:25:54,38 days 12:20:00,0.2V,4.7V,13.0V,12.9V,0.7A,0.1A,0.0A,-0.2A,,86.0F,,,,,,,
02/09/15    10:20:55,38 days 12:15:00,0.1V,4.7V,13.0V,12.9V,0.7A,0.1A,0.0A,-0.2A,,86.2F,,,,,,,
02/09/15    10:15:55,38 days 12:10:00,0.1V,5.2V,13.1V,13.1V,0.0A,0.1A,0.0A,-0.2A,,86.2F,,,,,,,
02/09/15    10:10:56,38 days 12:05:00,0.1V,5.2V,13.1V,13.1V,0.0A,0.1A,0.0A,-0.2A,,86.2F,,,,,,,
02/09/15    10:05:57,38 days 12:00:00,0.1V,5.2V,13.1V,13.1V,0.0A,0.1A,0.0A,-0.2A,,86.4F,,,,,,,
02/09/15    10:00:58,38 days 11:55:00,0.1V,5.2V,13.1V,13.1V,0.0A,0.1A,0.0A,-0.2A,,86.4F,,,,,,,
02/09/15    09:55:58,38 days 11:50:00,0.2V,5.2V,13.1V,13.1V,0.0A,0.1A,0.0A,-0.2A,,86.4F,,,,,,,
02/09/15    09:50:59,38 days 11:45:00,0.2V,4.7V,13.1V,13.0V,0.7A,0.0A,0.0A,-0.2A,,86.4F,,,,,,,
02/09/15    09:45:59,38 days 11:39:59,0.2V,4.7V,13.1V,13.0V,0.7A,0.0A,0.0A,-0.2A,,86.4F,,,,,,,
02/09/15    09:41:00,38 days 11:34:59,0.4V,5.2V,13.2V,13.2V,0.0A,0.0A,0.0A,-0.2A,,86.5F,,,,,,,
02/09/15    09:36:01,38 days 11:30:00,1.1V,5.2V,13.2V,13.2V,0.0A,0.0A,0.0A,-0.2A,,86.5F,,,,,,,
02/09/15    09:31:02,38 days 11:25:00,3.2V,5.2V,13.2V,13.2V,0.0A,0.0A,0.0A,-0.2A,,86.7F,,,,,,,
02/09/15    09:26:02,38 days 11:19:59,6.8V,0.3V,13.2V,13.2V,0.0A,0.0A,0.0A,-0.2A,,86.7F,,,,,,,
02/09/15    09:21:03,38 days 11:14:59,10.6V,0.3V,13.2V,13.2V,0.0A,0.0A,0.0A,-0.2A,,86.7F,,,,,,,
02/09/15    09:16:04,38 days 11:10:00,13.1V,0.3V,13.2V,13.2V,0.0A,0.0A,0.0A,-0.2A,,86.9F,,,,,,,
02/09/15    09:11:05,38 days 11:05:00,13.3V,0.3V,13.2V,13.2V,0.0A,0.0A,0.0A,-0.2A,,86.9F,,,,,,,
02/09/15    09:06:05,38 days 10:59:59,13.7V,0.3V,13.2V,13.2V,0.0A,0.0A,0.0A,-0.2A,,86.9F,,,,,,,
02/09/15    09:01:06,38 days 10:55:00,15.2V,0.3V,13.2V,13.2V,0.0A,0.0A,0.0A,-0.2A,,86.9F,,,,,,,
02/09/15    08:56:07,38 days 10:50:00,13.5V,0.3V,13.0V,13.0V,0.0A,0.0A,0.0A,-0.2A,,87.1F,,,,,,,
02/09/15    08:51:08,38 days 10:45:00,13.5V,0.3V,13.0V,13.0V,0.0A,0.0A,0.0A,-0.2A,,87.1F,,,,,,,
02/09/15    08:46:08,38 days 10:39:59,13.6V,0.3V,13.0V,13.0V,0.0A,0.0A,0.0A,-0.2A,,87.1F,,,,,,,
02/09/15    08:41:09,38 days 10:35:00,14.3V,0.3V,13.1V,13.0V,0.0A,0.0A,0.0A,-0.2A,,87.3F,,,,,,,
02/09/15    08:36:10,38 days 10:30:00,0.8V,5.2V,13.2V,13.2V,0.0A,0.0A,0.0A,-0.2A,,87.4F,,,,,,,
02/09/15    08:31:11,38 days 10:25:00,0.8V,5.2V,13.2V,13.2V,0.0A,0.0A,0.0A,-0.2A,,87.6F,,,,,,,
02/09/15    08:26:12,38 days 10:20:00,0.9V,5.2V,13.2V,13.2V,0.0A,0.0A,0.0A,-0.2A,,88.0F,,,,,,,
02/09/15    08:21:13,38 days 10:15:00,0.9V,5.2V,13.2V,13.2V,0.0A,0.0A,0.0A,-0.2A,,88.2F,,,,,,,
02/09/15    08:16:14,38 days 10:10:00,0.9V,5.2V,13.2V,13.2V,0.0A,0.0A,0.0A,-0.2A,,88.5F,,,,,,,
02/09/15    08:11:15,38 days 10:05:00,0.9V,5.2V,13.2V,13.2V,0.0A,0.0A,0.0A,-0.2A,,88.7F,,,,,,,
02/09/15    08:06:16,38 days 10:00:00,0.9V,5.2V,13.2V,13.2V,0.0A,0.0A,0.0A,-0.2A,,89.1F,,,,,,,
02/09/15    08:01:16,38 days 09:54:59,0.9V,5.2V,13.2V,13.2V,0.0A,0.0A,0.0A,-0.2A,,89.2F,,,,,,,
02/09/15    07:56:17,38 days 09:50:00,0.9V,5.2V,13.2V,13.2V,0.0A,0.0A,0.0A,-0.2A,,89.6F,,,,,,,
02/09/15    07:51:18,38 days 09:45:00,0.9V,5.2V,13.2V,13.2V,0.0A,0.0A,0.0A,-0.2A,,90.0F,,,,,,,
02/09/15    07:46:19,38 days 09:40:00,1.0V,5.2V,13.2V,13.2V,0.0A,0.0A,0.0A,-0.2A,,90.3F,,,,,,,
02/09/15    07:41:19,38 days 09:34:59,1.0V,5.2V,13.2V,13.2V,0.0A,0.0A,0.0A,-0.2A,,90.5F,,,,,,,
02/09/15    07:36:20,38 days 09:29:59,1.0V,5.2V,13.2V,13.2V,0.0A,0.0A,0.0A,-0.2A,,90.7F,,,,,,,
02/09/15    07:31:21,38 days 09:25:00,1.0V,5.2V,13.2V,13.2V,0.0A,0.0A,0.0A,-0.2A,,90.9F,,,,,,,
02/09/15    07:26:22,38 days 09:20:00,1.1V,5.2V,13.2V,13.2V,0.0A,0.0A,0.0A,-0.2A,,91.0F,,,,,,,
02/09/15    07:21:23,38 days 09:15:00,14.9V,5.2V,13.3V,13.2V,0.0A,0.0A,0.0A,-0.2A,,91.2F,,,,,,,
02/09/15    07:16:24,38 days 09:10:00,13.8V,5.2V,13.3V,13.2V,0.0A,0.0A,0.0A,-0.2A,,91.4F,,,,,,,
02/09/15    07:11:24,38 days 09:04:59,14.0V,5.2V,13.3V,13.3V,0.0A,0.0A,0.0A,-0.2A,,91.6F,,,,,,,
02/09/15    07:06:25,38 days 09:00:00,14.2V,5.2V,13.3V,13.2V,0.0A,0.0A,0.0A,-0.2A,,91.8F,,,,,,,
02/09/15    07:01:26,38 days 08:55:00,14.4V,4.8V,13.2V,13.2V,0.3A,0.0A,0.0A,-0.2A,,91.9F,,,,,,,
02/09/15    06:56:27,38 days 08:50:00,14.3V,4.8V,13.2V,13.2V,0.3A,0.0A,0.0A,-0.2A,,92.1F,,,,,,,
02/09/15    06:51:27,38 days 08:44:59,14.2V,4.8V,13.2V,13.2V,0.3A,0.0A,0.0A,-0.2A,,92.3F,,,,,,,
02/09/15    06:46:28,38 days 08:40:00,14.2V,4.8V,13.3V,13.3V,0.3A,0.0A,0.0A,-0.2A,,92.3F,,,,,,,
02/09/15    06:41:29,38 days 08:35:00,14.3V,4.8V,13.4V,13.3V,0.3A,0.0A,0.0A,-0.2A,,92.5F,,,,,,,
02/09/15    06:36:30,38 days 08:30:00,14.3V,4.8V,13.6V,13.6V,0.4A,0.0A,0.0A,-0.2A,,92.5F,,,,,,,
02/09/15    06:31:30,38 days 08:24:59,20.9V,4.8V,14.3V,14.2V,0.4A,0.0A,0.0A,-0.2A,,92.7F,,,,,,,
02/09/15    06:26:31,38 days 08:19:59,16.3V,4.8V,14.2V,14.1V,0.5A,0.0A,0.0A,-0.2A,,92.7F,,,,,,,
02/09/15    06:21:32,38 days 08:14:59,16.1V,4.8V,13.9V,13.9V,0.5A,0.0A,0.0A,-0.2A,,92.7F,,,,,,,
02/09/15    06:16:33,38 days 08:09:59,15.0V,4.7V,13.8V,13.8V,0.6A,0.0A,0.0A,-0.2A,,92.7F,,,,,,,
02/09/15    06:11:34,38 days 08:05:00,15.5V,4.8V,14.2V,14.2V,0.5A,0.0A,0.0A,-0.2A,,92.7F,,,,,,,
02/09/15    06:06:35,38 days 08:00:00,20.2V,4.8V,14.3V,14.3V,0.5A,0.0A,0.0A,-0.2A,,92.7F,,,,,,,
02/09/15    06:01:36,38 days 07:55:00,16.4V,4.8V,14.3V,14.3V,0.4A,0.0A,0.0A,-0.2A,,92.5F,,,,,,,
02/09/15    05:56:37,38 days 07:50:00,20.9V,4.8V,14.3V,14.3V,0.5A,0.0A,0.0A,-0.2A,,92.5F,,,,,,,
02/09/15    05:51:38,38 days 07:45:00,20.6V,4.8V,14.3V,14.3V,0.5A,0.0A,0.0A,-0.2A,,92.3F,,,,,,,
02/09/15    05:46:38,38 days 07:39:59,21.0V,4.8V,14.3V,14.3V,0.5A,0.0A,0.0A,-0.2A,,92.3F,,,,,,,
02/09/15    05:41:40,38 days 07:35:00,15.7V,4.7V,13.7V,13.6V,0.5A,0.0A,0.0A,-0.2A,,92.3F,,,,,,,
02/09/15    05:36:40,38 days 07:30:00,16.3V,4.7V,14.1V,14.0V,0.5A,0.0A,0.0A,-0.2A,,92.3F,,,,,,,
02/09/15    05:31:41,38 days 07:25:00,16.0V,4.7V,14.3V,14.2V,0.6A,0.0A,0.0A,-0.2A,,92.3F,,,,,,,
02/09/15    05:26:42,38 days 07:20:00,15.4V,4.7V,14.1V,14.1V,0.6A,0.0A,0.0A,-0.2A,,92.1F,,,,,,,
02/09/15    05:21:43,38 days 07:15:00,16.1V,4.7V,14.1V,14.0V,0.6A,0.0A,0.0A,-0.2A,,92.3F,,,,,,,
02/09/15    05:16:44,38 days 07:10:00,14.9V,4.7V,13.5V,13.4V,0.6A,0.0A,0.0A,-0.2A,,92.3F,,,,,,,
02/09/15    05:11:45,38 days 07:05:00,14.5V,4.7V,13.5V,13.4V,0.6A,0.0A,0.0A,-0.2A,,92.3F,,,,,,,
02/09/15    05:06:45,38 days 06:59:59,14.3V,4.7V,13.8V,13.8V,0.6A,0.0A,0.0A,-0.2A,,92.3F,,,,,,,
02/09/15    05:01:46,38 days 06:54:59,20.4V,4.7V,14.3V,14.2V,0.6A,0.0A,0.0A,-0.2A,,92.3F,,,,,,,
02/09/15    04:56:47,38 days 06:50:00,19.1V,4.7V,14.3V,14.2V,0.6A,0.0A,0.0A,-0.2A,,92.3F,,,,,,,
02/09/15    04:51:48,38 days 06:45:00,15.9V,4.7V,13.5V,13.5V,0.6A,0.0A,0.0A,-0.2A,,92.3F,,,,,,,
02/09/15    04:46:49,38 days 06:40:00,16.2V,4.7V,13.9V,13.9V,0.6A,0.0A,0.0A,-0.2A,,92.3F,,,,,,,
02/09/15    04:41:50,38 days 06:35:00,14.0V,4.7V,13.5V,13.5V,0.6A,0.0A,0.0A,-0.2A,,92.3F,,,,,,,
02/09/15    04:36:50,38 days 06:29:59,19.8V,4.7V,14.3V,14.2V,0.6A,0.0A,0.0A,-0.2A,,92.3F,,,,,,,
02/09/15    04:31:51,38 days 06:25:00,15.2V,4.7V,13.9V,13.8V,0.6A,0.0A,0.0A,-0.2A,,92.3F,,,,,,,
02/09/15    04:26:52,38 days 06:20:00,19.8V,4.7V,14.3V,14.3V,0.6A,0.0A,-0.2A,-0.2A,,92.3F,,,,,,,
02/09/15    04:21:53,38 days 06:15:00,19.5V,4.7V,14.3V,14.3V,0.6A,0.0A,-0.2A,-0.2A,,92.3F,,,,,,,
02/09/15    04:16:53,38 days 06:09:59,19.4V,4.7V,14.3V,14.3V,0.6A,0.0A,-0.2A,-0.2A,,92.3F,,,,,,,
02/09/15    04:11:55,38 days 06:05:00,19.4V,4.7V,14.3V,14.3V,0.6A,0.0A,0.0A,-0.2A,,92.3F,,,,,,,
02/09/15    04:06:55,38 days 05:59:59,19.9V,4.7V,14.3V,14.3V,0.6A,0.0A,0.0A,-0.2A,,92.3F,,,,,,,
02/09/15    04:01:56,38 days 05:54:59,19.4V,4.7V,14.3V,14.2V,0.6A,0.0A,0.0A,-0.2A,,92.3F,,,,,,,
02/09/15    03:56:57,38 days 05:50:00,19.3V,4.7V,14.3V,14.2V,0.6A,0.0A,0.0A,-0.2A,,92.1F,,,,,,,
02/09/15    03:51:58,38 days 05:45:00,19.9V,4.7V,14.3V,14.2V,0.6A,0.0A,0.0A,-0.2A,,91.9F,,,,,,,
02/09/15    03:46:59,38 days 05:40:00,19.3V,4.7V,14.3V,14.2V,0.6A,0.0A,0.0A,-0.2A,,91.8F,,,,,,,
02/09/15    03:41:59,38 days 05:35:00,20.9V,4.7V,14.2V,14.2V,0.6A,0.0A,0.0A,-0.2A,,91.6F,,,,,,,
02/09/15    03:37:00,38 days 05:30:00,19.6V,4.7V,14.3V,14.3V,0.6A,0.0A,0.0A,-0.2A,,91.4F,,,,,,,
02/09/15    03:32:00,38 days 05:24:59,19.5V,4.7V,14.3V,14.3V,0.6A,0.0A,0.0A,-0.2A,,91.4F,,,,,,,
02/09/15    03:27:01,38 days 05:19:59,19.7V,4.7V,14.3V,14.2V,0.6A,0.0A,0.0A,-0.2A,,91.2F,,,,,,,
02/09/15    03:22:02,38 days 05:15:00,20.1V,4.7V,14.3V,14.3V,0.6A,0.0A,0.0A,-0.2A,,91.2F,,,,,,,
02/09/15    03:17:03,38 days 05:10:00,19.3V,4.7V,14.3V,14.3V,0.6A,0.0A,0.0A,-0.2A,,91.0F,,,,,,,
02/09/15    03:12:03,38 days 05:04:59,19.4V,4.7V,14.3V,14.3V,0.6A,0.0A,0.0A,-0.2A,,91.0F,,,,,,,
02/09/15    03:07:04,38 days 05:00:00,19.7V,4.7V,14.3V,14.3V,0.6A,0.0A,0.0A,-0.2A,,90.9F,,,,,,,
02/09/15    03:02:05,38 days 04:55:00,19.7V,4.7V,14.3V,14.3V,0.6A,0.0A,0.0A,-0.2A,,90.7F,,,,,,,
02/09/15    02:57:06,38 days 04:50:00,19.6V,4.7V,14.3V,14.3V,0.6A,0.0A,0.0A,-0.2A,,90.3F,,,,,,,
02/09/15    02:52:06,38 days 04:44:59,19.5V,4.7V,14.3V,14.2V,0.6A,0.0A,0.0A,-0.2A,,90.1F,,,,,,,
02/09/15    02:47:07,38 days 04:40:00,19.1V,5.2V,14.3V,14.3V,0.0A,0.0A,0.0A,-0.2A,,89.8F,,,,,,,
02/09/15    02:42:08,38 days 04:35:00,16.9V,5.2V,14.3V,14.3V,0.0A,0.0A,0.0A,-0.2A,,89.6F,,,,,,,
02/09/15    02:37:09,38 days 04:30:00,16.2V,5.2V,14.1V,14.1V,0.0A,0.0A,0.0A,-0.2A,,89.2F,,,,,,,
02/09/15    02:32:09,38 days 04:24:59,15.9V,5.2V,14.0V,14.0V,0.0A,0.0A,0.0A,-0.2A,,89.1F,,,,,,,
02/09/15    02:27:10,38 days 04:20:00,15.9V,5.2V,14.0V,13.9V,0.0A,0.0A,0.0A,-0.2A,,88.9F,,,,,,,
02/09/15    02:22:10,38 days 04:14:59,15.9V,5.2V,13.9V,13.9V,0.0A,0.0A,0.0A,-0.2A,,88.7F,,,,,,,
02/09/15    02:17:11,38 days 04:09:59,15.9V,5.2V,13.9V,13.9V,0.0A,0.0A,0.0A,-0.2A,,88.5F,,,,,,,
02/09/15    02:12:12,38 days 04:05:00,15.9V,5.2V,13.9V,13.8V,0.0A,0.0A,0.0A,-0.2A,,88.5F,,,,,,,
02/09/15    02:07:13,38 days 04:00:00,15.8V,5.2V,13.9V,13.8V,0.0A,0.0A,0.0A,-0.2A,,88.3F,,,,,,,
02/09/15    02:02:13,38 days 03:55:00,15.7V,5.2V,13.9V,13.8V,0.0A,0.0A,0.0A,-0.2A,,88.0F,,,,,,,
02/09/15    01:57:14,38 days 03:50:00,15.7V,5.2V,13.8V,13.8V,0.0A,0.0A,0.0A,-0.2A,,87.8F,,,,,,,
02/09/15    01:52:14,38 days 03:44:59,15.7V,5.2V,13.8V,13.8V,0.0A,0.0A,0.0A,-0.2A,,87.6F,,,,,,,
02/09/15    01:47:15,38 days 03:40:00,15.7V,5.2V,13.8V,13.8V,0.0A,0.0A,0.0A,-0.2A,,87.4F,,,,,,,
02/09/15    01:42:16,38 days 03:35:00,15.9V,5.2V,13.8V,13.8V,0.0A,0.0A,0.0A,-0.2A,,87.3F,,,,,,,
02/09/15    01:37:16,38 days 03:30:00,15.5V,5.2V,13.8V,13.7V,0.0A,0.0A,0.0A,-0.2A,,86.9F,,,,,,,
02/09/15    01:32:17,38 days 03:25:00,16.0V,5.2V,13.8V,13.8V,0.0A,0.0A,0.0A,-0.2A,,86.7F,,,,,,,
02/09/15    01:27:17,38 days 03:20:00,15.8V,5.2V,13.8V,13.8V,0.0A,0.0A,0.0A,-0.2A,,86.4F,,,,,,,
02/09/15    01:22:18,38 days 03:15:00,15.9V,5.2V,13.8V,13.7V,0.0A,0.0A,0.0A,-0.2A,,86.0F,,,,,,,
02/09/15    01:17:18,38 days 03:09:59,15.8V,5.2V,13.8V,13.7V,0.0A,0.0A,0.0A,-0.2A,,85.8F,,,,,,,
02/09/15    01:12:19,38 days 03:05:00,15.6V,5.2V,13.8V,13.7V,0.0A,0.0A,0.0A,-0.2A,,85.5F,,,,,,,
02/09/15    01:07:19,38 days 02:59:59,15.5V,5.2V,13.8V,13.7V,0.0A,0.0A,0.0A,-0.2A,,85.1F,,,,,,,
02/09/15    01:02:20,38 days 02:55:00,15.6V,5.2V,13.8V,13.7V,0.0A,0.0A,0.0A,-0.2A,,84.9F,,,,,,,
02/09/15    00:57:21,38 days 02:50:00,15.6V,5.2V,13.8V,13.7V,0.0A,0.0A,0.0A,-0.2A,,84.6F,,,,,,,
02/09/15    00:52:21,38 days 02:45:00,15.6V,5.2V,13.7V,13.7V,0.0A,0.0A,0.0A,-0.2A,,84.2F,,,,,,,
02/09/15    00:47:22,38 days 02:40:00,15.7V,5.2V,13.7V,13.7V,0.0A,0.0A,0.0A,-0.2A,,84.0F,,,,,,,
02/09/15    00:42:22,38 days 02:34:59,15.7V,5.2V,13.7V,13.7V,0.0A,0.0A,0.0A,-0.2A,,83.7F,,,,,,,
02/09/15    00:37:23,38 days 02:30:00,15.9V,5.2V,13.7V,13.7V,0.0A,0.0A,0.0A,-0.2A,,83.5F,,,,,,,
02/09/15    00:32:24,38 days 02:25:00,15.9V,5.2V,13.7V,13.6V,0.0A,0.0A,0.0A,-0.2A,,83.1F,,,,,,,
02/09/15    00:27:24,38 days 02:20:00,15.9V,5.2V,13.7V,13.6V,0.0A,0.0A,0.0A,-0.2A,,82.9F,,,,,,,
02/09/15    00:22:25,38 days 02:15:00,15.9V,5.2V,13.6V,13.6V,0.0A,0.0A,0.0A,-0.2A,,82.8F,,,,,,,
02/09/15    00:17:25,38 days 02:10:00,15.9V,5.2V,13.6V,13.6V,0.0A,0.0A,0.0A,-0.2A,,82.6F,,,,,,,
02/09/15    00:12:26,38 days 02:05:00,15.8V,5.2V,13.6V,13.6V,0.0A,0.0A,0.0A,-0.2A,,82.2F,,,,,,,
02/09/15    00:07:26,38 days 01:59:59,15.8V,5.2V,13.6V,13.5V,0.0A,0.0A,0.0A,-0.2A,,82.0F,,,,,,,
02/09/15    00:02:27,38 days 01:55:00,15.8V,5.2V,13.6V,13.6V,0.0A,0.0A,0.0A,-0.2A,,81.9F,,,,,,,
02/08/15    23:57:27,38 days 01:50:00,15.9V,5.2V,13.6V,13.5V,0.0A,0.0A,0.0A,-0.2A,,81.5F,,,,,,,
02/08/15    23:52:28,38 days 01:45:00,15.8V,5.2V,13.6V,13.5V,0.0A,0.0A,0.0A,-0.2A,,81.1F,,,,,,,
02/08/15    23:47:28,38 days 01:40:00,15.8V,5.2V,13.5V,13.5V,0.0A,0.0A,0.0A,-0.2A,,81.0F,,,,,,,
02/08/15    23:42:29,38 days 01:35:00,20.5V,5.2V,13.3V,13.3V,0.0A,0.0A,0.0A,-0.2A,,80.6F,,,,,,,
02/08/15    23:37:29,38 days 01:30:00,15.9V,5.2V,13.5V,13.5V,0.0A,0.0A,0.0A,-0.2A,,80.4F,,,,,,,
02/08/15    23:32:30,38 days 01:25:00,15.8V,5.2V,13.5V,13.5V,0.0A,0.0A,0.0A,-0.2A,,80.1F,,,,,,,
02/08/15    23:27:30,38 days 01:20:00,15.8V,5.2V,13.5V,13.5V,0.0A,0.0A,0.0A,-0.2A,,79.9F,,,,,,,
02/08/15    23:22:31,38 days 01:15:00,15.6V,5.2V,13.5V,13.5V,0.0A,0.0A,0.0A,-0.2A,,79.7F,,,,,,,
02/08/15    23:17:31,38 days 01:10:00,15.6V,5.2V,13.5V,13.4V,0.0A,0.0A,0.0A,-0.2A,,79.5F,,,,,,,
02/08/15    23:12:31,38 days 01:04:59,15.6V,5.2V,13.4V,13.4V,0.0A,0.0A,0.0A,-0.2A,,79.2F,,,,,,,
02/08/15    23:07:32,38 days 01:00:00,15.6V,5.2V,13.4V,13.4V,0.0A,0.0A,0.0A,-0.2A,,79.0F,,,,,,,
02/08/15    23:02:32,38 days 00:54:59,15.7V,5.2V,13.5V,13.4V,0.0A,0.0A,0.0A,-0.2A,,78.8F,,,,,,,
02/08/15    22:57:33,38 days 00:50:00,15.6V,5.2V,13.4V,13.4V,0.0A,0.0A,0.0A,-0.2A,,78.6F,,,,,,,
02/08/15    22:52:33,38 days 00:45:00,15.6V,5.2V,13.4V,13.4V,0.0A,0.0A,0.0A,-0.2A,,78.4F,,,,,,,
02/08/15    22:47:34,38 days 00:40:00,15.6V,5.2V,13.4V,13.4V,0.0A,0.0A,0.0A,-0.2A,,78.3F,,,,,,,
02/08/15    22:42:34,38 days 00:35:00,15.8V,5.2V,13.4V,13.4V,0.0A,0.0A,0.0A,-0.2A,,77.9F,,,,,,,
02/08/15    22:37:35,38 days 00:30:00,15.5V,5.2V,13.4V,13.3V,0.0A,0.0A,0.0A,-0.2A,,77.7F,,,,,,,
02/08/15    22:32:35,38 days 00:25:00,15.4V,5.2V,13.3V,13.3V,0.0A,0.0A,0.0A,-0.2A,,77.5F,,,,,,,
02/08/15    22:27:36,38 days 00:20:00,15.3V,4.7V,13.2V,13.2V,0.5A,0.0A,0.0A,-0.2A,,77.4F,,,,,,,
02/08/15    22:22:36,38 days 00:15:00,15.3V,4.7V,13.2V,13.1V,0.5A,0.0A,0.0A,-0.2A,,77.2F,,,,,,,
02/08/15    22:17:36,38 days 00:09:59,15.2V,4.7V,13.2V,13.1V,0.5A,0.0A,0.0A,-0.2A,,77.0F,,,,,,,
02/08/15    22:12:37,38 days 00:05:00,15.3V,5.2V,13.3V,13.2V,0.0A,0.0A,0.0A,-0.2A,,77.0F,,,,,,,
02/08/15    22:07:37,37 days 23:59:59,15.1V,5.2V,13.2V,13.2V,0.0A,0.0A,0.0A,-0.2A,,76.8F,,,,,,,
02/08/15    22:02:38,37 days 23:55:00,15.1V,5.2V,13.2V,13.2V,0.0A,0.0A,0.0A,-0.2A,,76.6F,,,,,,,
02/08/15    21:57:38,37 days 23:50:00,15.0V,5.2V,13.2V,13.2V,0.0A,0.0A,0.0A,-0.2A,,76.6F,,,,,,,
02/08/15    21:52:38,37 days 23:44:59,15.0V,5.2V,13.2V,13.1V,0.0A,0.0A,0.0A,-0.2A,,76.5F,,,,,,,
02/08/15    21:47:39,37 days 23:40:00,15.0V,5.2V,13.2V,13.1V,0.0A,0.0A,0.0A,-0.2A,,76.5F,,,,,,,
02/08/15    21:42:39,37 days 23:35:00,14.8V,5.2V,13.1V,13.1V,0.0A,0.0A,0.0A,-0.2A,,76.5F,,,,,,,
02/08/15    21:37:40,37 days 23:30:00,14.2V,5.2V,13.1V,13.0V,0.0A,0.0A,0.0A,-0.2A,,76.5F,,,,,,,
02/08/15    21:32:40,37 days 23:25:00,14.4V,5.2V,13.1V,13.0V,0.0A,0.0A,0.0A,-0.2A,,76.5F,,,,,,,
02/08/15    21:27:40,37 days 23:20:00,13.8V,5.2V,13.0V,13.0V,0.0A,0.0A,0.0A,-0.2A,,76.3F,,,,,,,
02/08/15    21:22:40,37 days 23:14:59,14.0V,5.2V,13.1V,13.0V,0.0A,0.0A,0.0A,-0.2A,,76.3F,,,,,,,
02/08/15    21:17:41,37 days 23:10:00,13.8V,5.2V,13.0V,13.0V,0.0A,0.0A,0.0A,-0.2A,,76.3F,,,,,,,
02/08/15    21:12:42,37 days 23:05:00,13.6V,5.2V,13.0V,13.0V,0.0A,0.0A,0.0A,-0.2A,,76.3F,,,,,,,
02/08/15    21:07:42,37 days 23:00:00,13.5V,5.2V,13.0V,13.0V,0.0A,0.0A,0.0A,-0.2A,,76.3F,,,,,,,
02/08/15    21:02:42,37 days 22:55:00,13.5V,5.2V,13.0V,13.0V,0.0A,0.0A,0.0A,-0.2A,,76.3F,,,,,,,
02/08/15    20:57:43,37 days 22:50:00,13.6V,5.2V,13.0V,13.0V,0.0A,0.0A,0.0A,-0.2A,,76.3F,,,,,,,
02/08/15    20:52:43,37 days 22:45:00,13.5V,5.2V,13.0V,13.0V,0.0A,0.0A,0.0A,-0.2A,,76.3F,,,,,,,
02/08/15    20:47:43,37 days 22:39:59,13.1V,5.2V,13.0V,13.0V,0.0A,0.0A,0.0A,-0.2A,,76.3F,,,,,,,
02/08/15    20:42:44,37 days 22:35:00,10.6V,5.2V,13.0V,13.0V,0.0A,0.0A,0.0A,-0.2A,,76.5F,,,,,,,
02/08/15    20:37:44,37 days 22:29:59,5.7V,5.2V,13.0V,13.0V,0.0A,0.0A,0.0A,-0.2A,,76.5F,,,,,,,
02/08/15    20:32:45,37 days 22:25:00,2.3V,5.2V,13.0V,13.0V,0.0A,0.0A,0.0A,-0.2A,,76.5F,,,,,,,
02/08/15    20:27:45,37 days 22:20:00,0.9V,5.2V,13.0V,13.0V,0.0A,0.0A,0.0A,-0.2A,,76.5F,,,,,,,
02/08/15    20:22:46,37 days 22:15:00,0.3V,5.2V,13.0V,13.0V,0.0A,0.0A,0.0A,-0.2A,,76.6F,,,,,,,
02/08/15    20:17:46,37 days 22:10:00,0.1V,5.2V,13.0V,13.0V,0.0A,0.0A,0.0A,-0.2A,,76.6F,,,,,,,
02/08/15    20:12:47,37 days 22:05:00,0.0V,5.2V,13.0V,13.0V,0.0A,0.0A,0.0A,-0.2A,,76.6F,,,,,,,
02/08/15    20:07:47,37 days 22:00:00,0.0V,5.2V,13.0V,13.0V,0.0A,0.0A,0.0A,-0.2A,,76.8F,,,,,,,
02/08/15    20:02:47,37 days 21:54:59,0.0V,5.2V,13.0V,13.0V,0.0A,0.0A,0.0A,-0.2A,,76.8F,,,,,,,
02/08/15    19:57:48,37 days 21:50:00,0.0V,5.2V,13.0V,13.0V,0.0A,0.0A,0.0A,-0.2A,,77.0F,,,,,,,
02/08/15    19:52:48,37 days 21:45:00,0.0V,5.2V,13.0V,13.0V,0.0A,0.0A,0.0A,-0.2A,,77.0F,,,,,,,
02/08/15    19:47:48,37 days 21:39:59,0.0V,5.2V,13.0V,13.0V,0.0A,0.0A,0.0A,-0.2A,,77.0F,,,,,,,
02/08/15    19:42:49,37 days 21:35:00,0.0V,5.2V,13.0V,13.0V,0.0A,0.0A,0.0A,-0.2A,,77.2F,,,,,,,
02/08/15    19:37:50,37 days 21:30:00,0.0V,5.2V,13.0V,13.0V,0.0A,0.0A,0.0A,-0.2A,,77.2F,,,,,,,
02/08/15    19:32:51,37 days 21:25:00,0.0V,5.2V,13.0V,13.0V,0.0A,0.0A,0.0A,-0.2A,,77.4F,,,,,,,
02/08/15    19:27:51,37 days 21:20:00,0.0V,5.2V,13.0V,13.0V,0.0A,0.0A,0.0A,-0.2A,,77.4F,,,,,,,
02/08/15    19:22:52,37 days 21:15:00,0.0V,5.2V,13.0V,13.0V,0.0A,0.0A,0.0A,-0.2A,,77.4F,,,,,,,
02/08/15    19:17:52,37 days 21:09:59,0.0V,5.2V,13.0V,13.0V,0.0A,0.0A,0.0A,-0.2A,,77.5F,,,,,,,
02/08/15    19:12:53,37 days 21:05:00,0.0V,5.2V,13.0V,13.0V,0.0A,0.0A,0.0A,-0.2A,,77.5F,,,,,,,
02/08/15    19:07:53,37 days 20:59:59,0.0V,5.2V,13.0V,13.0V,0.0A,0.0A,0.0A,-0.2A,,77.5F,,,,,,,
02/08/15    19:02:54,37 days 20:54:59,0.0V,5.2V,13.0V,13.0V,0.0A,0.0A,0.0A,-0.2A,,77.7F,,,,,,,
02/08/15    18:57:55,37 days 20:50:00,0.0V,5.2V,13.0V,13.0V,0.0A,0.0A,0.0A,-0.2A,,77.7F,,,,,,,
02/08/15    18:52:56,37 days 20:45:00,0.0V,5.2V,13.0V,13.0V,0.0A,0.0A,0.0A,-0.2A,,77.9F,,,,,,,
02/08/15    18:47:57,37 days 20:40:00,0.0V,5.2V,13.0V,13.0V,0.0A,0.0A,0.0A,-0.2A,,77.9F,,,,,,,
02/08/15    18:42:57,37 days 20:35:00,0.0V,5.2V,13.0V,13.0V,0.0A,0.0A,0.0A,-0.2A,,77.9F,,,,,,,
02/08/15    18:37:58,37 days 20:30:00,0.0V,0.3V,13.0V,13.0V,0.0A,0.0A,0.0A,-0.2A,,78.1F,,,,,,,
02/08/15    18:32:58,37 days 20:25:00,0.0V,0.3V,13.0V,13.0V,0.0A,0.0A,0.0A,-0.2A,,78.1F,,,,,,,
02/08/15    18:27:59,37 days 20:20:00,0.0V,0.3V,13.0V,13.0V,0.0A,0.0A,0.0A,-0.2A,,78.3F,,,,,,,
02/08/15    18:22:59,37 days 20:14:59,0.0V,0.3V,13.0V,13.0V,0.0A,0.0A,0.0A,-0.2A,,78.3F,,,,,,,
02/08/15    18:18:00,37 days 20:10:00,0.1V,0.3V,13.0V,12.9V,0.0A,0.0A,0.0A,-0.2A,,78.3F,,,,,,,
02/08/15    18:13:00,37 days 20:04:59,0.0V,0.3V,13.0V,13.0V,0.0A,0.0A,0.0A,-0.2A,,78.4F,,,,,,,
02/08/15    18:08:01,37 days 19:59:59,0.1V,0.3V,13.0V,13.0V,0.0A,0.0A,0.0A,-0.2A,,78.4F,,,,,,,
02/08/15    18:03:02,37 days 19:55:00,0.1V,0.3V,13.0V,13.0V,0.0A,0.0A,0.0A,-0.2A,,78.4F,,,,,,,
02/08/15    17:58:03,37 days 19:50:00,0.1V,0.3V,13.0V,12.9V,0.0A,0.0A,0.0A,-0.2A,,78.6F,,,,,,,
02/08/15    17:53:03,37 days 19:45:00,0.0V,0.3V,13.0V,13.0V,0.0A,0.0A,0.0A,-0.2A,,78.6F,,,,,,,
02/08/15    17:48:04,37 days 19:40:00,0.1V,0.3V,13.0V,13.0V,0.0A,0.0A,0.0A,-0.2A,,78.8F,,,,,,,
02/08/15    17:43:04,37 days 19:34:59,0.1V,0.3V,13.0V,13.0V,0.0A,0.0A,0.0A,-0.2A,,78.8F,,,,,,,
02/08/15    17:38:05,37 days 19:30:00,0.1V,0.3V,13.0V,12.9V,0.0A,0.0A,0.0A,-0.2A,,78.8F,,,,,,,
02/08/15    17:33:06,37 days 19:25:00,0.1V,0.3V,13.0V,12.9V,0.0A,0.0A,0.0A,-0.2A,,79.0F,,,,,,,
02/08/15    17:28:06,37 days 19:19:59,0.1V,0.3V,13.0V,12.9V,0.0A,0.0A,0.0A,-0.2A,,79.0F,,,,,,,
02/08/15    17:23:07,37 days 19:15:00,0.1V,0.3V,13.0V,12.9V,0.0A,0.0A,0.0A,-0.2A,,79.0F,,,,,,,
02/08/15    17:18:08,37 days 19:10:00,0.1V,0.3V,13.0V,12.9V,0.0A,0.0A,0.0A,-0.2A,,79.2F,,,,,,,
02/08/15    17:13:08,37 days 19:04:59,0.1V,0.3V,12.9V,12.9V,0.0A,0.0A,0.0A,-0.2A,,79.2F,,,,,,,
02/08/15    17:08:09,37 days 18:59:59,0.1V,0.3V,12.9V,12.9V,0.0A,0.0A,0.0A,-0.2A,,79.3F,,,,,,,
02/08/15    17:03:10,37 days 18:55:00,0.1V,0.3V,12.9V,12.9V,0.0A,0.0A,0.0A,-0.2A,,79.3F,,,,,,,
02/08/15    16:58:11,37 days 18:50:00,0.1V,0.3V,12.9V,12.9V,0.0A,0.0A,0.0A,-0.2A,,79.3F,,,,,,,
02/08/15    16:53:11,37 days 18:44:59,0.1V,0.3V,12.9V,12.9V,0.0A,0.0A,0.0A,-0.2A,,79.5F,,,,,,,
02/08/15    16:48:12,37 days 18:40:00,0.1V,0.3V,12.9V,12.9V,0.0A,0.0A,0.0A,-0.2A,,79.5F,,,,,,,
02/08/15    16:43:13,37 days 18:35:00,0.1V,0.3V,12.9V,12.9V,0.0A,0.0A,0.0A,-0.2A,,79.5F,,,,,,,
02/08/15    16:38:13,37 days 18:29:59,0.1V,0.3V,12.9V,12.8V,0.0A,0.0A,0.0A,-0.2A,,79.7F,,,,,,,
02/08/15    16:33:14,37 days 18:25:00,0.1V,0.3V,12.9V,12.8V,0.0A,0.0A,0.0A,-0.2A,,79.7F,,,,,,,
02/08/15    16:28:15,37 days 18:20:00,0.2V,0.3V,12.9V,12.8V,0.0A,0.0A,0.0A,-0.2A,,79.7F,,,,,,,
02/08/15    16:23:16,37 days 18:15:00,0.2V,0.3V,12.8V,12.8V,0.0A,0.0A,0.0A,-0.2A,,79.9F,,,,,,,
02/08/15    16:18:16,37 days 18:09:59,0.2V,0.3V,12.8V,12.8V,0.0A,0.0A,0.0A,-0.2A,,79.9F,,,,,,,
02/08/15    16:13:17,37 days 18:05:00,0.2V,0.3V,12.8V,12.8V,0.0A,0.0A,0.0A,-0.2A,,79.9F,,,,,,,
02/08/15    16:08:18,37 days 18:00:00,0.2V,0.3V,12.8V,12.8V,0.0A,0.0A,0.0A,-0.2A,,80.1F,,,,,,,
02/08/15    16:03:19,37 days 17:55:00,0.2V,0.3V,12.8V,12.8V,0.0A,0.0A,0.0A,-0.2A,,80.1F,,,,,,,
02/08/15    15:58:19,37 days 17:50:00,0.2V,0.3V,12.8V,12.8V,0.0A,0.0A,0.0A,-0.2A,,80.1F,,,,,,,
02/08/15    15:53:20,37 days 17:45:00,0.2V,0.3V,12.8V,12.8V,0.0A,0.0A,0.0A,-0.2A,,80.2F,,,,,,,
02/08/15    15:48:20,37 days 17:40:00,0.2V,0.3V,12.8V,12.8V,0.0A,0.0A,0.0A,-0.2A,,80.2F,,,,,,,
02/08/15    15:43:21,37 days 17:35:00,0.2V,0.3V,12.8V,12.8V,0.0A,0.0A,0.0A,-0.2A,,80.2F,,,,,,,
02/08/15    15:38:21,37 days 17:30:00,0.2V,0.3V,12.8V,12.8V,0.0A,0.0A,0.0A,-0.2A,,80.4F,,,,,,,
02/08/15    15:33:22,37 days 17:25:00,0.2V,0.3V,12.8V,12.8V,0.0A,0.0A,0.0A,-0.2A,,80.4F,,,,,,,
02/08/15    15:28:22,37 days 17:19:59,0.2V,0.3V,12.8V,12.8V,0.0A,0.0A,0.0A,-0.2A,,80.4F,,,,,,,
02/08/15    15:23:23,37 days 17:15:00,0.2V,0.3V,12.8V,12.8V,0.0A,0.0A,0.0A,-0.2A,,80.4F,,,,,,,
02/08/15    15:18:23,37 days 17:09:59,0.2V,0.3V,12.8V,12.8V,0.0A,0.0A,0.0A,-0.2A,,80.6F,,,,,,,
02/08/15    15:13:24,37 days 17:05:00,0.2V,0.3V,12.8V,12.8V,0.0A,0.0A,0.0A,-0.2A,,80.6F,,,,,,,
02/08/15    15:08:24,37 days 16:59:59,0.2V,0.3V,12.9V,12.8V,0.0A,0.0A,0.0A,-0.2A,,80.6F,,,,,,,
02/08/15    15:03:25,37 days 16:55:00,0.2V,0.3V,12.9V,12.8V,0.0A,0.0A,0.0A,-0.2A,,80.6F,,,,,,,
02/08/15    14:58:25,37 days 16:49:59,0.2V,0.3V,12.9V,12.8V,0.0A,0.0A,0.0A,-0.2A,,80.8F,,,,,,,
02/08/15    14:53:26,37 days 16:45:00,0.2V,0.3V,12.9V,12.8V,0.0A,0.0A,0.0A,-0.2A,,80.8F,,,,,,,
02/08/15    14:48:26,37 days 16:39:59,0.2V,0.3V,12.9V,12.8V,0.0A,0.0A,0.0A,-0.2A,,80.8F,,,,,,,
02/08/15    14:43:27,37 days 16:35:00,0.2V,0.3V,12.9V,12.8V,0.0A,0.0A,0.0A,-0.2A,,80.8F,,,,,,,
02/08/15    14:38:27,37 days 16:29:59,0.2V,0.3V,12.9V,12.8V,0.0A,0.0A,0.0A,-0.2A,,81.0F,,,,,,,
02/08/15    14:33:28,37 days 16:25:00,0.2V,0.3V,12.9V,12.8V,0.0A,0.0A,0.0A,-0.2A,,81.0F,,,,,,,
02/08/15    14:28:29,37 days 16:20:00,0.2V,0.3V,12.9V,12.8V,0.0A,0.0A,0.0A,-0.2A,,81.0F,,,,,,,
02/08/15    14:23:29,37 days 16:15:00,0.2V,0.3V,12.9V,12.8V,0.0A,0.0A,0.0A,-0.2A,,81.0F,,,,,,,
02/08/15    14:18:30,37 days 16:10:00,0.2V,0.3V,12.9V,12.9V,0.0A,0.0A,0.0A,-0.2A,,81.0F,,,,,,,
02/08/15    14:13:30,37 days 16:04:59,0.2V,0.3V,12.9V,12.9V,0.0A,0.0A,0.0A,-0.2A,,81.1F,,,,,,,
02/08/15    14:08:31,37 days 16:00:00,0.2V,0.3V,12.9V,12.9V,0.0A,0.0A,0.0A,-0.2A,,81.1F,,,,,,,
02/08/15    14:03:31,37 days 15:54:59,0.2V,0.3V,12.9V,12.9V,0.0A,0.0A,0.0A,-0.2A,,81.1F,,,,,,,
02/08/15    13:58:32,37 days 15:50:00,0.2V,0.3V,12.9V,12.9V,0.0A,0.0A,0.0A,-0.2A,,81.1F,,,,,,,
02/08/15    13:53:33,37 days 15:45:00,0.2V,0.3V,12.9V,12.9V,0.0A,0.0A,0.0A,-0.2A,,81.3F,,,,,,,
02/08/15    13:48:33,37 days 15:39:59,0.2V,0.3V,12.9V,12.9V,0.0A,0.0A,0.0A,-0.2A,,81.3F,,,,,,,
02/08/15    13:43:34,37 days 15:35:00,0.2V,0.3V,12.9V,12.9V,0.0A,0.0A,0.0A,-0.2A,,81.3F,,,,,,,
02/08/15    13:38:35,37 days 15:30:00,0.2V,0.3V,13.0V,12.9V,0.0A,0.0A,0.0A,-0.2A,,81.3F,,,,,,,
02/08/15    13:33:35,37 days 15:25:00,0.2V,0.3V,13.0V,12.9V,0.0A,0.0A,0.0A,-0.2A,,81.3F,,,,,,,
02/08/15    13:28:36,37 days 15:20:00,0.2V,0.3V,13.0V,12.9V,0.0A,0.0A,0.0A,-0.2A,,81.3F,,,,,,,
02/08/15    13:23:36,37 days 15:15:00,0.2V,0.3V,13.0V,12.9V,0.0A,0.0A,0.0A,-0.2A,,81.3F,,,,,,,
02/08/15    13:18:37,37 days 15:10:00,0.2V,0.3V,13.0V,12.9V,0.0A,0.0A,0.0A,-0.2A,,81.5F,,,,,,,
02/08/15    13:13:37,37 days 15:04:59,0.2V,0.3V,13.0V,12.9V,0.0A,0.0A,0.0A,-0.2A,,81.5F,,,,,,,
02/08/15    13:08:38,37 days 15:00:00,0.2V,0.3V,13.0V,12.9V,0.0A,0.0A,0.0A,-0.2A,,81.5F,,,,,,,
02/08/15    13:03:38,37 days 14:54:59,0.2V,0.3V,13.0V,12.9V,0.0A,0.0A,0.0A,-0.2A,,81.5F,,,,,,,
02/08/15    12:58:39,37 days 14:50:00,0.2V,0.3V,13.0V,12.9V,0.0A,0.0A,0.0A,-0.2A,,81.5F,,,,,,,
02/08/15    12:53:39,37 days 14:45:00,0.2V,0.3V,13.0V,13.0V,0.0A,0.0A,0.0A,-0.2A,,81.7F,,,,,,,
02/08/15    12:48:40,37 days 14:40:00,0.2V,0.3V,13.0V,13.0V,0.0A,0.0A,0.0A,-0.2A,,81.7F,,,,,,,
02/08/15    12:43:40,37 days 14:34:59,0.1V,0.3V,13.0V,13.0V,0.0A,0.0A,0.0A,-0.2A,,81.7F,,,,,,,
02/08/15    12:38:41,37 days 14:30:00,0.1V,0.3V,13.0V,12.9V,0.0A,0.0A,0.0A,-0.2A,,81.7F,,,,,,,
02/08/15    12:33:41,37 days 14:25:00,0.1V,0.3V,13.0V,13.0V,0.0A,0.0A,0.0A,-0.2A,,81.7F,,,,,,,
02/08/15    12:28:42,37 days 14:20:00,0.1V,0.3V,13.0V,13.0V,0.0A,0.0A,0.0A,-0.2A,,81.7F,,,,,,,
02/08/15    12:23:42,37 days 14:15:00,0.1V,5.2V,13.2V,13.2V,0.0A,0.0A,0.0A,-0.2A,,81.7F,,,,,,,
02/08/15    12:18:42,37 days 14:09:59,0.1V,5.2V,13.2V,13.2V,0.0A,0.0A,0.0A,-0.2A,,81.7F,,,,,,,
02/08/15    12:13:43,37 days 14:05:00,0.1V,5.2V,13.2V,13.2V,0.0A,0.0A,0.0A,-0.2A,,81.7F,,,,,,,
02/08/15    12:08:43,37 days 13:59:59,0.1V,5.2V,13.2V,13.2V,0.0A,0.0A,0.0A,-0.2A,,81.7F,,,,,,,
02/08/15    12:03:44,37 days 13:55:00,0.1V,5.2V,13.2V,13.2V,0.0A,0.0A,0.0A,-0.2A,,81.9F,,,,,,,
02/08/15    11:58:44,37 days 13:50:00,0.1V,5.2V,13.2V,13.2V,0.0A,0.0A,0.0A,-0.2A,,81.9F,,,,,,,
02/08/15    11:53:45,37 days 13:45:00,0.1V,5.2V,13.2V,13.2V,0.0A,0.0A,0.0A,-0.2A,,81.9F,,,,,,,
02/08/15    11:48:45,37 days 13:40:00,0.1V,5.2V,13.2V,13.2V,0.0A,0.0A,0.0A,-0.2A,,81.9F,,,,,,,
02/08/15    11:43:46,37 days 13:35:00,0.1V,5.2V,13.2V,13.2V,0.0A,0.0A,0.0A,-0.2A,,82.0F,,,,,,,
02/08/15    11:38:46,37 days 13:30:00,0.1V,5.2V,13.2V,13.2V,0.0A,0.0A,0.0A,-0.2A,,82.0F,,,,,,,
02/08/15    11:33:47,37 days 13:25:00,0.1V,5.2V,13.2V,13.2V,0.0A,0.0A,0.0A,-0.2A,,82.0F,,,,,,,
02/08/15    11:28:47,37 days 13:20:00,0.1V,5.2V,13.2V,13.2V,0.0A,0.0A,0.0A,-0.2A,,82.0F,,,,,,,
02/08/15    11:23:48,37 days 13:15:00,0.1V,5.2V,13.2V,13.2V,0.0A,0.0A,0.0A,-0.2A,,82.0F,,,,,,,
02/08/15    11:18:48,37 days 13:09:59,0.1V,5.2V,13.2V,13.2V,0.0A,0.0A,0.0A,-0.2A,,82.2F,,,,,,,
02/08/15    11:13:49,37 days 13:05:00,0.1V,5.2V,13.2V,13.2V,0.0A,0.0A,0.0A,-0.2A,,82.2F,,,,,,,
02/08/15    11:08:50,37 days 13:00:00,0.1V,5.2V,13.2V,13.2V,0.0A,0.0A,0.0A,-0.2A,,82.2F,,,,,,,
02/08/15    11:03:51,37 days 12:55:00,0.1V,5.2V,13.2V,13.2V,0.0A,0.0A,0.0A,-0.2A,,82.2F,,,,,,,
02/08/15    10:58:51,37 days 12:49:59,0.1V,5.2V,13.2V,13.2V,0.0A,0.0A,0.0A,-0.2A,,82.2F,,,,,,,
02/08/15    10:53:52,37 days 12:45:00,0.1V,5.2V,13.2V,13.2V,0.0A,0.0A,0.0A,-0.2A,,82.2F,,,,,,,
02/08/15    10:48:53,37 days 12:40:00,0.1V,5.2V,13.2V,13.2V,0.0A,0.0A,0.0A,-0.2A,,82.2F,,,,,,,
02/08/15    10:43:54,37 days 12:35:00,0.1V,5.2V,13.2V,13.1V,0.0A,0.0A,0.0A,-0.2A,,82.2F,,,,,,,
02/08/15    10:38:54,37 days 12:29:59,0.0V,5.2V,13.1V,13.1V,0.0A,0.1A,0.0A,-0.2A,,82.4F,,,,,,,
02/08/15    10:33:55,37 days 12:25:00,0.0V,5.2V,13.1V,13.1V,0.0A,0.1A,0.0A,-0.2A,,82.4F,,,,,,,
02/08/15    10:28:55,37 days 12:19:59,0.0V,5.2V,13.1V,13.1V,0.0A,0.1A,0.0A,-0.2A,,82.4F,,,,,,,
02/08/15    10:23:56,37 days 12:14:59,0.0V,5.2V,13.1V,13.1V,0.0A,0.1A,0.0A,-0.2A,,82.4F,,,,,,,
02/08/15    10:18:57,37 days 12:10:00,0.0V,5.2V,13.1V,13.1V,0.0A,0.1A,0.0A,-0.2A,,82.4F,,,,,,,
02/08/15    10:13:58,37 days 12:05:00,0.0V,5.2V,13.1V,13.1V,0.0A,0.1A,0.0A,-0.2A,,82.4F,,,,,,,
02/08/15    10:08:58,37 days 11:59:59,0.0V,5.2V,13.1V,13.1V,0.0A,0.1A,0.0A,-0.2A,,82.6F,,,,,,,
02/08/15    10:03:59,37 days 11:54:59,0.0V,5.2V,13.1V,13.1V,0.0A,0.1A,0.0A,-0.2A,,82.6F,,,,,,,
02/08/15    09:59:00,37 days 11:50:00,0.0V,5.2V,13.1V,13.1V,0.0A,0.1A,0.0A,-0.2A,,82.6F,,,,,,,
02/08/15    09:54:01,37 days 11:45:00,0.1V,5.2V,13.1V,13.1V,0.0A,0.1A,0.0A,-0.2A,,82.6F,,,,,,,
02/08/15    09:49:01,37 days 11:40:00,0.1V,5.2V,13.1V,13.1V,0.0A,0.1A,0.0A,-0.2A,,82.8F,,,,,,,
02/08/15    09:44:02,37 days 11:35:00,0.1V,4.4V,13.2V,13.2V,0.0A,0.0A,0.0A,-0.2A,,82.8F,,,,,,,
02/08/15    09:39:03,37 days 11:30:00,0.2V,4.4V,13.2V,13.2V,0.0A,0.0A,0.0A,-0.2A,,82.9F,,,,,,,
02/08/15    09:34:03,37 days 11:25:00,0.5V,4.4V,13.2V,13.2V,0.0A,0.0A,0.0A,-0.2A,,83.1F,,,,,,,
02/08/15    09:29:04,37 days 11:20:00,1.3V,4.4V,13.2V,13.2V,0.0A,0.0A,0.0A,-0.2A,,83.3F,,,,,,,
02/08/15    09:24:04,37 days 11:14:59,3.0V,4.4V,13.2V,13.2V,0.0A,0.0A,0.0A,-0.2A,,83.3F,,,,,,,
02/08/15    09:19:06,37 days 11:10:00,5.8V,4.4V,13.2V,13.2V,0.0A,0.0A,0.0A,-0.2A,,83.5F,,,,,,,
02/08/15    09:14:06,37 days 11:05:00,7.6V,5.2V,13.2V,13.2V,0.0A,0.0A,0.0A,-0.2A,,83.7F,,,,,,,
02/08/15    09:09:07,37 days 11:00:00,8.3V,5.2V,13.2V,13.2V,0.0A,0.0A,0.0A,-0.2A,,83.7F,,,,,,,
02/08/15    09:04:07,37 days 10:54:59,9.5V,5.2V,13.2V,13.2V,0.0A,0.0A,0.0A,-0.2A,,83.8F,,,,,,,
02/08/15    08:59:08,37 days 10:49:59,10.7V,5.2V,13.2V,13.2V,0.0A,0.0A,0.0A,-0.2A,,84.0F,,,,,,,
02/08/15    08:54:09,37 days 10:45:00,12.0V,5.2V,13.2V,13.2V,0.0A,0.0A,0.0A,-0.2A,,84.0F,,,,,,,
02/08/15    08:49:10,37 days 10:40:00,13.0V,5.2V,13.2V,13.2V,0.0A,0.0A,0.0A,-0.2A,,84.2F,,,,,,,
02/08/15    08:44:10,37 days 10:34:59,13.2V,5.2V,13.2V,13.2V,0.0A,0.0A,0.0A,-0.2A,,84.2F,,,,,,,
02/08/15    08:39:11,37 days 10:30:00,13.4V,5.2V,13.2V,13.2V,0.0A,0.0A,0.0A,-0.2A,,84.4F,,,,,,,
02/08/15    08:34:12,37 days 10:25:00,13.7V,5.2V,13.2V,13.2V,0.0A,0.0A,0.0A,-0.2A,,84.4F,,,,,,,
02/08/15    08:29:13,37 days 10:20:00,13.7V,5.2V,13.2V,13.2V,0.0A,0.0A,0.0A,-0.2A,,84.6F,,,,,,,
02/08/15    08:24:13,37 days 10:15:00,13.7V,5.2V,13.2V,13.2V,0.0A,0.0A,0.0A,-0.2A,,84.6F,,,,,,,
02/08/15    08:19:14,37 days 10:10:00,14.6V,5.2V,13.2V,13.2V,0.0A,0.0A,0.0A,-0.2A,,84.7F,,,,,,,
02/08/15    08:14:15,37 days 10:05:00,13.8V,5.2V,13.2V,13.2V,0.0A,0.0A,0.0A,-0.2A,,84.7F,,,,,,,
02/08/15    08:09:16,37 days 10:00:00,14.1V,5.2V,13.2V,13.2V,0.0A,0.0A,0.0A,-0.2A,,84.7F,,,,,,,
02/08/15    08:04:16,37 days 09:54:59,14.0V,0.3V,13.1V,13.0V,0.0A,0.0A,0.0A,-0.2A,,84.7F,,,,,,,
02/08/15    07:59:17,37 days 09:50:00,14.1V,0.3V,13.1V,13.0V,0.0A,0.0A,0.0A,-0.2A,,84.7F,,,,,,,
02/08/15    07:54:18,37 days 09:45:00,14.3V,0.3V,13.1V,13.0V,0.0A,0.0A,0.0A,-0.2A,,84.9F,,,,,,,
02/08/15    07:49:19,37 days 09:40:00,14.4V,0.3V,13.1V,13.0V,0.0A,0.0A,0.0A,-0.2A,,84.9F,,,,,,,
02/08/15    07:44:20,37 days 09:35:00,14.5V,0.3V,13.1V,13.1V,0.0A,0.0A,0.0A,-0.2A,,84.9F,,,,,,,
02/08/15    07:39:20,37 days 09:29:59,14.6V,0.3V,13.1V,13.1V,0.0A,0.0A,0.0A,-0.2A,,84.7F,,,,,,,
02/08/15    07:34:21,37 days 09:25:00,14.5V,0.3V,13.1V,13.1V,0.0A,0.0A,0.0A,-0.2A,,84.9F,,,,,,,
02/08/15    07:29:22,37 days 09:20:00,14.6V,0.3V,13.1V,13.0V,0.0A,0.0A,0.0A,-0.2A,,84.9F,,,,,,,
02/08/15    07:24:23,37 days 09:15:00,14.1V,0.3V,13.1V,13.0V,0.0A,0.0A,0.0A,-0.2A,,84.9F,,,,,,,
02/08/15    07:19:23,37 days 09:10:00,14.1V,0.3V,13.1V,13.0V,0.0A,0.0A,0.0A,-0.2A,,84.9F,,,,,,,
02/08/15    07:14:24,37 days 09:05:00,13.9V,0.3V,13.1V,13.0V,0.0A,0.0A,0.0A,-0.2A,,85.1F,,,,,,,
02/08/15    07:09:25,37 days 09:00:00,13.9V,0.3V,13.1V,13.0V,0.0A,0.0A,0.0A,-0.2A,,85.1F,,,,,,,
02/08/15    07:04:26,37 days 08:55:00,13.9V,0.3V,13.1V,13.0V,0.0A,0.0A,0.0A,-0.2A,,85.1F,,,,,,,
02/08/15    06:59:26,37 days 08:50:00,13.9V,0.3V,13.1V,13.0V,0.0A,0.0A,0.0A,-0.2A,,85.1F,,,,,,,
02/08/15    06:54:27,37 days 08:45:00,14.1V,0.3V,13.1V,13.0V,0.0A,0.0A,0.0A,-0.2A,,85.3F,,,,,,,
02/08/15    06:49:28,37 days 08:40:00,14.0V,0.3V,13.1V,13.0V,0.0A,0.0A,0.0A,-0.2A,,85.3F,,,,,,,
02/08/15    06:44:29,37 days 08:35:00,14.1V,0.3V,13.1V,13.0V,0.0A,0.0A,0.0A,-0.2A,,85.5F,,,,,,,
02/08/15    06:39:29,37 days 08:29:59,14.1V,0.3V,13.1V,13.1V,0.0A,0.0A,0.0A,-0.2A,,85.5F,,,,,,,
02/08/15    06:34:30,37 days 08:25:00,14.2V,0.3V,13.1V,13.1V,0.0A,0.0A,0.0A,-0.2A,,85.6F,,,,,,,
02/08/15    06:29:31,37 days 08:20:00,14.3V,0.3V,13.1V,13.1V,0.0A,0.0A,0.0A,-0.2A,,85.6F,,,,,,,
02/08/15    06:24:32,37 days 08:15:00,14.5V,0.3V,13.1V,13.1V,0.0A,0.0A,0.0A,-0.2A,,85.6F,,,,,,,
02/08/15    06:19:32,37 days 08:09:59,14.6V,0.3V,13.2V,13.1V,0.0A,0.0A,0.0A,-0.2A,,85.8F,,,,,,,
02/08/15    06:14:34,37 days 08:05:00,14.8V,0.3V,13.2V,13.1V,0.0A,0.0A,0.0A,-0.2A,,85.8F,,,,,,,
02/08/15    06:09:34,37 days 07:59:59,15.0V,0.3V,13.3V,13.2V,0.0A,0.0A,0.0A,-0.2A,,85.8F,,,,,,,
02/08/15    06:04:35,37 days 07:55:00,15.3V,0.3V,13.5V,13.5V,0.0A,0.0A,0.0A,-0.2A,,85.8F,,,,,,,
02/08/15    05:59:36,37 days 07:50:00,20.8V,0.3V,14.4V,14.3V,0.0A,0.0A,0.0A,-0.2A,,86.0F,,,,,,,
02/08/15    05:54:37,37 days 07:45:00,20.6V,0.3V,14.4V,14.3V,0.0A,0.0A,0.0A,-0.2A,,86.2F,,,,,,,
02/08/15    05:49:38,37 days 07:40:00,20.9V,0.3V,14.4V,14.3V,0.0A,0.0A,0.0A,-0.2A,,86.2F,,,,,,,
02/08/15    05:44:39,37 days 07:35:00,20.4V,0.3V,14.4V,14.3V,0.0A,0.0A,0.0A,-0.2A,,86.4F,,,,,,,
02/08/15    05:39:40,37 days 07:30:00,20.6V,0.3V,14.4V,14.3V,0.0A,0.0A,0.0A,-0.2A,,86.4F,,,,,,,
02/08/15    05:34:40,37 days 07:24:59,20.6V,0.3V,14.4V,14.3V,0.0A,0.0A,0.0A,-0.2A,,86.4F,,,,,,,
02/08/15    05:29:42,37 days 07:20:00,15.5V,0.3V,13.7V,13.7V,0.0A,0.0A,0.0A,-0.2A,,86.5F,,,,,,,
02/08/15    05:24:42,37 days 07:15:00,15.4V,0.3V,13.4V,13.3V,0.0A,0.0A,0.0A,-0.2A,,86.5F,,,,,,,
02/08/15    05:19:43,37 days 07:10:00,16.1V,0.3V,13.5V,13.4V,0.0A,0.0A,0.0A,-0.2A,,86.5F,,,,,,,
02/08/15    05:14:44,37 days 07:05:00,15.6V,0.3V,13.6V,13.5V,0.0A,0.0A,0.0A,-0.2A,,86.7F,,,,,,,
02/08/15    05:09:45,37 days 07:00:00,15.7V,0.3V,13.8V,13.7V,0.0A,0.0A,0.0A,-0.2A,,86.7F,,,,,,,
02/08/15    05:04:45,37 days 06:54:59,15.9V,0.3V,13.9V,13.8V,0.0A,0.0A,0.0A,-0.2A,,86.7F,,,,,,,
02/08/15    04:59:46,37 days 06:49:59,16.0V,0.3V,14.0V,14.0V,0.0A,0.0A,0.0A,-0.2A,,86.9F,,,,,,,
02/08/15    04:54:47,37 days 06:45:00,20.5V,0.3V,14.2V,14.2V,0.0A,0.0A,0.0A,-0.2A,,86.9F,,,,,,,
02/08/15    04:49:48,37 days 06:40:00,21.6V,0.3V,14.4V,14.3V,0.0A,0.0A,0.0A,-0.2A,,86.9F,,,,,,,
02/08/15    04:44:49,37 days 06:35:00,21.5V,5.2V,14.4V,14.3V,0.0A,0.0A,0.0A,-0.2A,,87.1F,,,,,,,
02/08/15    04:39:50,37 days 06:30:00,21.6V,5.2V,14.4V,14.3V,0.0A,0.0A,0.0A,-0.2A,,87.1F,,,,,,,
02/08/15    04:34:51,37 days 06:25:00,21.8V,5.2V,14.4V,14.3V,0.0A,0.0A,0.0A,-0.2A,,87.1F,,,,,,,
02/08/15    04:29:52,37 days 06:20:00,21.8V,5.2V,14.4V,14.3V,0.0A,0.0A,0.0A,-0.2A,,87.1F,,,,,,,
02/08/15    04:24:52,37 days 06:14:59,21.7V,5.2V,14.4V,14.3V,0.0A,0.0A,0.0A,-0.2A,,87.1F,,,,,,,
02/08/15    04:19:53,37 days 06:09:59,21.6V,5.2V,14.4V,14.3V,0.0A,0.0A,0.0A,-0.2A,,86.9F,,,,,,,
02/08/15    04:14:54,37 days 06:05:00,21.8V,5.2V,14.4V,14.3V,0.0A,0.0A,0.0A,-0.2A,,86.9F,,,,,,,
02/08/15    04:09:55,37 days 06:00:00,21.7V,5.2V,14.4V,14.3V,0.0A,0.0A,0.0A,-0.2A,,86.9F,,,,,,,
02/08/15    04:04:56,37 days 05:55:00,21.8V,5.2V,14.4V,14.3V,0.0A,0.0A,0.0A,-0.2A,,86.9F,,,,,,,
02/08/15    03:59:57,37 days 05:50:00,21.8V,5.2V,14.4V,14.3V,0.0A,0.0A,0.0A,-0.2A,,86.7F,,,,,,,
02/08/15    03:54:58,37 days 05:45:00,22.1V,5.2V,14.4V,14.3V,0.0A,0.0A,0.0A,-0.2A,,86.7F,,,,,,,
02/08/15    03:49:59,37 days 05:40:00,21.9V,5.2V,14.4V,14.3V,0.0A,0.0A,0.0A,-0.2A,,86.7F,,,,,,,
02/08/15    03:44:59,37 days 05:34:59,22.0V,5.2V,14.4V,14.3V,0.0A,0.0A,0.0A,-0.2A,,86.5F,,,,,,,
02/08/15    03:40:00,37 days 05:29:59,21.6V,5.2V,14.4V,14.3V,0.0A,0.0A,0.0A,-0.2A,,86.5F,,,,,,,
02/08/15    03:35:01,37 days 05:25:00,21.3V,5.2V,14.4V,14.3V,0.0A,0.0A,0.0A,-0.2A,,86.4F,,,,,,,
02/08/15    03:30:02,37 days 05:20:00,21.2V,5.2V,14.3V,14.3V,0.0A,0.0A,0.0A,-0.2A,,86.4F,,,,,,,
02/08/15    03:25:03,37 days 05:15:00,20.3V,5.1V,14.4V,14.3V,0.0A,0.0A,0.0A,-0.2A,,86.2F,,,,,,,
02/08/15    03:20:04,37 days 05:10:00,18.8V,5.1V,14.2V,14.2V,0.0A,0.0A,0.0A,-0.2A,,86.0F,,,,,,,
02/08/15    03:15:05,37 days 05:05:00,18.7V,5.2V,14.1V,14.1V,0.0A,0.0A,0.0A,-0.2A,,85.8F,,,,,,,
02/08/15    03:10:06,37 days 05:00:00,16.4V,5.2V,13.8V,13.7V,0.0A,0.0A,0.0A,-0.2A,,85.8F,,,,,,,
02/08/15    03:05:07,37 days 04:55:00,19.6V,5.2V,14.1V,14.0V,0.0A,0.0A,0.0A,-0.2A,,85.6F,,,,,,,
02/08/15    03:00:08,37 days 04:50:00,19.0V,5.2V,14.0V,14.0V,0.0A,0.0A,0.0A,-0.2A,,85.5F,,,,,,,
02/08/15    02:55:09,37 days 04:45:00,16.9V,5.2V,14.0V,13.9V,0.0A,0.0A,0.0A,-0.2A,,85.3F,,,,,,,
02/08/15    02:50:09,37 days 04:39:59,18.5V,5.2V,13.9V,13.9V,0.0A,0.0A,0.0A,-0.2A,,85.3F,,,,,,,
02/08/15    02:45:10,37 days 04:34:59,18.7V,5.2V,14.0V,13.9V,0.0A,0.0A,0.0A,-0.2A,,85.1F,,,,,,,
02/08/15    02:40:11,37 days 04:30:00,18.6V,5.2V,13.9V,13.9V,0.0A,0.0A,0.0A,-0.2A,,84.9F,,,,,,,
02/08/15    02:35:12,37 days 04:25:00,18.5V,5.2V,13.9V,13.9V,0.0A,0.0A,0.0A,-0.2A,,84.7F,,,,,,,
02/08/15    02:30:13,37 days 04:20:00,18.1V,5.2V,13.9V,13.9V,0.0A,0.0A,0.0A,-0.2A,,84.6F,,,,,,,
02/08/15    02:25:14,37 days 04:15:00,18.9V,5.2V,13.9V,13.8V,0.0A,0.0A,0.0A,-0.2A,,84.2F,,,,,,,
02/08/15    02:20:15,37 days 04:10:00,18.6V,5.2V,13.9V,13.9V,0.0A,0.0A,0.0A,-0.2A,,84.0F,,,,,,,
02/08/15    02:15:16,37 days 04:05:00,18.6V,5.2V,13.9V,13.9V,0.0A,0.0A,0.0A,-0.2A,,83.8F,,,,,,,
02/08/15    02:10:17,37 days 04:00:00,18.8V,5.2V,13.9V,13.9V,0.0A,0.0A,0.0A,-0.2A,,83.7F,,,,,,,
02/08/15    02:05:18,37 days 03:55:00,18.5V,5.2V,13.9V,13.9V,0.0A,0.0A,0.0A,0.0A,,83.5F,,,,,,,
02/08/15    02:00:18,37 days 03:49:59,16.3V,5.2V,13.9V,13.8V,0.0A,0.0A,0.0A,-0.2A,,83.3F,,,,,,,
02/08/15    01:55:19,37 days 03:45:00,16.3V,5.2V,13.9V,13.8V,0.0A,0.0A,0.0A,-0.2A,,82.9F,,,,,,,
02/08/15    01:50:20,37 days 03:40:00,16.9V,5.2V,13.9V,13.8V,0.0A,0.0A,0.0A,-0.2A,,82.8F,,,,,,,
02/08/15    01:45:21,37 days 03:35:00,16.3V,5.2V,13.6V,13.6V,0.0A,0.0A,0.0A,-0.2A,,82.8F,,,,,,,
02/08/15    01:40:22,37 days 03:30:00,20.2V,5.2V,13.9V,13.8V,0.0A,0.0A,0.0A,-0.2A,,82.6F,,,,,,,
02/08/15    01:35:23,37 days 03:25:00,16.6V,5.2V,13.6V,13.5V,0.0A,0.0A,0.0A,-0.2A,,82.4F,,,,,,,
02/08/15    01:30:23,37 days 03:19:59,15.4V,5.2V,13.4V,13.4V,0.0A,0.0A,0.0A,-0.2A,,82.2F,,,,,,,
02/08/15    01:25:24,37 days 03:15:00,17.8V,5.2V,13.7V,13.7V,0.0A,0.0A,0.0A,-0.2A,,82.0F,,,,,,,
02/08/15    01:20:25,37 days 03:10:00,20.1V,5.2V,13.8V,13.8V,0.0A,0.0A,0.0A,-0.2A,,81.7F,,,,,,,
02/08/15    01:15:26,37 days 03:05:00,15.1V,5.2V,13.4V,13.4V,0.0A,0.0A,0.0A,-0.2A,,81.5F,,,,,,,
02/08/15    01:10:27,37 days 03:00:00,19.5V,5.2V,13.8V,13.8V,0.0A,0.0A,0.0A,-0.2A,,81.1F,,,,,,,
02/08/15    01:05:28,37 days 02:55:00,15.9V,5.2V,13.8V,13.7V,0.0A,0.0A,0.0A,-0.2A,,80.6F,,,,,,,
02/08/15    01:00:29,37 days 02:50:00,19.1V,5.2V,13.8V,13.8V,0.0A,0.0A,0.0A,-0.2A,,80.4F,,,,,,,
02/08/15    00:55:29,37 days 02:44:59,20.9V,5.2V,13.5V,13.5V,0.0A,0.0A,0.0A,-0.2A,,80.1F,,,,,,,
02/08/15    00:50:30,37 days 02:40:00,16.3V,5.2V,13.8V,13.7V,0.0A,0.0A,0.0A,-0.2A,,79.9F,,,,,,,
02/08/15    00:45:31,37 days 02:35:00,16.1V,5.2V,13.7V,13.6V,0.0A,0.0A,0.0A,-0.2A,,79.7F,,,,,,,
02/08/15    00:40:32,37 days 02:30:00,16.6V,5.2V,13.7V,13.7V,0.0A,0.0A,0.0A,-0.2A,,79.5F,,,,,,,
02/08/15    00:35:33,37 days 02:25:00,15.5V,5.2V,13.4V,13.3V,0.0A,0.0A,0.0A,-0.2A,,79.5F,,,,,,,
02/08/15    00:30:34,37 days 02:20:00,16.1V,5.2V,13.5V,13.4V,0.0A,0.0A,0.0A,-0.2A,,79.5F,,,,,,,
02/08/15    00:25:34,37 days 02:14:59,16.3V,5.2V,13.5V,13.5V,0.0A,0.0A,0.0A,-0.2A,,79.3F,,,,,,,
02/08/15    00:20:36,37 days 02:10:00,15.5V,5.2V,13.3V,13.3V,0.0A,0.0A,0.0A,-0.2A,,79.3F,,,,,,,
02/08/15    00:15:36,37 days 02:04:59,15.4V,5.2V,13.3V,13.3V,0.0A,0.0A,0.0A,-0.2A,,79.2F,,,,,,,
02/08/15    00:10:37,37 days 02:00:00,15.4V,5.2V,13.3V,13.3V,0.0A,0.0A,0.0A,-0.2A,,79.0F,,,,,,,
02/08/15    00:05:38,37 days 01:55:00,15.3V,5.2V,13.4V,13.3V,0.0A,0.0A,0.0A,-0.2A,,78.8F,,,,,,,
02/08/15    00:00:39,37 days 01:50:00,16.2V,5.2V,13.5V,13.5V,0.0A,0.0A,0.0A,-0.2A,,78.6F,,,,,,,
02/07/15    23:55:39,37 days 01:44:59,16.3V,5.2V,13.6V,13.5V,0.0A,0.0A,0.0A,-0.2A,,78.4F,,,,,,,
02/07/15    23:50:41,37 days 01:40:00,15.4V,5.2V,13.4V,13.3V,0.0A,0.0A,0.0A,-0.2A,,78.3F,,,,,,,
02/07/15    23:45:41,37 days 01:35:00,16.0V,5.2V,13.6V,13.6V,0.0A,0.0A,0.0A,-0.2A,,77.9F,,,,,,,
02/07/15    23:40:42,37 days 01:30:00,16.0V,5.2V,13.7V,13.6V,0.0A,0.0A,0.0A,-0.2A,,77.5F,,,,,,,
02/07/15    23:35:42,37 days 01:24:59,16.1V,5.2V,13.7V,13.6V,0.0A,0.0A,0.0A,-0.2A,,77.2F,,,,,,,
02/07/15    23:30:43,37 days 01:20:00,16.1V,5.2V,13.6V,13.5V,0.0A,0.0A,0.0A,-0.2A,,77.0F,,,,,,,
02/07/15    23:25:44,37 days 01:15:00,15.7V,5.2V,13.5V,13.5V,0.0A,0.0A,0.0A,-0.2A,,76.8F,,,,,,,
02/07/15    23:20:45,37 days 01:10:00,17.6V,5.2V,13.4V,13.3V,0.0A,0.0A,0.0A,-0.2A,,76.6F,,,,,,,
02/07/15    23:15:45,37 days 01:05:00,16.3V,5.2V,13.6V,13.5V,0.0A,0.0A,0.0A,-0.2A,,76.5F,,,,,,,
02/07/15    23:10:46,37 days 01:00:00,15.6V,5.2V,13.4V,13.3V,0.0A,0.0A,0.0A,-0.2A,,76.5F,,,,,,,
02/07/15    23:05:46,37 days 00:54:59,15.6V,5.2V,13.3V,13.3V,0.0A,0.0A,0.0A,-0.2A,,76.3F,,,,,,,
02/07/15    23:00:47,37 days 00:50:00,15.6V,5.2V,13.3V,13.3V,0.0A,0.0A,0.0A,-0.2A,,76.3F,,,,,,,
02/07/15    22:55:48,37 days 00:45:00,15.8V,5.2V,13.2V,13.2V,0.0A,0.0A,0.0A,-0.2A,,76.3F,,,,,,,
02/07/15    22:50:48,37 days 00:39:59,15.0V,5.2V,13.2V,13.1V,0.0A,0.0A,0.0A,-0.2A,,76.3F,,,,,,,
02/07/15    22:45:49,37 days 00:35:00,14.7V,5.2V,13.1V,13.1V,0.0A,0.0A,0.0A,-0.2A,,76.3F,,,,,,,
02/07/15    22:40:50,37 days 00:30:00,14.7V,5.2V,13.1V,13.1V,0.0A,0.0A,0.0A,-0.2A,,76.3F,,,,,,,
02/07/15    22:35:51,37 days 00:25:00,14.6V,5.2V,13.1V,13.1V,0.0A,0.0A,0.0A,-0.2A,,76.1F,,,,,,,
02/07/15    22:30:51,37 days 00:20:00,14.8V,5.2V,13.2V,13.1V,0.0A,0.0A,0.0A,-0.2A,,76.1F,,,,,,,
02/07/15    22:25:52,37 days 00:15:00,15.0V,5.2V,13.2V,13.1V,0.0A,0.0A,0.0A,-0.2A,,76.1F,,,,,,,
02/07/15    22:20:53,37 days 00:10:00,14.7V,5.2V,13.1V,13.1V,0.0A,0.0A,0.0A,-0.2A,,76.1F,,,,,,,
02/07/15    22:15:54,37 days 00:05:00,14.6V,5.2V,13.1V,13.0V,0.0A,0.0A,0.0A,-0.2A,,76.1F,,,,,,,
02/07/15    22:10:54,37 days 00:00:00,14.4V,5.2V,13.1V,13.0V,0.0A,0.0A,0.0A,-0.2A,,76.1F,,,,,,,
02/07/15    22:05:55,36 days 23:55:00,14.3V,5.2V,13.1V,13.0V,0.0A,0.0A,0.0A,-0.2A,,76.1F,,,,,,,
02/07/15    22:00:55,36 days 23:49:59,14.2V,5.2V,13.1V,13.0V,0.0A,0.0A,0.0A,-0.2A,,76.1F,,,,,,,
02/07/15    21:55:56,36 days 23:45:00,18.0V,5.2V,13.0V,13.0V,0.0A,0.0A,0.0A,-0.2A,,76.1F,,,,,,,
02/07/15    21:50:57,36 days 23:40:00,14.2V,5.2V,13.1V,13.0V,0.0A,0.0A,0.0A,-0.2A,,75.9F,,,,,,,
02/07/15    21:45:57,36 days 23:34:59,14.4V,5.2V,13.1V,13.0V,0.0A,0.0A,0.0A,-0.2A,,75.9F,,,,,,,
02/07/15    21:40:58,36 days 23:30:00,14.6V,5.2V,13.1V,13.0V,0.0A,0.0A,0.0A,-0.2A,,75.9F,,,,,,,
02/07/15    21:35:59,36 days 23:25:00,14.4V,5.2V,13.1V,13.0V,0.0A,0.0A,0.0A,-0.2A,,75.7F,,,,,,,
02/07/15    21:30:59,36 days 23:19:59,14.2V,5.2V,13.0V,13.0V,0.0A,0.0A,0.0A,-0.2A,,75.7F,,,,,,,
02/07/15    21:26:00,36 days 23:15:00,14.0V,5.2V,13.0V,13.0V,0.0A,0.0A,0.0A,-0.2A,,75.7F,,,,,,,
02/07/15    21:21:01,36 days 23:10:00,13.6V,5.2V,13.0V,13.0V,0.0A,0.0A,0.0A,-0.2A,,75.7F,,,,,,,
02/07/15    21:16:02,36 days 23:05:00,13.5V,5.2V,13.0V,13.0V,0.0A,0.0A,0.0A,-0.2A,,75.7F,,,,,,,
02/07/15    21:11:02,36 days 23:00:00,13.5V,5.2V,13.0V,13.0V,0.0A,0.0A,0.0A,-0.2A,,75.7F,,,,,,,
02/07/15    21:06:03,36 days 22:55:00,14.4V,5.2V,13.0V,13.0V,0.0A,0.0A,0.0A,-0.2A,,75.7F,,,,,,,
02/07/15    21:01:03,36 days 22:49:59,13.1V,5.2V,13.0V,13.0V,0.0A,0.0A,0.0A,-0.2A,,75.7F,,,,,,,
02/07/15    20:56:04,36 days 22:45:00,12.9V,5.2V,13.0V,13.0V,0.0A,0.0A,0.0A,-0.2A,,75.7F,,,,,,,
02/07/15    20:51:04,36 days 22:39:59,12.3V,5.2V,13.0V,13.0V,0.0A,0.0A,0.0A,-0.2A,,75.9F,,,,,,,
02/07/15    20:46:05,36 days 22:34:59,9.4V,5.2V,13.0V,13.0V,0.0A,0.0A,0.0A,-0.2A,,75.9F,,,,,,,
02/07/15    20:41:06,36 days 22:30:00,4.7V,5.2V,13.0V,13.0V,0.0A,0.0A,0.0A,-0.2A,,75.9F,,,,,,,
02/07/15    20:36:07,36 days 22:25:00,1.6V,5.2V,13.0V,13.0V,0.0A,0.0A,0.0A,-0.2A,,75.9F,,,,,,,
02/07/15    20:31:07,36 days 22:19:59,0.5V,5.2V,13.0V,13.0V,0.0A,0.0A,0.0A,-0.2A,,75.9F,,,,,,,
02/07/15    20:26:08,36 days 22:15:00,0.2V,5.2V,13.0V,13.0V,0.0A,0.0A,0.0A,-0.2A,,76.1F,,,,,,,
02/07/15    20:21:09,36 days 22:10:00,0.1V,5.2V,13.0V,13.0V,0.0A,0.0A,0.0A,-0.2A,,76.1F,,,,,,,
02/07/15    20:16:09,36 days 22:05:00,0.0V,5.2V,13.0V,13.0V,0.0A,0.0A,0.0A,-0.2A,,76.1F,,,,,,,
02/07/15    20:11:10,36 days 22:00:00,0.0V,5.2V,13.0V,13.0V,0.0A,0.0A,0.0A,-0.2A,,76.1F,,,,,,,
02/07/15    20:06:10,36 days 21:54:59,0.0V,5.2V,13.0V,13.0V,0.0A,0.0A,0.0A,-0.2A,,76.1F,,,,,,,
02/07/15    20:01:11,36 days 21:50:00,0.0V,5.2V,13.0V,13.0V,0.0A,0.0A,0.0A,-0.2A,,76.1F,,,,,,,
02/07/15    19:56:12,36 days 21:45:00,0.0V,5.2V,13.0V,13.0V,0.0A,0.0A,0.0A,-0.2A,,76.3F,,,,,,,
02/07/15    19:51:13,36 days 21:40:00,0.0V,5.2V,13.0V,13.0V,0.0A,0.0A,0.0A,-0.2A,,76.3F,,,,,,,
02/07/15    19:46:13,36 days 21:35:00,0.0V,5.2V,13.0V,13.0V,0.0A,0.0A,0.0A,-0.2A,,76.3F,,,,,,,
02/07/15    19:41:14,36 days 21:30:00,0.0V,5.2V,13.0V,13.0V,0.0A,0.0A,0.0A,-0.2A,,76.3F,,,,,,,
02/07/15    19:36:15,36 days 21:25:00,0.0V,5.2V,13.0V,13.0V,0.0A,0.0A,0.0A,-0.2A,,76.5F,,,,,,,
02/07/15    19:31:15,36 days 21:19:59,0.0V,5.2V,13.0V,13.0V,0.0A,0.0A,0.0A,-0.2A,,76.5F,,,,,,,
02/07/15    19:26:16,36 days 21:15:00,0.0V,5.2V,13.0V,13.0V,0.0A,0.0A,0.0A,-0.2A,,76.5F,,,,,,,
02/07/15    19:21:17,36 days 21:10:00,0.0V,5.2V,13.0V,13.0V,0.0A,0.0A,0.0A,-0.2A,,76.6F,,,,,,,
02/07/15    19:16:17,36 days 21:04:59,0.0V,5.2V,13.0V,13.0V,0.0A,0.0A,0.0A,-0.2A,,76.6F,,,,,,,
02/07/15    19:11:18,36 days 20:59:59,0.0V,5.2V,13.0V,13.0V,0.0A,0.0A,0.0A,-0.2A,,76.6F,,,,,,,
02/07/15    19:06:19,36 days 20:55:00,0.0V,5.2V,13.0V,13.0V,0.0A,0.0A,0.0A,-0.2A,,76.6F,,,,,,,
02/07/15    19:01:20,36 days 20:50:00,0.0V,5.2V,13.0V,13.0V,0.0A,0.0A,0.0A,-0.2A,,76.8F,,,,,,,
02/07/15    18:56:20,36 days 20:44:59,0.0V,5.2V,13.0V,13.0V,0.0A,0.0A,0.0A,-0.2A,,76.8F,,,,,,,
02/07/15    18:51:21,36 days 20:39:59,0.0V,5.2V,13.0V,13.0V,0.0A,0.0A,0.0A,-0.2A,,76.8F,,,,,,,
02/07/15    18:46:22,36 days 20:35:00,0.0V,5.2V,13.0V,13.0V,0.0A,0.0A,0.0A,-0.2A,,76.8F,,,,,,,
02/07/15    18:41:23,36 days 20:30:00,0.0V,5.2V,13.0V,13.0V,0.0A,0.0A,0.0A,-0.2A,,77.0F,,,,,,,
02/07/15    18:36:23,36 days 20:24:59,0.0V,5.2V,13.0V,13.0V,0.0A,0.0A,0.0A,-0.2A,,77.0F,,,,,,,
02/07/15    18:31:24,36 days 20:19:59,0.0V,5.2V,13.0V,13.0V,0.0A,0.0A,0.0A,-0.2A,,77.0F,,,,,,,
02/07/15    18:26:25,36 days 20:15:00,0.0V,5.2V,13.0V,13.0V,0.0A,0.0A,0.0A,-0.2A,,77.2F,,,,,,,
02/07/15    18:21:26,36 days 20:10:00,0.0V,5.2V,13.0V,13.0V,0.0A,0.0A,0.0A,-0.2A,,77.2F,,,,,,,
02/07/15    18:16:27,36 days 20:05:00,0.0V,5.2V,13.0V,13.0V,0.0A,0.0A,0.0A,-0.2A,,77.2F,,,,,,,
02/07/15    18:11:27,36 days 20:00:00,0.0V,5.2V,13.0V,13.0V,0.0A,0.0A,0.0A,-0.2A,,77.4F,,,,,,,
02/07/15    18:06:28,36 days 19:55:00,0.0V,5.2V,13.0V,13.0V,0.0A,0.0A,0.0A,-0.2A,,77.4F,,,,,,,
02/07/15    18:01:28,36 days 19:49:59,0.0V,5.2V,13.0V,13.0V,0.0A,0.0A,0.0A,-0.2A,,77.4F,,,,,,,
02/07/15    17:56:29,36 days 19:45:00,0.0V,5.2V,13.0V,13.0V,0.0A,0.0A,0.0A,-0.2A,,77.5F,,,,,,,
02/07/15    17:51:30,36 days 19:40:00,0.0V,5.2V,13.0V,13.0V,0.0A,0.0A,0.0A,-0.2A,,77.5F,,,,,,,
02/07/15    17:46:31,36 days 19:35:00,0.0V,5.2V,13.0V,13.0V,0.0A,0.0A,0.0A,-0.2A,,77.5F,,,,,,,
02/07/15    17:41:31,36 days 19:30:00,0.0V,5.2V,13.0V,13.0V,0.0A,0.0A,0.0A,-0.2A,,77.5F,,,,,,,
02/07/15    17:36:32,36 days 19:25:00,0.0V,5.2V,13.0V,13.0V,0.0A,0.0A,0.0A,-0.2A,,77.7F,,,,,,,
02/07/15    17:31:33,36 days 19:20:00,0.0V,5.2V,13.0V,13.0V,0.0A,0.0A,0.0A,-0.2A,,77.7F,,,,,,,
02/07/15    17:26:33,36 days 19:14:59,0.0V,5.2V,13.0V,13.0V,0.0A,0.0A,0.0A,-0.2A,,77.7F,,,,,,,
02/07/15    17:21:34,36 days 19:10:00,0.0V,5.2V,13.0V,13.0V,0.0A,0.0A,0.0A,-0.2A,,77.7F,,,,,,,
02/07/15    17:16:35,36 days 19:05:00,0.0V,5.2V,13.0V,13.0V,0.0A,0.0A,0.0A,-0.2A,,77.9F,,,,,,,
02/07/15    17:11:35,36 days 18:59:59,0.0V,5.2V,13.0V,13.0V,0.0A,0.0A,0.0A,-0.2A,,77.9F,,,,,,,
02/07/15    17:06:36,36 days 18:55:00,0.0V,5.2V,13.0V,13.0V,0.0A,0.0A,0.0A,-0.2A,,77.9F,,,,,,,
02/07/15    17:01:36,36 days 18:49:59,0.0V,5.2V,13.0V,13.0V,0.0A,0.0A,0.0A,-0.2A,,78.1F,,,,,,,
02/07/15    16:56:37,36 days 18:44:59,0.0V,5.2V,13.0V,13.0V,0.0A,0.0A,0.0A,-0.2A,,78.1F,,,,,,,
02/07/15    16:51:38,36 days 18:40:00,0.0V,5.2V,13.0V,13.0V,0.0A,0.0A,0.0A,-0.2A,,78.1F,,,,,,,
02/07/15    16:46:39,36 days 18:35:00,0.0V,5.2V,13.0V,13.0V,0.0A,0.0A,0.0A,-0.2A,,78.3F,,,,,,,
02/07/15    16:41:39,36 days 18:29:59,0.0V,5.2V,13.0V,13.0V,0.0A,0.0A,0.0A,-0.2A,,78.3F,,,,,,,
02/07/15    16:36:40,36 days 18:24:59,0.0V,5.2V,13.0V,13.0V,0.0A,0.0A,0.0A,-0.2A,,78.4F,,,,,,,
02/07/15    16:31:41,36 days 18:20:00,0.0V,5.2V,13.0V,13.0V,0.0A,0.0A,0.0A,-0.2A,,78.4F,,,,,,,
02/07/15    16:26:42,36 days 18:15:00,0.0V,5.2V,13.0V,13.0V,0.0A,0.0A,0.0A,-0.2A,,78.4F,,,,,,,
02/07/15    16:21:42,36 days 18:09:59,0.0V,5.2V,13.0V,13.0V,0.0A,0.0A,0.0A,-0.2A,,78.6F,,,,,,,
02/07/15    16:16:43,36 days 18:05:00,0.0V,5.2V,13.0V,13.0V,0.0A,0.0A,0.0A,-0.2A,,78.6F,,,,,,,
02/07/15    16:11:44,36 days 18:00:00,0.0V,5.2V,13.0V,13.0V,0.0A,0.0A,0.0A,-0.2A,,78.6F,,,,,,,
02/07/15    16:06:45,36 days 17:55:00,0.0V,5.2V,13.0V,13.0V,0.0A,0.0A,0.0A,-0.2A,,78.8F,,,,,,,
02/07/15    16:01:45,36 days 17:50:00,0.0V,5.2V,13.0V,13.0V,0.0A,0.0A,0.0A,-0.2A,,78.8F,,,,,,,
02/07/15    15:56:46,36 days 17:45:00,0.0V,5.2V,13.0V,13.0V,0.0A,0.0A,0.0A,-0.2A,,78.8F,,,,,,,
02/07/15    15:51:47,36 days 17:40:00,0.0V,5.2V,13.0V,13.0V,0.0A,0.0A,0.0A,-0.2A,,79.0F,,,,,,,
02/07/15    15:46:47,36 days 17:34:59,0.0V,5.2V,13.0V,13.0V,0.0A,0.0A,0.0A,-0.2A,,79.0F,,,,,,,
02/07/15    15:41:48,36 days 17:30:00,0.0V,5.2V,13.0V,13.0V,0.0A,0.0A,0.0A,-0.2A,,79.2F,,,,,,,
02/07/15    15:36:49,36 days 17:25:00,0.0V,5.2V,13.0V,13.0V,0.0A,0.0A,0.0A,-0.2A,,79.2F,,,,,,,
02/07/15    15:31:50,36 days 17:20:00,0.0V,5.2V,13.0V,13.0V,0.0A,0.0A,0.0A,-0.2A,,79.2F,,,,,,,
02/07/15    15:26:50,36 days 17:14:59,0.0V,5.2V,13.0V,13.0V,0.0A,0.0A,0.0A,-0.2A,,79.3F,,,,,,,
02/07/15    15:21:52,36 days 17:10:00,0.0V,5.2V,13.0V,13.0V,0.0A,0.0A,0.0A,-0.2A,,79.3F,,,,,,,
02/07/15    15:16:52,36 days 17:05:00,0.0V,5.2V,13.0V,13.0V,0.0A,0.0A,0.0A,-0.2A,,79.5F,,,,,,,
02/07/15    15:11:53,36 days 17:00:00,0.0V,5.2V,13.0V,13.0V,0.0A,0.0A,0.0A,-0.2A,,79.5F,,,,,,,
02/07/15    15:06:54,36 days 16:55:00,0.0V,5.2V,13.0V,13.0V,0.0A,0.0A,0.0A,-0.2A,,79.7F,,,,,,,
02/07/15    15:01:55,36 days 16:50:00,0.0V,5.2V,13.0V,13.0V,0.0A,0.0A,0.0A,-0.2A,,79.7F,,,,,,,
02/07/15    14:56:55,36 days 16:44:59,0.0V,5.2V,13.0V,13.0V,0.0A,0.0A,0.0A,-0.2A,,79.9F,,,,,,,
02/07/15    14:51:56,36 days 16:40:00,0.0V,5.2V,13.0V,13.0V,0.0A,0.0A,0.0A,-0.2A,,79.9F,,,,,,,
02/07/15    14:46:57,36 days 16:35:00,0.0V,5.2V,13.0V,13.0V,0.0A,0.0A,0.0A,-0.2A,,80.1F,,,,,,,
02/07/15    14:41:58,36 days 16:30:00,0.0V,5.2V,13.0V,13.0V,0.0A,0.0A,0.0A,-0.2A,,80.1F,,,,,,,
02/07/15    14:36:58,36 days 16:24:59,0.0V,5.2V,13.0V,13.0V,0.0A,0.0A,0.0A,-0.2A,,80.2F,,,,,,,
02/07/15    14:31:59,36 days 16:20:00,0.0V,5.2V,13.0V,13.0V,0.0A,0.0A,0.0A,-0.2A,,80.2F,,,,,,,
02/07/15    14:27:00,36 days 16:15:00,0.0V,5.2V,13.0V,13.0V,0.0A,0.0A,0.0A,-0.2A,,80.2F,,,,,,,
02/07/15    14:22:00,36 days 16:09:59,0.0V,5.2V,13.0V,13.0V,0.0A,0.0A,0.0A,-0.2A,,80.4F,,,,,,,
02/07/15    14:17:01,36 days 16:04:59,0.0V,5.2V,13.0V,13.0V,0.0A,0.0A,0.0A,-0.2A,,80.4F,,,,,,,
02/07/15    14:12:02,36 days 16:00:00,0.0V,5.2V,13.0V,13.0V,0.0A,0.0A,0.0A,-0.2A,,80.4F,,,,,,,
02/07/15    14:07:03,36 days 15:55:00,0.0V,5.2V,13.0V,13.0V,0.0A,0.0A,0.0A,-0.2A,,80.6F,,,,,,,
02/07/15    14:02:04,36 days 15:50:00,0.0V,5.2V,13.0V,13.0V,0.0A,0.0A,0.0A,-0.2A,,80.6F,,,,,,,
02/07/15    13:57:05,36 days 15:45:00,0.0V,5.2V,13.0V,13.0V,0.0A,0.0A,0.0A,-0.2A,,80.6F,,,,,,,
