01/05/15    09:01:49,3 days 08:45:00,4.3V,4.8V,12.9V,12.9V,0.2A,0.0A,-0.2A,-0.2A,,26.7C,,,,,,,
01/05/15    08:56:48,3 days 08:39:59,1.1V,4.8V,12.9V,12.9V,0.2A,0.0A,-0.2A,-0.2A,,26.7C,,,,,,,
01/05/15    08:51:47,3 days 08:34:59,0.2V,4.8V,12.9V,12.9V,0.2A,0.0A,-0.2A,-0.2A,,26.8C,,,,,,,
01/05/15    08:46:47,3 days 08:30:00,0.0V,4.8V,12.9V,12.9V,0.2A,0.0A,-0.2A,-0.2A,,26.8C,,,,,,,
01/05/15    08:41:45,3 days 08:24:59,0.0V,4.8V,12.9V,12.9V,0.2A,0.0A,-0.2A,-0.2A,,26.8C,,,,,,,
01/05/15    08:36:45,3 days 08:20:00,0.0V,4.8V,12.9V,12.9V,0.2A,0.0A,-0.2A,-0.2A,,26.8C,,,,,,,
01/05/15    08:31:43,3 days 08:14:59,0.0V,4.8V,12.9V,12.9V,0.2A,0.0A,-0.2A,-0.2A,,26.8C,,,,,,,
01/05/15    08:26:43,3 days 08:10:00,0.0V,4.8V,12.9V,12.9V,0.2A,0.0A,-0.2A,-0.2A,,26.8C,,,,,,,
01/05/15    08:21:41,3 days 08:04:59,0.0V,4.8V,12.9V,12.9V,0.2A,0.0A,-0.2A,-0.2A,,26.8C,,,,,,,
01/05/15    08:16:41,3 days 08:00:00,0.0V,4.8V,12.9V,12.9V,0.2A,0.0A,-0.2A,-0.2A,,26.9C,,,,,,,
01/05/15    08:11:40,3 days 07:55:00,0.0V,4.8V,12.9V,12.9V,0.2A,0.0A,-0.2A,-0.2A,,26.9C,,,,,,,
01/05/15    08:06:39,3 days 07:50:00,0.0V,4.8V,12.9V,12.9V,0.2A,0.0A,-0.2A,-0.2A,,26.9C,,,,,,,
01/05/15    08:01:38,3 days 07:45:00,0.0V,4.8V,12.9V,13.0V,0.2A,0.0A,-0.2A,-0.2A,,27.0C,,,,,,,
01/05/15    07:56:37,3 days 07:40:00,0.0V,4.8V,12.9V,13.0V,0.2A,0.0A,-0.2A,-0.2A,,27.0C,,,,,,,
01/05/15    07:51:36,3 days 07:35:00,0.0V,4.8V,12.9V,13.0V,0.2A,0.0A,0.0A,0.0A,,27.0C,,,,,,,
01/05/15    07:46:35,3 days 07:30:00,0.0V,4.8V,12.9V,13.0V,0.2A,0.0A,-0.2A,-0.2A,,27.0C,,,,,,,
01/05/15    07:41:34,3 days 07:25:00,0.0V,4.8V,12.9V,13.0V,0.2A,0.0A,-0.2A,-0.2A,,27.1C,,,,,,,
01/05/15    07:36:33,3 days 07:20:00,0.0V,4.8V,12.9V,13.0V,0.2A,0.0A,-0.2A,-0.2A,,27.1C,,,,,,,
01/05/15    07:31:32,3 days 07:15:00,0.0V,4.8V,12.9V,13.0V,0.2A,0.0A,0.0A,-0.2A,,27.1C,,,,,,,
01/05/15    07:26:31,3 days 07:10:00,0.0V,4.8V,12.9V,13.0V,0.2A,0.0A,-0.2A,-0.2A,,27.2C,,,,,,,
01/05/15    07:21:30,3 days 07:05:00,0.0V,4.8V,12.9V,13.0V,0.2A,0.0A,-0.2A,-0.2A,,27.2C,,,,,,,
01/05/15    07:16:29,3 days 07:00:00,0.0V,4.8V,12.9V,13.0V,0.2A,0.0A,0.0A,-0.2A,,27.2C,,,,,,,
01/05/15    07:11:28,3 days 06:55:00,0.0V,4.8V,12.9V,13.0V,0.2A,0.0A,0.0A,-0.2A,,27.3C,,,,,,,
01/05/15    07:06:27,3 days 06:50:00,0.0V,4.8V,12.9V,13.0V,0.2A,0.0A,0.0A,-0.2A,,27.3C,,,,,,,
01/05/15    07:01:26,3 days 06:44:59,0.0V,4.8V,12.9V,13.0V,0.2A,0.0A,0.0A,-0.2A,,27.3C,,,,,,,
01/05/15    06:56:25,3 days 06:39:59,0.0V,4.8V,12.9V,13.0V,0.2A,0.0A,0.0A,-0.2A,,27.4C,,,,,,,
01/05/15    06:51:24,3 days 06:34:59,0.0V,4.8V,12.9V,13.0V,0.2A,0.0A,0.0A,-0.2A,,27.4C,,,,,,,
01/05/15    06:46:23,3 days 06:29:59,0.0V,4.8V,12.9V,13.0V,0.2A,0.0A,0.0A,-0.2A,,27.5C,,,,,,,
01/05/15    06:41:22,3 days 06:24:59,0.0V,4.8V,12.9V,13.0V,0.2A,0.0A,0.0A,-0.2A,,27.5C,,,,,,,
01/05/15    06:36:22,3 days 06:20:00,0.0V,4.8V,12.9V,13.0V,0.2A,0.0A,0.0A,-0.2A,,27.6C,,,,,,,
01/05/15    06:31:21,3 days 06:15:00,0.0V,4.8V,12.9V,12.9V,0.3A,0.0A,0.0A,-0.2A,,27.7C,,,,,,,
01/05/15    06:26:19,3 days 06:09:59,0.0V,5.2V,12.8V,12.9V,0.0A,0.0A,0.2A,0.0A,,27.7C,,,,,,,
01/05/15    06:21:19,3 days 06:05:00,0.0V,5.2V,12.8V,12.9V,0.0A,0.0A,0.2A,-0.2A,,27.8C,,,,,,,
01/05/15    06:16:17,3 days 05:59:59,0.0V,5.2V,12.8V,12.9V,0.0A,0.0A,0.2A,-0.2A,,27.8C,,,,,,,
01/05/15    06:11:17,3 days 05:55:00,0.0V,5.2V,12.8V,12.9V,0.0A,0.0A,0.2A,-0.2A,,27.9C,,,,,,,
01/05/15    06:06:15,3 days 05:50:00,0.0V,5.2V,12.8V,12.9V,0.0A,0.0A,0.2A,-0.2A,,28.0C,,,,,,,
01/05/15    06:01:14,3 days 05:45:00,0.0V,5.2V,12.8V,12.9V,0.0A,0.0A,0.2A,-0.2A,,28.1C,,,,,,,
01/05/15    05:56:13,3 days 05:40:00,0.0V,5.2V,12.8V,12.9V,0.0A,0.0A,0.2A,-0.2A,,28.2C,,,,,,,
01/05/15    05:51:12,3 days 05:35:00,0.0V,5.2V,12.7V,12.8V,0.0A,0.1A,0.2A,-0.2A,,28.3C,,,,,,,
01/05/15    05:46:10,3 days 05:29:59,0.0V,4.7V,12.6V,12.7V,0.3A,0.1A,0.2A,-0.2A,,28.3C,,,,,,,
01/05/15    05:41:10,3 days 05:25:00,0.0V,4.7V,12.7V,12.8V,0.3A,0.0A,0.2A,0.0A,,28.4C,,,,,,,
01/05/15    05:36:08,3 days 05:20:00,0.0V,4.7V,12.7V,12.8V,0.3A,0.0A,0.2A,0.0A,,28.4C,,,,,,,
01/05/15    05:31:07,3 days 05:15:00,0.0V,4.7V,12.7V,12.8V,0.4A,0.0A,0.2A,-0.2A,,28.4C,,,,,,,
01/05/15    05:26:06,3 days 05:10:00,0.0V,4.7V,12.8V,12.9V,0.3A,0.0A,0.0A,-0.2A,,28.5C,,,,,,,
01/05/15    05:21:05,3 days 05:05:00,0.0V,4.7V,12.8V,12.9V,0.3A,0.0A,0.0A,-0.2A,,28.5C,,,,,,,
01/05/15    05:16:03,3 days 04:59:59,0.0V,4.7V,12.8V,12.9V,0.3A,0.0A,0.0A,-0.2A,,28.5C,,,,,,,
01/05/15    05:11:02,3 days 04:54:59,0.0V,4.7V,12.8V,12.9V,0.3A,0.0A,0.0A,-0.2A,,28.5C,,,,,,,
01/05/15    05:06:01,3 days 04:50:00,0.0V,4.7V,12.7V,12.8V,0.3A,0.1A,0.0A,-0.2A,,28.6C,,,,,,,
01/05/15    05:01:00,3 days 04:45:00,0.0V,4.7V,12.8V,12.9V,0.4A,0.0A,0.0A,-0.2A,,28.6C,,,,,,,
01/05/15    04:55:59,3 days 04:40:00,0.0V,4.7V,12.8V,12.9V,0.4A,0.0A,0.0A,-0.2A,,28.6C,,,,,,,
01/05/15    04:50:58,3 days 04:35:00,0.0V,4.7V,12.8V,12.9V,0.4A,0.0A,0.0A,-0.2A,,28.6C,,,,,,,
01/05/15    04:45:57,3 days 04:30:00,0.0V,4.7V,12.8V,12.9V,0.4A,0.0A,0.0A,-0.2A,,28.6C,,,,,,,
01/05/15    04:40:56,3 days 04:25:00,0.0V,4.7V,12.8V,12.9V,0.4A,0.0A,0.0A,0.0A,,28.6C,,,,,,,
01/05/15    04:35:55,3 days 04:20:00,0.0V,4.7V,12.8V,12.9V,0.4A,0.0A,0.0A,0.0A,,28.6C,,,,,,,
01/05/15    04:30:54,3 days 04:15:00,0.0V,4.7V,12.8V,12.9V,0.5A,0.0A,0.0A,-0.2A,,28.7C,,,,,,,
01/05/15    04:25:52,3 days 04:09:59,0.0V,4.7V,12.8V,12.9V,0.4A,0.0A,0.0A,-0.2A,,28.7C,,,,,,,
01/05/15    04:20:51,3 days 04:04:59,0.0V,4.7V,12.8V,12.9V,0.4A,0.0A,0.0A,-0.2A,,28.7C,,,,,,,
01/05/15    04:15:50,3 days 04:00:00,0.0V,4.7V,12.8V,12.9V,0.4A,0.0A,0.0A,-0.2A,,28.7C,,,,,,,
01/05/15    04:10:49,3 days 03:55:00,0.0V,4.7V,12.8V,12.9V,0.4A,0.0A,0.0A,0.0A,,28.7C,,,,,,,
01/05/15    04:05:48,3 days 03:50:00,0.0V,4.7V,12.8V,12.9V,0.4A,0.0A,0.0A,0.0A,,28.7C,,,,,,,
01/05/15    04:00:46,3 days 03:44:59,0.0V,4.7V,12.8V,12.9V,0.4A,0.0A,0.0A,-0.2A,,28.7C,,,,,,,
01/05/15    03:55:46,3 days 03:40:00,0.0V,4.7V,12.8V,12.9V,0.4A,0.0A,0.0A,-0.2A,,28.8C,,,,,,,
01/05/15    03:50:44,3 days 03:35:00,0.0V,4.7V,12.8V,12.9V,0.4A,0.0A,0.0A,-0.2A,,28.8C,,,,,,,
01/05/15    03:45:43,3 days 03:30:00,0.0V,4.7V,12.8V,12.9V,0.4A,0.0A,0.0A,-0.2A,,28.8C,,,,,,,
01/05/15    03:40:42,3 days 03:25:00,0.0V,4.7V,12.8V,12.9V,0.4A,0.0A,0.0A,-0.2A,,28.9C,,,,,,,
01/05/15    03:35:41,3 days 03:20:00,0.0V,4.7V,12.9V,12.9V,0.4A,0.0A,0.0A,-0.2A,,28.9C,,,,,,,
01/05/15    03:30:39,3 days 03:14:59,0.0V,4.7V,12.9V,12.9V,0.4A,0.0A,0.0A,-0.2A,,28.9C,,,,,,,
01/05/15    03:25:38,3 days 03:10:00,0.0V,4.7V,12.9V,12.9V,0.4A,0.0A,0.0A,-0.2A,,29.0C,,,,,,,
01/05/15    03:20:37,3 days 03:05:00,0.0V,4.7V,12.9V,12.9V,0.4A,0.0A,0.0A,0.0A,,29.0C,,,,,,,
01/05/15    03:15:36,3 days 03:00:00,0.0V,4.7V,12.9V,12.9V,0.4A,0.0A,0.0A,-0.2A,,29.0C,,,,,,,
01/05/15    03:10:34,3 days 02:55:00,0.0V,4.7V,12.9V,12.9V,0.4A,0.0A,0.0A,-0.2A,,29.1C,,,,,,,
01/05/15    03:05:33,3 days 02:50:00,0.0V,4.7V,12.9V,13.0V,0.4A,0.0A,0.0A,0.0A,,29.1C,,,,,,,
01/05/15    03:00:32,3 days 02:45:00,0.0V,4.7V,12.9V,13.0V,0.4A,0.0A,0.0A,-0.2A,,29.1C,,,,,,,
01/05/15    02:55:31,3 days 02:40:00,0.0V,4.7V,12.9V,13.0V,0.4A,0.0A,0.0A,-0.2A,,29.1C,,,,,,,
01/05/15    02:50:29,3 days 02:35:00,0.0V,4.7V,12.9V,13.0V,0.4A,0.0A,0.0A,-0.2A,,29.1C,,,,,,,
01/05/15    02:45:28,3 days 02:30:00,0.0V,4.7V,12.9V,13.0V,0.4A,0.0A,0.0A,-0.2A,,29.2C,,,,,,,
01/05/15    02:40:27,3 days 02:25:00,0.0V,4.7V,12.9V,13.0V,0.4A,0.0A,0.0A,-0.2A,,29.2C,,,,,,,
01/05/15    02:35:26,3 days 02:20:00,0.0V,4.7V,12.9V,13.0V,0.4A,0.0A,0.0A,0.0A,,29.2C,,,,,,,
01/05/15    02:30:24,3 days 02:15:00,0.0V,4.7V,12.9V,13.0V,0.4A,0.0A,0.0A,-0.2A,,29.2C,,,,,,,
01/05/15    02:25:23,3 days 02:10:00,0.0V,4.7V,12.9V,13.0V,0.4A,0.0A,0.0A,-0.2A,,29.2C,,,,,,,
01/05/15    02:20:21,3 days 02:04:59,0.0V,4.7V,12.9V,13.0V,0.4A,0.0A,0.0A,-0.2A,,29.2C,,,,,,,
01/05/15    02:15:21,3 days 02:00:00,0.0V,4.7V,12.9V,13.0V,0.4A,0.0A,0.0A,-0.2A,,29.2C,,,,,,,
01/05/15    02:10:19,3 days 01:54:59,0.0V,4.7V,12.9V,13.0V,0.4A,0.0A,0.0A,-0.2A,,29.2C,,,,,,,
01/05/15    02:05:18,3 days 01:49:59,0.0V,4.7V,12.9V,13.0V,0.4A,0.0A,0.0A,-0.2A,,29.2C,,,,,,,
01/05/15    02:00:17,3 days 01:45:00,0.0V,4.7V,12.9V,13.0V,0.4A,0.0A,0.0A,-0.2A,,29.2C,,,,,,,
01/05/15    01:55:16,3 days 01:40:00,0.0V,4.7V,12.9V,13.0V,0.4A,0.0A,0.0A,-0.2A,,29.2C,,,,,,,
01/05/15    01:50:15,3 days 01:35:00,0.0V,4.7V,12.9V,13.0V,0.4A,0.0A,0.0A,-0.2A,,29.2C,,,,,,,
01/05/15    01:45:14,3 days 01:30:00,0.0V,4.7V,12.9V,13.0V,0.4A,0.0A,0.0A,-0.2A,,29.2C,,,,,,,
01/05/15    01:40:13,3 days 01:25:00,0.0V,4.7V,12.9V,13.0V,0.4A,0.0A,0.0A,0.0A,,29.2C,,,,,,,
01/05/15    01:35:11,3 days 01:19:59,0.0V,4.7V,12.9V,13.0V,0.4A,0.0A,0.0A,-0.2A,,29.2C,,,,,,,
01/05/15    01:30:10,3 days 01:14:59,0.0V,4.7V,12.9V,13.0V,0.4A,0.0A,0.0A,-0.2A,,29.2C,,,,,,,
01/05/15    01:25:09,3 days 01:10:00,0.0V,4.7V,12.9V,13.0V,0.4A,0.0A,0.0A,-0.2A,,29.2C,,,,,,,
01/05/15    01:20:08,3 days 01:05:00,0.0V,4.7V,12.9V,13.0V,0.4A,0.0A,0.0A,-0.2A,,29.3C,,,,,,,
01/05/15    01:15:06,3 days 00:59:59,0.0V,4.7V,12.9V,13.0V,0.4A,0.0A,0.0A,-0.2A,,29.3C,,,,,,,
01/05/15    01:10:05,3 days 00:54:59,0.0V,4.7V,12.9V,13.0V,0.4A,0.0A,0.0A,-0.2A,,29.3C,,,,,,,
01/05/15    01:05:04,3 days 00:50:00,0.0V,4.7V,12.9V,13.0V,0.4A,0.0A,0.0A,-0.2A,,29.3C,,,,,,,
01/05/15    01:00:03,3 days 00:45:00,0.0V,4.7V,12.9V,13.0V,0.4A,0.0A,0.0A,-0.2A,,29.3C,,,,,,,
01/05/15    00:55:02,3 days 00:40:00,0.0V,4.7V,12.9V,13.0V,0.4A,0.0A,0.0A,0.0A,,29.3C,,,,,,,
01/05/15    00:50:01,3 days 00:35:00,0.0V,4.7V,12.8V,12.9V,0.4A,0.0A,0.2A,-0.2A,,29.3C,,,,,,,
01/05/15    00:44:59,3 days 00:29:59,0.0V,4.7V,12.8V,12.9V,0.4A,0.0A,0.2A,-0.2A,,29.3C,,,,,,,
01/05/15    00:39:58,3 days 00:25:00,0.0V,4.7V,12.8V,12.9V,0.4A,0.0A,0.2A,-0.2A,,29.3C,,,,,,,
01/05/15    00:34:57,3 days 00:20:00,0.0V,4.7V,12.8V,12.9V,0.4A,0.0A,0.2A,-0.2A,,29.3C,,,,,,,
01/05/15    00:29:56,3 days 00:15:00,0.0V,4.7V,12.9V,12.9V,0.4A,0.0A,0.2A,-0.2A,,29.3C,,,,,,,
01/05/15    00:24:54,3 days 00:09:59,0.0V,4.7V,12.9V,13.0V,0.4A,0.0A,0.2A,-0.2A,,29.3C,,,,,,,
01/05/15    00:19:53,3 days 00:04:59,0.0V,4.7V,13.0V,13.1V,0.4A,0.0A,0.0A,-0.2A,,29.3C,,,,,,,
01/05/15    00:14:52,3 days 00:00:00,0.0V,4.7V,13.0V,13.1V,0.4A,0.0A,0.0A,-0.2A,,29.3C,,,,,,,
01/05/15    00:09:51,2 days 23:55:00,0.0V,4.7V,13.0V,13.1V,0.4A,0.0A,0.0A,-0.2A,,29.4C,,,,,,,
01/05/15    00:04:49,2 days 23:49:59,0.0V,4.7V,13.0V,13.1V,0.4A,0.0A,0.0A,-0.2A,,29.4C,,,,,,,
01/04/15    23:59:48,2 days 23:44:59,0.0V,4.7V,13.0V,13.1V,0.5A,0.0A,0.0A,-0.2A,,29.4C,,,,,,,
01/04/15    23:54:47,2 days 23:40:00,0.0V,4.7V,13.0V,13.1V,0.5A,0.0A,0.0A,-0.2A,,29.4C,,,,,,,
01/04/15    23:49:46,2 days 23:35:00,0.0V,4.7V,12.8V,12.9V,0.5A,0.0A,0.2A,-0.2A,,29.5C,,,,,,,
01/04/15    23:44:45,2 days 23:30:00,0.0V,4.7V,12.8V,12.8V,0.5A,0.1A,0.2A,-0.2A,,29.5C,,,,,,,
01/04/15    23:39:43,2 days 23:25:00,0.0V,4.7V,12.8V,12.8V,0.5A,0.1A,0.2A,-0.2A,,29.6C,,,,,,,
01/04/15    23:34:42,2 days 23:20:00,0.0V,4.7V,12.8V,12.8V,0.5A,0.1A,0.2A,-0.2A,,29.7C,,,,,,,
01/04/15    23:29:41,2 days 23:15:00,0.0V,4.7V,12.8V,12.9V,0.5A,0.1A,0.2A,-0.2A,,29.8C,,,,,,,
01/04/15    23:24:40,2 days 23:10:00,0.0V,4.7V,12.8V,12.9V,0.6A,0.1A,0.2A,0.0A,,29.8C,,,,,,,
01/04/15    23:19:38,2 days 23:04:59,0.0V,4.7V,12.9V,12.9V,0.6A,0.0A,0.2A,0.0A,,29.8C,,,,,,,
01/04/15    23:14:37,2 days 22:59:59,0.0V,4.7V,12.9V,12.9V,0.6A,0.0A,0.2A,-0.2A,,29.8C,,,,,,,
01/04/15    23:09:36,2 days 22:55:00,0.0V,4.7V,12.9V,12.9V,0.6A,0.0A,0.2A,-0.2A,,29.8C,,,,,,,
01/04/15    23:04:35,2 days 22:50:00,0.0V,4.7V,12.9V,12.9V,0.6A,0.0A,0.2A,-0.2A,,29.8C,,,,,,,
01/04/15    22:59:34,2 days 22:45:00,0.0V,4.7V,12.9V,12.9V,0.6A,0.0A,0.2A,-0.2A,,29.8C,,,,,,,
01/04/15    22:54:33,2 days 22:40:00,0.0V,4.7V,12.9V,12.9V,0.7A,0.0A,0.2A,-0.2A,,29.8C,,,,,,,
01/04/15    22:49:31,2 days 22:35:00,0.0V,4.7V,12.9V,12.9V,0.7A,0.0A,0.2A,-0.2A,,29.8C,,,,,,,
01/04/15    22:44:30,2 days 22:30:00,0.0V,4.6V,12.8V,12.9V,1.1A,0.0A,0.2A,-0.2A,,29.9C,,,,,,,
01/04/15    22:39:29,2 days 22:25:00,0.0V,5.2V,13.0V,13.1V,0.0A,0.0A,0.2A,-0.2A,,29.9C,,,,,,,
01/04/15    22:34:27,2 days 22:19:59,0.0V,5.2V,13.0V,13.1V,0.0A,0.0A,0.2A,-0.2A,,30.0C,,,,,,,
01/04/15    22:29:26,2 days 22:15:00,0.0V,5.2V,13.0V,13.1V,0.0A,0.0A,0.2A,-0.2A,,30.1C,,,,,,,
01/04/15    22:24:25,2 days 22:10:00,0.0V,5.2V,13.0V,13.1V,0.0A,0.0A,0.2A,0.0A,,30.2C,,,,,,,
01/04/15    22:19:24,2 days 22:05:00,0.0V,5.2V,13.0V,13.1V,0.0A,0.0A,0.2A,-0.2A,,30.3C,,,,,,,
01/04/15    22:14:23,2 days 22:00:00,0.0V,5.2V,13.0V,13.1V,0.0A,0.0A,0.2A,-0.2A,,30.3C,,,,,,,
01/04/15    22:09:21,2 days 21:54:59,0.0V,5.2V,13.0V,13.1V,0.0A,0.0A,0.2A,-0.2A,,30.3C,,,,,,,
01/04/15    22:04:20,2 days 21:50:00,0.0V,4.7V,12.9V,12.9V,0.3A,0.1A,0.2A,-0.2A,,30.3C,,,,,,,
01/04/15    21:59:18,2 days 21:44:59,0.0V,4.7V,12.9V,12.9V,0.3A,0.1A,0.2A,-0.2A,,30.3C,,,,,,,
01/04/15    21:54:17,2 days 21:39:59,0.0V,4.7V,12.9V,12.9V,0.3A,0.1A,0.2A,-0.2A,,30.2C,,,,,,,
01/04/15    21:49:16,2 days 21:35:00,0.0V,4.7V,12.9V,12.9V,0.3A,0.1A,0.2A,-0.2A,,30.2C,,,,,,,
01/04/15    21:44:15,2 days 21:30:00,0.0V,4.7V,12.9V,12.9V,0.3A,0.1A,0.2A,-0.2A,,30.2C,,,,,,,
01/04/15    21:39:13,2 days 21:25:00,0.0V,4.7V,12.9V,12.9V,0.3A,0.1A,0.2A,-0.2A,,30.2C,,,,,,,
01/04/15    21:34:12,2 days 21:20:00,0.0V,4.7V,12.9V,12.9V,0.3A,0.1A,0.2A,-0.2A,,30.2C,,,,,,,
01/04/15    21:29:11,2 days 21:15:00,0.0V,4.7V,12.9V,12.9V,0.3A,0.1A,0.2A,-0.2A,,30.3C,,,,,,,
01/04/15    21:24:09,2 days 21:10:00,0.0V,4.7V,12.9V,12.9V,0.3A,0.1A,0.2A,0.0A,,30.3C,,,,,,,
01/04/15    21:19:08,2 days 21:05:00,0.0V,4.7V,12.9V,12.9V,0.3A,0.1A,0.2A,-0.2A,,30.4C,,,,,,,
01/04/15    21:14:06,2 days 21:00:00,0.0V,4.7V,12.9V,12.9V,0.3A,0.1A,0.2A,-0.2A,,30.4C,,,,,,,
01/04/15    21:09:05,2 days 20:55:00,0.0V,4.7V,12.9V,12.9V,0.3A,0.1A,0.2A,-0.2A,,30.4C,,,,,,,
01/04/15    21:04:03,2 days 20:50:00,0.1V,4.7V,12.9V,13.0V,0.3A,0.1A,0.2A,-0.2A,,30.4C,,,,,,,
01/04/15    20:59:02,2 days 20:45:00,0.4V,4.7V,12.9V,13.0V,0.3A,0.1A,0.2A,-0.2A,,30.5C,,,,,,,
01/04/15    20:54:00,2 days 20:40:00,1.4V,4.7V,12.9V,13.0V,0.3A,0.1A,0.2A,-0.2A,,30.6C,,,,,,,
01/04/15    20:48:59,2 days 20:35:00,4.2V,4.7V,13.0V,13.0V,0.4A,0.0A,0.2A,0.0A,,30.7C,,,,,,,
01/04/15    20:43:57,2 days 20:29:59,8.8V,4.7V,13.0V,13.0V,0.4A,0.0A,0.2A,-0.2A,,30.8C,,,,,,,
01/04/15    20:38:56,2 days 20:25:00,11.5V,5.2V,13.2V,13.2V,0.0A,0.0A,0.0A,-0.2A,,30.9C,,,,,,,
01/04/15    20:33:54,2 days 20:19:59,13.1V,5.2V,13.2V,13.3V,0.0A,0.0A,0.0A,-0.2A,,31.0C,,,,,,,
01/04/15    20:28:53,2 days 20:15:00,13.3V,5.2V,13.2V,13.3V,0.0A,0.0A,0.0A,-0.2A,,31.1C,,,,,,,
01/04/15    20:23:51,2 days 20:09:59,13.8V,5.2V,13.2V,13.3V,0.0A,0.0A,0.0A,0.0A,,31.1C,,,,,,,
01/04/15    20:18:50,2 days 20:05:00,13.9V,5.2V,13.2V,13.3V,0.0A,0.0A,0.0A,-0.2A,,31.2C,,,,,,,
01/04/15    20:13:48,2 days 19:59:59,14.0V,4.7V,13.3V,13.4V,0.4A,0.0A,0.0A,-0.2A,,31.2C,,,,,,,
01/04/15    20:08:47,2 days 19:55:00,15.5V,4.7V,14.0V,14.1V,0.4A,0.0A,0.0A,-0.2A,,31.2C,,,,,,,
01/04/15    20:03:45,2 days 19:50:00,18.5V,4.7V,14.1V,14.2V,0.4A,0.0A,0.0A,-0.2A,,31.3C,,,,,,,
01/04/15    19:58:44,2 days 19:45:00,19.9V,4.7V,14.1V,14.2V,0.4A,0.0A,0.0A,-0.2A,,31.3C,,,,,,,
01/04/15    19:53:42,2 days 19:40:00,20.0V,4.7V,14.1V,14.2V,0.4A,0.0A,0.0A,-0.2A,,31.3C,,,,,,,
01/04/15    19:48:41,2 days 19:35:00,20.3V,4.7V,14.1V,14.2V,0.4A,0.0A,0.0A,-0.2A,,31.3C,,,,,,,
01/04/15    19:43:39,2 days 19:30:00,20.2V,4.7V,14.2V,14.2V,0.4A,0.0A,0.0A,-0.2A,,31.3C,,,,,,,
01/04/15    19:38:37,2 days 19:24:59,20.5V,4.7V,14.1V,14.2V,0.4A,0.0A,0.0A,-0.2A,,31.3C,,,,,,,
01/04/15    19:33:35,2 days 19:19:59,20.5V,4.7V,14.2V,14.2V,0.4A,0.0A,0.0A,-0.2A,,31.3C,,,,,,,
01/04/15    19:28:34,2 days 19:15:00,20.6V,4.7V,14.1V,14.2V,0.4A,0.0A,0.0A,0.0A,,31.3C,,,,,,,
01/04/15    19:23:33,2 days 19:10:00,20.7V,4.7V,14.1V,14.2V,0.4A,0.0A,0.0A,0.0A,,31.3C,,,,,,,
01/04/15    19:18:31,2 days 19:05:00,20.6V,4.7V,14.2V,14.2V,0.4A,0.0A,0.0A,0.0A,,31.3C,,,,,,,
01/04/15    19:13:30,2 days 19:00:00,15.6V,4.7V,14.0V,14.1V,0.4A,0.0A,0.0A,-0.2A,,31.3C,,,,,,,
01/04/15    19:08:28,2 days 18:55:00,15.7V,4.7V,14.0V,14.1V,0.4A,0.0A,0.0A,-0.2A,,31.3C,,,,,,,
01/04/15    19:03:27,2 days 18:50:00,20.7V,4.7V,14.2V,14.2V,0.4A,0.0A,0.0A,0.0A,,31.3C,,,,,,,
01/04/15    18:58:25,2 days 18:45:00,20.7V,4.7V,14.1V,14.2V,0.4A,0.0A,0.0A,-0.2A,,31.2C,,,,,,,
01/04/15    18:53:24,2 days 18:40:00,20.9V,4.7V,14.1V,14.2V,0.5A,0.0A,0.0A,-0.2A,,31.2C,,,,,,,
01/04/15    18:48:22,2 days 18:35:00,20.8V,4.7V,14.1V,14.2V,0.5A,0.0A,0.0A,-0.2A,,31.2C,,,,,,,
01/04/15    18:43:21,2 days 18:30:00,20.7V,4.7V,14.1V,14.2V,0.5A,0.0A,0.0A,-0.2A,,31.2C,,,,,,,
01/04/15    18:38:19,2 days 18:25:00,20.8V,4.7V,14.2V,14.2V,0.5A,0.0A,0.0A,-0.2A,,31.1C,,,,,,,
01/04/15    18:33:18,2 days 18:20:00,20.5V,4.7V,14.2V,14.2V,0.5A,0.0A,0.0A,-0.2A,,31.1C,,,,,,,
01/04/15    18:28:16,2 days 18:15:00,20.8V,4.7V,14.1V,14.2V,0.5A,0.0A,0.0A,-0.2A,,31.1C,,,,,,,
01/04/15    18:23:15,2 days 18:10:00,20.7V,4.7V,14.2V,14.2V,0.5A,0.0A,0.0A,-0.2A,,31.0C,,,,,,,
01/04/15    18:18:13,2 days 18:04:59,20.7V,4.7V,14.2V,14.2V,0.5A,0.0A,0.0A,-0.2A,,31.0C,,,,,,,
01/04/15    18:13:12,2 days 18:00:00,20.8V,4.7V,14.1V,14.2V,0.5A,0.0A,0.0A,-0.2A,,31.0C,,,,,,,
01/04/15    18:08:10,2 days 17:55:00,20.8V,4.7V,14.1V,14.2V,0.5A,0.0A,0.0A,-0.2A,,30.9C,,,,,,,
01/04/15    18:03:09,2 days 17:50:00,20.8V,4.7V,14.1V,14.2V,0.5A,0.0A,0.0A,-0.2A,,30.9C,,,,,,,
01/04/15    17:58:07,2 days 17:45:00,20.6V,4.7V,14.2V,14.3V,0.5A,0.0A,0.0A,-0.2A,,30.9C,,,,,,,
01/04/15    17:53:06,2 days 17:40:00,20.7V,4.7V,14.1V,14.2V,0.5A,0.0A,0.0A,0.0A,,30.8C,,,,,,,
01/04/15    17:48:04,2 days 17:35:00,20.7V,4.7V,14.1V,14.2V,0.5A,0.0A,0.0A,-0.2A,,30.8C,,,,,,,
01/04/15    17:43:03,2 days 17:30:00,20.6V,4.7V,14.1V,14.2V,0.5A,0.0A,0.0A,-0.2A,,30.7C,,,,,,,
01/04/15    17:38:01,2 days 17:25:00,20.7V,4.7V,14.1V,14.2V,0.5A,0.0A,0.0A,-0.2A,,30.7C,,,,,,,
01/04/15    17:33:00,2 days 17:20:00,20.7V,4.7V,14.2V,14.2V,0.5A,0.0A,0.0A,-0.2A,,30.6C,,,,,,,
01/04/15    17:27:58,2 days 17:15:00,20.5V,4.7V,14.2V,14.3V,0.5A,0.0A,0.0A,-0.2A,,30.6C,,,,,,,
01/04/15    17:22:57,2 days 17:10:00,20.7V,4.7V,14.2V,14.2V,0.5A,0.0A,0.0A,-0.2A,,30.5C,,,,,,,
01/04/15    17:17:55,2 days 17:05:00,20.6V,4.7V,14.2V,14.2V,0.5A,0.0A,0.0A,0.0A,,30.5C,,,,,,,
01/04/15    17:12:54,2 days 17:00:00,20.6V,4.7V,14.1V,14.2V,0.5A,0.0A,0.0A,-0.2A,,30.4C,,,,,,,
01/04/15    17:07:53,2 days 16:55:00,20.7V,4.7V,14.1V,14.2V,0.5A,0.0A,0.0A,-0.2A,,30.3C,,,,,,,
01/04/15    17:02:51,2 days 16:50:00,20.6V,4.7V,14.2V,14.2V,0.5A,0.0A,0.0A,-0.2A,,30.3C,,,,,,,
01/04/15    16:57:50,2 days 16:45:00,20.8V,4.7V,14.1V,14.2V,0.5A,0.0A,0.0A,-0.2A,,30.2C,,,,,,,
01/04/15    16:52:48,2 days 16:39:59,20.7V,4.7V,14.1V,14.2V,0.5A,0.0A,0.0A,0.0A,,30.1C,,,,,,,
01/04/15    16:47:47,2 days 16:35:00,20.4V,4.7V,14.2V,14.2V,0.4A,0.0A,0.0A,-0.2A,,30.0C,,,,,,,
01/04/15    16:42:46,2 days 16:30:00,20.8V,5.2V,14.3V,14.4V,0.0A,0.0A,0.0A,-0.2A,,29.9C,,,,,,,
01/04/15    16:37:44,2 days 16:25:00,20.9V,5.2V,14.3V,14.4V,0.0A,0.0A,0.0A,-0.2A,,29.9C,,,,,,,
01/04/15    16:32:43,2 days 16:20:00,20.9V,5.2V,14.3V,14.4V,0.0A,0.0A,0.0A,-0.2A,,29.8C,,,,,,,
01/04/15    16:27:42,2 days 16:15:00,20.9V,4.8V,14.2V,14.3V,0.1A,0.0A,0.0A,-0.2A,,29.7C,,,,,,,
01/04/15    16:22:40,2 days 16:10:00,20.9V,4.8V,14.2V,14.3V,0.1A,0.0A,0.0A,0.0A,,29.6C,,,,,,,
01/04/15    16:17:39,2 days 16:05:00,20.8V,4.8V,14.2V,14.3V,0.1A,0.0A,0.0A,0.0A,,29.5C,,,,,,,
01/04/15    16:12:37,2 days 16:00:00,20.5V,4.8V,14.2V,14.3V,0.1A,0.0A,0.0A,-0.2A,,29.4C,,,,,,,
01/04/15    16:07:36,2 days 15:55:00,20.5V,4.8V,14.2V,14.3V,0.1A,0.0A,0.0A,0.0A,,29.4C,,,,,,,
01/04/15    16:02:34,2 days 15:50:00,20.7V,4.8V,14.2V,14.3V,0.1A,0.0A,0.0A,-0.2A,,29.3C,,,,,,,
01/04/15    15:57:33,2 days 15:45:00,20.8V,4.8V,14.2V,14.3V,0.1A,0.0A,0.0A,-0.2A,,29.3C,,,,,,,
01/04/15    15:52:31,2 days 15:40:00,20.5V,4.8V,14.2V,14.3V,0.1A,0.0A,0.0A,-0.2A,,29.2C,,,,,,,
01/04/15    15:47:30,2 days 15:35:00,20.3V,4.8V,14.2V,14.3V,0.1A,0.0A,0.0A,0.0A,,29.1C,,,,,,,
01/04/15    15:42:28,2 days 15:29:59,20.1V,4.8V,14.2V,14.3V,0.1A,0.0A,0.0A,-0.2A,,29.0C,,,,,,,
01/04/15    15:37:27,2 days 15:25:00,20.4V,4.8V,14.2V,14.3V,0.1A,0.0A,0.0A,-0.2A,,29.0C,,,,,,,
01/04/15    15:32:26,2 days 15:20:00,20.3V,4.8V,14.2V,14.3V,0.1A,0.0A,0.0A,-0.2A,,28.9C,,,,,,,
01/04/15    15:27:25,2 days 15:15:00,20.3V,4.8V,14.2V,14.3V,0.1A,0.0A,0.0A,-0.2A,,28.9C,,,,,,,
01/04/15    15:22:23,2 days 15:09:59,20.3V,4.8V,14.2V,14.3V,0.1A,0.0A,0.0A,-0.2A,,28.8C,,,,,,,
01/04/15    15:17:22,2 days 15:05:00,20.4V,4.8V,14.2V,14.3V,0.1A,0.0A,0.0A,-0.2A,,28.7C,,,,,,,
01/04/15    15:12:20,2 days 14:59:59,19.7V,4.8V,14.1V,14.2V,0.1A,0.0A,0.0A,-0.2A,,28.6C,,,,,,,
01/04/15    15:07:19,2 days 14:54:59,19.0V,4.8V,14.1V,14.2V,0.1A,0.0A,0.0A,-0.2A,,28.6C,,,,,,,
01/04/15    15:02:18,2 days 14:50:00,15.8V,4.8V,14.0V,14.1V,0.1A,0.0A,0.0A,-0.2A,,28.5C,,,,,,,
01/04/15    14:57:17,2 days 14:45:00,15.7V,4.8V,13.9V,14.0V,0.1A,0.0A,0.0A,-0.2A,,28.4C,,,,,,,
01/04/15    14:52:16,2 days 14:40:00,15.6V,4.8V,13.9V,14.0V,0.1A,0.0A,0.0A,-0.2A,,28.3C,,,,,,,
01/04/15    14:47:14,2 days 14:35:00,15.6V,4.8V,13.8V,13.9V,0.0A,0.0A,0.0A,-0.2A,,28.2C,,,,,,,
01/04/15    14:42:13,2 days 14:30:00,15.5V,4.8V,13.8V,13.9V,0.1A,0.0A,0.0A,-0.2A,,28.1C,,,,,,,
01/04/15    14:37:12,2 days 14:25:00,15.6V,4.8V,13.8V,13.9V,0.1A,0.0A,0.0A,-0.2A,,28.0C,,,,,,,
01/04/15    14:32:11,2 days 14:20:00,15.6V,4.8V,13.8V,13.8V,0.1A,0.0A,0.0A,-0.2A,,28.0C,,,,,,,
01/04/15    14:27:10,2 days 14:15:00,15.5V,4.8V,13.7V,13.8V,0.1A,0.0A,0.0A,-0.2A,,27.8C,,,,,,,
01/04/15    14:22:09,2 days 14:10:00,15.6V,4.8V,13.7V,13.8V,0.1A,0.0A,0.0A,-0.2A,,27.7C,,,,,,,
01/04/15    14:17:08,2 days 14:05:00,15.6V,4.8V,13.7V,13.8V,0.1A,0.0A,0.0A,-0.2A,,27.6C,,,,,,,
01/04/15    14:12:07,2 days 14:00:00,15.7V,4.8V,13.7V,13.8V,0.1A,0.0A,0.0A,-0.2A,,27.5C,,,,,,,
01/04/15    14:07:05,2 days 13:54:59,15.7V,4.8V,13.7V,13.8V,0.1A,0.0A,0.0A,-0.2A,,27.4C,,,,,,,
01/04/15    14:02:04,2 days 13:50:00,15.7V,4.8V,13.7V,13.8V,0.1A,0.0A,0.0A,-0.2A,,27.3C,,,,,,,
01/04/15    13:57:03,2 days 13:45:00,15.6V,4.8V,13.7V,13.8V,0.1A,0.0A,0.0A,-0.2A,,27.2C,,,,,,,
01/04/15    13:52:02,2 days 13:40:00,17.4V,4.8V,13.7V,13.8V,0.1A,0.0A,0.0A,-0.2A,,27.1C,,,,,,,
01/04/15    13:47:01,2 days 13:35:00,15.6V,4.8V,13.7V,13.7V,0.1A,0.0A,-0.2A,-0.2A,,26.9C,,,,,,,
01/04/15    13:42:00,2 days 13:30:00,15.6V,4.8V,13.6V,13.7V,0.1A,0.0A,-0.2A,-0.2A,,26.8C,,,,,,,
01/04/15    13:36:59,2 days 13:25:00,15.6V,4.8V,13.6V,13.7V,0.1A,0.0A,-0.2A,-0.2A,,26.7C,,,,,,,
01/04/15    13:31:58,2 days 13:20:00,15.5V,4.8V,13.6V,13.7V,0.1A,0.0A,-0.2A,-0.2A,,26.6C,,,,,,,
01/04/15    13:26:57,2 days 13:15:00,15.5V,4.8V,13.6V,13.7V,0.1A,0.0A,-0.2A,-0.2A,,26.5C,,,,,,,
01/04/15    13:21:56,2 days 13:10:00,15.6V,4.8V,13.6V,13.7V,0.1A,0.0A,0.0A,-0.2A,,26.4C,,,,,,,
01/04/15    13:16:55,2 days 13:05:00,15.6V,4.8V,13.6V,13.7V,0.1A,0.0A,-0.2A,0.0A,,26.3C,,,,,,,
01/04/15    13:11:54,2 days 13:00:00,15.6V,4.8V,13.6V,13.7V,0.1A,0.0A,-0.2A,0.0A,,26.3C,,,,,,,
01/04/15    13:06:53,2 days 12:55:00,15.7V,4.8V,13.6V,13.7V,0.1A,0.0A,0.0A,-0.2A,,26.2C,,,,,,,
01/04/15    13:01:52,2 days 12:50:00,15.7V,4.8V,13.6V,13.7V,0.1A,0.0A,0.0A,0.0A,,26.1C,,,,,,,
01/04/15    12:56:51,2 days 12:44:59,15.6V,4.8V,13.6V,13.7V,0.1A,0.0A,0.0A,-0.2A,,26.0C,,,,,,,
01/04/15    12:51:51,2 days 12:40:00,15.6V,4.8V,13.6V,13.6V,0.1A,0.0A,0.0A,0.0A,,26.0C,,,,,,,
01/04/15    12:46:50,2 days 12:35:00,16.1V,4.8V,13.5V,13.6V,0.1A,0.0A,0.0A,0.0A,,25.9C,,,,,,,
01/04/15    12:41:49,2 days 12:29:59,15.6V,4.8V,13.5V,13.6V,0.1A,0.0A,0.0A,-0.2A,,25.8C,,,,,,,
01/04/15    12:36:49,2 days 12:25:00,15.6V,4.8V,13.5V,13.6V,0.1A,0.0A,0.0A,-0.2A,,25.7C,,,,,,,
01/04/15    12:31:48,2 days 12:20:00,15.6V,4.8V,13.5V,13.6V,0.1A,0.0A,0.0A,-0.2A,,25.6C,,,,,,,
01/04/15    12:26:47,2 days 12:15:00,15.6V,4.8V,13.5V,13.5V,0.1A,0.0A,0.0A,-0.2A,,25.6C,,,,,,,
01/04/15    12:21:46,2 days 12:09:59,15.6V,4.8V,13.4V,13.5V,0.1A,0.0A,0.0A,0.0A,,25.5C,,,,,,,
01/04/15    12:16:46,2 days 12:05:00,15.3V,4.8V,13.4V,13.5V,0.1A,0.0A,0.0A,0.0A,,25.5C,,,,,,,
01/04/15    12:11:45,2 days 12:00:00,15.3V,4.8V,13.4V,13.4V,0.1A,0.0A,0.0A,-0.2A,,25.4C,,,,,,,
01/04/15    12:06:44,2 days 11:55:00,15.3V,4.8V,13.3V,13.4V,0.1A,0.0A,0.0A,0.0A,,25.4C,,,,,,,
01/04/15    12:01:43,2 days 11:50:00,15.3V,4.8V,13.3V,13.4V,0.1A,0.0A,0.0A,-0.2A,,25.3C,,,,,,,
01/04/15    11:56:42,2 days 11:45:00,15.3V,4.8V,13.3V,13.3V,0.1A,0.0A,0.0A,-0.2A,,25.3C,,,,,,,
01/04/15    11:51:41,2 days 11:40:00,15.4V,4.8V,13.2V,13.3V,0.1A,0.0A,0.0A,-0.2A,,25.3C,,,,,,,
01/04/15    11:46:41,2 days 11:35:00,15.2V,4.8V,13.2V,13.3V,0.1A,0.0A,0.0A,-0.2A,,25.2C,,,,,,,
01/04/15    11:41:40,2 days 11:30:00,15.0V,4.8V,13.0V,13.1V,0.1A,0.0A,0.2A,-0.2A,,25.2C,,,,,,,
01/04/15    11:36:39,2 days 11:25:00,15.0V,4.8V,13.0V,13.1V,0.1A,0.0A,0.2A,-0.2A,,25.2C,,,,,,,
01/04/15    11:31:38,2 days 11:19:59,14.9V,4.8V,13.0V,13.1V,0.1A,0.0A,0.2A,-0.2A,,25.2C,,,,,,,
01/04/15    11:26:38,2 days 11:15:00,14.9V,4.8V,13.0V,13.0V,0.1A,0.0A,0.2A,-0.2A,,25.2C,,,,,,,
01/04/15    11:21:37,2 days 11:10:00,14.8V,4.8V,13.0V,13.0V,0.2A,0.0A,0.2A,0.0A,,25.2C,,,,,,,
01/04/15    11:16:36,2 days 11:05:00,14.8V,4.8V,12.9V,13.0V,0.2A,0.0A,0.2A,-0.2A,,25.2C,,,,,,,
01/04/15    11:11:35,2 days 11:00:00,14.7V,4.8V,12.9V,13.0V,0.2A,0.0A,0.2A,0.0A,,25.2C,,,,,,,
01/04/15    11:06:34,2 days 10:54:59,20.1V,4.8V,12.9V,12.9V,0.2A,0.0A,0.2A,-0.2A,,25.2C,,,,,,,
01/04/15    11:01:33,2 days 10:49:59,14.5V,4.7V,12.9V,12.9V,0.4A,0.0A,0.2A,-0.2A,,25.2C,,,,,,,
01/04/15    10:56:33,2 days 10:45:00,14.5V,5.2V,12.9V,13.0V,0.0A,0.0A,0.2A,-0.2A,,25.2C,,,,,,,
01/04/15    10:51:31,2 days 10:39:59,14.4V,5.2V,12.9V,13.0V,0.0A,0.0A,0.2A,-0.2A,,25.2C,,,,,,,
01/04/15    10:46:31,2 days 10:35:00,14.2V,5.2V,12.9V,13.0V,0.0A,0.0A,0.2A,-0.2A,,25.2C,,,,,,,
01/04/15    10:41:30,2 days 10:30:00,14.1V,5.2V,12.9V,13.0V,0.0A,0.0A,0.2A,-0.2A,,25.3C,,,,,,,
01/04/15    10:36:29,2 days 10:25:00,14.0V,5.2V,12.9V,13.0V,0.0A,0.0A,0.2A,0.0A,,25.3C,,,,,,,
01/04/15    10:31:28,2 days 10:20:00,13.8V,5.2V,12.9V,13.0V,0.0A,0.0A,0.2A,0.0A,,25.3C,,,,,,,
01/04/15    10:26:27,2 days 10:15:00,13.5V,5.2V,12.9V,12.9V,0.0A,0.0A,0.2A,0.0A,,25.3C,,,,,,,
01/04/15    10:21:27,2 days 10:10:00,13.4V,4.7V,12.8V,12.8V,0.5A,0.0A,0.2A,-0.2A,,25.3C,,,,,,,
01/04/15    10:16:25,2 days 10:04:59,13.4V,4.7V,12.8V,12.8V,0.5A,0.0A,0.2A,-0.2A,,25.3C,,,,,,,
01/04/15    10:11:25,2 days 10:00:00,14.7V,4.7V,12.8V,12.8V,0.5A,0.0A,0.2A,0.0A,,25.3C,,,,,,,
01/04/15    10:06:23,2 days 09:54:59,13.4V,4.7V,12.8V,12.8V,0.5A,0.0A,0.2A,-0.2A,,25.4C,,,,,,,
01/04/15    10:01:23,2 days 09:50:00,13.4V,4.7V,12.8V,12.9V,0.5A,0.0A,0.2A,-0.2A,,25.4C,,,,,,,
01/04/15    09:56:22,2 days 09:45:00,13.4V,4.7V,12.8V,12.9V,0.5A,0.0A,0.2A,-0.2A,,25.5C,,,,,,,
01/04/15    09:51:21,2 days 09:40:00,13.5V,5.2V,12.9V,13.0V,0.0A,0.0A,0.2A,-0.2A,,25.5C,,,,,,,
01/04/15    09:46:20,2 days 09:35:00,13.5V,5.2V,12.9V,13.0V,0.0A,0.0A,0.2A,0.0A,,25.6C,,,,,,,
01/04/15    09:41:19,2 days 09:30:00,13.5V,5.2V,12.9V,13.0V,0.0A,0.0A,0.2A,-0.2A,,25.7C,,,,,,,
01/04/15    09:36:18,2 days 09:25:00,13.5V,5.2V,12.9V,13.0V,0.0A,0.0A,0.2A,-0.2A,,25.7C,,,,,,,
01/04/15    09:31:18,2 days 09:20:00,13.6V,5.2V,13.0V,13.0V,0.0A,0.0A,0.2A,-0.2A,,25.8C,,,,,,,
01/04/15    09:26:17,2 days 09:15:00,13.6V,5.2V,13.1V,13.2V,0.0A,0.0A,0.0A,0.0A,,25.8C,,,,,,,
01/04/15    09:21:16,2 days 09:10:00,13.2V,5.2V,13.1V,13.2V,0.0A,0.0A,0.0A,-0.2A,,25.8C,,,,,,,
01/04/15    09:16:15,2 days 09:05:00,12.8V,5.2V,13.1V,13.2V,0.0A,0.0A,0.0A,0.0A,,25.8C,,,,,,,
01/04/15    09:11:14,2 days 09:00:00,10.6V,5.2V,13.1V,13.2V,0.0A,0.0A,0.0A,-0.2A,,25.9C,,,,,,,
01/04/15    09:06:13,2 days 08:54:59,7.7V,5.2V,13.1V,13.2V,0.0A,0.0A,0.0A,-0.2A,,25.9C,,,,,,,
01/04/15    09:01:13,2 days 08:50:00,3.6V,5.2V,13.1V,13.2V,0.0A,0.0A,0.0A,-0.2A,,25.9C,,,,,,,
01/04/15    08:56:12,2 days 08:45:00,0.9V,5.2V,13.1V,13.2V,0.0A,0.0A,0.0A,0.0A,,25.9C,,,,,,,
01/04/15    08:51:11,2 days 08:40:00,0.2V,5.2V,13.1V,13.2V,0.0A,0.0A,0.0A,0.0A,,26.0C,,,,,,,
01/04/15    08:46:10,2 days 08:35:00,0.0V,5.2V,13.1V,13.2V,0.0A,0.0A,0.0A,0.0A,,26.0C,,,,,,,
01/04/15    08:41:09,2 days 08:30:00,0.0V,5.2V,13.1V,13.2V,0.0A,0.0A,0.0A,0.0A,,26.1C,,,,,,,
01/04/15    08:36:08,2 days 08:25:00,0.0V,5.2V,13.1V,13.2V,0.0A,0.0A,0.0A,-0.2A,,26.1C,,,,,,,
01/04/15    08:31:07,2 days 08:20:00,0.0V,5.2V,13.1V,13.2V,0.0A,0.0A,0.0A,-0.2A,,26.1C,,,,,,,
01/04/15    08:26:06,2 days 08:15:00,0.0V,5.2V,13.1V,13.2V,0.0A,0.0A,0.0A,-0.2A,,26.2C,,,,,,,
01/04/15    08:21:05,2 days 08:10:00,0.0V,5.2V,13.1V,13.2V,0.0A,0.0A,0.0A,-0.2A,,26.2C,,,,,,,
01/04/15    08:16:04,2 days 08:05:00,0.0V,5.2V,13.1V,13.2V,0.0A,0.0A,0.0A,-0.2A,,26.3C,,,,,,,
01/04/15    08:11:03,2 days 08:00:00,0.0V,5.2V,13.1V,13.2V,0.0A,0.0A,0.0A,-0.2A,,26.3C,,,,,,,
01/04/15    08:06:02,2 days 07:55:00,0.0V,5.2V,13.1V,13.2V,0.0A,0.0A,0.0A,0.0A,,26.3C,,,,,,,
01/04/15    08:01:01,2 days 07:50:00,0.0V,5.2V,13.1V,13.2V,0.0A,0.0A,0.0A,-0.2A,,26.3C,,,,,,,
01/04/15    07:56:00,2 days 07:45:00,0.0V,5.2V,13.1V,13.2V,0.0A,0.0A,0.0A,0.0A,,26.4C,,,,,,,
01/04/15    07:50:59,2 days 07:40:00,0.0V,5.2V,13.1V,13.2V,0.0A,0.0A,0.0A,0.0A,,26.4C,,,,,,,
01/04/15    07:45:58,2 days 07:35:00,0.0V,5.2V,13.1V,13.2V,0.0A,0.0A,0.0A,-0.2A,,26.4C,,,,,,,
01/04/15    07:40:57,2 days 07:30:00,0.0V,5.2V,13.1V,13.2V,0.0A,0.0A,0.0A,-0.2A,,26.5C,,,,,,,
01/04/15    07:35:56,2 days 07:25:00,0.0V,5.2V,13.1V,13.2V,0.0A,0.0A,0.0A,-0.2A,,26.5C,,,,,,,
01/04/15    07:30:55,2 days 07:20:00,0.0V,5.2V,13.1V,13.2V,0.0A,0.0A,-0.2A,-0.2A,,26.6C,,,,,,,
01/04/15    07:25:54,2 days 07:15:00,0.0V,5.2V,13.1V,13.2V,0.0A,0.0A,0.0A,-0.2A,,26.6C,,,,,,,
01/04/15    07:20:53,2 days 07:10:00,0.0V,5.2V,13.1V,13.2V,0.0A,0.0A,0.0A,-0.2A,,26.7C,,,,,,,
01/04/15    07:15:52,2 days 07:05:00,0.0V,5.2V,13.1V,13.2V,0.0A,0.0A,0.0A,0.0A,,26.7C,,,,,,,
01/04/15    07:10:51,2 days 07:00:00,0.0V,5.2V,13.1V,13.2V,0.0A,0.0A,-0.2A,-0.2A,,26.7C,,,,,,,
01/04/15    07:05:50,2 days 06:55:00,0.0V,5.2V,13.1V,13.2V,0.0A,0.0A,-0.2A,0.0A,,26.8C,,,,,,,
01/04/15    07:00:48,2 days 06:49:59,0.0V,5.2V,13.1V,13.2V,0.0A,0.0A,-0.2A,-0.2A,,26.8C,,,,,,,
01/04/15    06:55:48,2 days 06:45:00,0.0V,5.2V,13.1V,13.2V,0.0A,0.0A,-0.2A,-0.2A,,26.9C,,,,,,,
01/04/15    06:50:46,2 days 06:39:59,0.0V,5.2V,13.1V,13.2V,0.0A,0.0A,-0.2A,0.0A,,26.9C,,,,,,,
01/04/15    06:45:46,2 days 06:35:00,0.0V,5.2V,13.1V,13.2V,0.0A,0.0A,-0.2A,-0.2A,,26.9C,,,,,,,
01/04/15    06:40:45,2 days 06:30:00,0.0V,5.2V,13.1V,13.2V,0.0A,0.0A,-0.2A,-0.2A,,27.0C,,,,,,,
01/04/15    06:35:44,2 days 06:25:00,0.0V,5.2V,13.1V,13.2V,0.0A,0.0A,-0.2A,-0.2A,,27.1C,,,,,,,
01/04/15    06:30:43,2 days 06:20:00,0.0V,5.2V,13.1V,13.2V,0.0A,0.0A,0.0A,0.0A,,27.1C,,,,,,,
01/04/15    06:25:42,2 days 06:15:00,0.0V,5.2V,13.1V,13.2V,0.0A,0.0A,-0.2A,-0.2A,,27.1C,,,,,,,
01/04/15    06:20:41,2 days 06:10:00,0.0V,5.2V,13.1V,13.2V,0.0A,0.0A,-0.2A,-0.2A,,27.2C,,,,,,,
01/04/15    06:15:40,2 days 06:05:00,0.0V,5.2V,13.1V,13.2V,0.0A,0.0A,-0.2A,-0.2A,,27.2C,,,,,,,
01/04/15    06:10:39,2 days 06:00:00,0.0V,5.2V,13.1V,13.2V,0.0A,0.0A,0.0A,-0.2A,,27.3C,,,,,,,
01/04/15    06:05:38,2 days 05:55:00,0.0V,5.2V,13.1V,13.2V,0.0A,0.0A,-0.2A,0.0A,,27.3C,,,,,,,
01/04/15    06:00:36,2 days 05:49:59,0.0V,5.2V,13.1V,13.2V,0.0A,0.0A,-0.2A,-0.2A,,27.4C,,,,,,,
01/04/15    05:55:36,2 days 05:45:00,0.0V,5.2V,13.1V,13.2V,0.0A,0.0A,-0.2A,-0.2A,,27.4C,,,,,,,
01/04/15    05:50:35,2 days 05:40:00,0.0V,5.2V,13.1V,13.2V,0.0A,0.0A,0.0A,-0.2A,,27.4C,,,,,,,
01/04/15    05:45:34,2 days 05:35:00,0.0V,5.2V,13.1V,13.2V,0.0A,0.0A,0.0A,-0.2A,,27.5C,,,,,,,
01/04/15    05:40:33,2 days 05:30:00,0.0V,5.2V,13.1V,13.2V,0.0A,0.0A,0.0A,-0.2A,,27.5C,,,,,,,
01/04/15    05:35:31,2 days 05:24:59,0.0V,5.2V,13.1V,13.2V,0.0A,0.0A,0.0A,-0.2A,,27.5C,,,,,,,
01/04/15    05:30:30,2 days 05:20:00,0.0V,5.2V,13.1V,13.2V,0.0A,0.0A,0.0A,-0.2A,,27.5C,,,,,,,
01/04/15    05:25:29,2 days 05:15:00,0.0V,5.2V,13.1V,13.2V,0.0A,0.0A,0.0A,-0.2A,,27.6C,,,,,,,
01/04/15    05:20:28,2 days 05:10:00,0.0V,5.2V,13.1V,13.2V,0.0A,0.0A,0.0A,0.0A,,27.6C,,,,,,,
01/04/15    05:15:27,2 days 05:05:00,0.0V,5.2V,13.1V,13.2V,0.0A,0.0A,0.0A,-0.2A,,27.6C,,,,,,,
01/04/15    05:10:26,2 days 05:00:00,0.0V,5.2V,13.1V,13.2V,0.0A,0.0A,0.0A,-0.2A,,27.7C,,,,,,,
01/04/15    05:05:25,2 days 04:55:00,0.0V,5.2V,13.1V,13.2V,0.0A,0.0A,0.0A,-0.2A,,27.7C,,,,,,,
01/04/15    05:00:24,2 days 04:50:00,0.0V,5.2V,13.1V,13.2V,0.0A,0.0A,0.0A,-0.2A,,27.7C,,,,,,,
01/04/15    04:55:23,2 days 04:45:00,0.0V,5.2V,13.1V,13.2V,0.0A,0.0A,0.0A,0.0A,,27.7C,,,,,,,
01/04/15    04:50:22,2 days 04:40:00,0.0V,5.2V,13.1V,13.2V,0.0A,0.0A,0.0A,-0.2A,,27.7C,,,,,,,
01/04/15    04:45:21,2 days 04:35:00,0.0V,5.2V,13.1V,13.2V,0.0A,0.0A,0.0A,0.0A,,27.7C,,,,,,,
01/04/15    04:40:20,2 days 04:30:00,0.0V,5.2V,13.1V,13.2V,0.0A,0.0A,0.0A,-0.2A,,27.8C,,,,,,,
01/04/15    04:35:19,2 days 04:25:00,0.0V,5.2V,13.1V,13.2V,0.0A,0.0A,0.0A,-0.2A,,27.8C,,,,,,,
01/04/15    04:30:18,2 days 04:20:00,0.0V,5.2V,13.1V,13.2V,0.0A,0.0A,0.0A,-0.2A,,27.8C,,,,,,,
01/04/15    04:25:16,2 days 04:14:59,0.0V,5.2V,13.1V,13.2V,0.0A,0.0A,0.0A,-0.2A,,27.9C,,,,,,,
01/04/15    04:20:15,2 days 04:09:59,0.0V,5.2V,13.1V,13.2V,0.0A,0.0A,0.0A,-0.2A,,27.9C,,,,,,,
01/04/15    04:15:14,2 days 04:04:59,0.0V,5.2V,13.1V,13.2V,0.0A,0.0A,0.0A,-0.2A,,27.9C,,,,,,,
01/04/15    04:10:13,2 days 04:00:00,0.0V,5.2V,13.1V,13.2V,0.0A,0.0A,0.0A,-0.2A,,28.0C,,,,,,,
01/04/15    04:05:12,2 days 03:55:00,0.0V,5.2V,13.1V,13.2V,0.0A,0.0A,0.0A,-0.2A,,28.0C,,,,,,,
01/04/15    04:00:11,2 days 03:50:00,0.0V,5.2V,13.1V,13.2V,0.0A,0.0A,0.0A,-0.2A,,28.0C,,,,,,,
01/04/15    03:55:10,2 days 03:45:00,0.0V,5.2V,13.1V,13.2V,0.0A,0.0A,0.0A,-0.2A,,28.1C,,,,,,,
01/04/15    03:50:09,2 days 03:40:00,0.0V,5.2V,13.1V,13.2V,0.0A,0.0A,0.0A,-0.2A,,28.1C,,,,,,,
01/04/15    03:45:07,2 days 03:34:59,0.0V,5.2V,13.1V,13.2V,0.0A,0.0A,0.0A,-0.2A,,28.2C,,,,,,,
01/04/15    03:40:06,2 days 03:29:59,0.0V,5.2V,13.1V,13.2V,0.0A,0.0A,0.0A,-0.2A,,28.2C,,,,,,,
01/04/15    03:35:05,2 days 03:25:00,0.0V,5.2V,13.1V,13.2V,0.0A,0.0A,0.0A,-0.2A,,28.2C,,,,,,,
01/04/15    03:30:04,2 days 03:20:00,0.0V,5.2V,13.1V,13.2V,0.0A,0.0A,0.0A,-0.2A,,28.3C,,,,,,,
01/04/15    03:25:03,2 days 03:15:00,0.0V,5.2V,13.1V,13.2V,0.0A,0.0A,0.0A,-0.2A,,28.3C,,,,,,,
01/04/15    03:20:02,2 days 03:10:00,0.0V,5.2V,13.1V,13.2V,0.0A,0.0A,0.0A,-0.2A,,28.4C,,,,,,,
01/04/15    03:15:01,2 days 03:05:00,0.0V,5.2V,13.1V,13.2V,0.0A,0.0A,0.0A,-0.2A,,28.4C,,,,,,,
01/04/15    03:09:59,2 days 03:00:00,0.0V,5.2V,13.1V,13.2V,0.0A,0.0A,0.0A,-0.2A,,28.5C,,,,,,,
01/04/15    03:04:58,2 days 02:55:00,0.0V,5.2V,13.1V,13.2V,0.0A,0.0A,0.0A,0.0A,,28.5C,,,,,,,
01/04/15    02:59:57,2 days 02:50:00,0.0V,5.2V,13.1V,13.2V,0.0A,0.0A,0.0A,-0.2A,,28.6C,,,,,,,
01/04/15    02:54:56,2 days 02:45:00,0.0V,5.2V,13.1V,13.2V,0.0A,0.0A,0.0A,-0.2A,,28.6C,,,,,,,
01/04/15    02:49:55,2 days 02:40:00,0.0V,5.2V,13.1V,13.2V,0.0A,0.0A,0.0A,-0.2A,,28.7C,,,,,,,
01/04/15    02:44:54,2 days 02:35:00,0.0V,5.2V,13.1V,13.2V,0.0A,0.0A,0.0A,-0.2A,,28.7C,,,,,,,
01/04/15    02:39:52,2 days 02:29:59,0.0V,5.2V,13.1V,13.2V,0.0A,0.0A,0.0A,-0.2A,,28.8C,,,,,,,
01/04/15    02:34:52,2 days 02:25:00,0.0V,5.2V,13.1V,13.2V,0.0A,0.0A,0.0A,0.0A,,28.8C,,,,,,,
01/04/15    02:29:50,2 days 02:19:59,0.0V,5.2V,13.1V,13.2V,0.0A,0.0A,0.0A,0.0A,,28.8C,,,,,,,
01/04/15    02:24:49,2 days 02:15:00,0.0V,5.2V,13.1V,13.2V,0.0A,0.0A,0.0A,-0.2A,,28.9C,,,,,,,
01/04/15    02:19:48,2 days 02:10:00,0.0V,5.2V,13.1V,13.2V,0.0A,0.0A,0.0A,-0.2A,,28.9C,,,,,,,
01/04/15    02:14:47,2 days 02:05:00,0.0V,5.2V,13.1V,13.2V,0.0A,0.0A,0.0A,-0.2A,,28.9C,,,,,,,
01/04/15    02:09:45,2 days 01:59:59,0.0V,5.2V,13.1V,13.2V,0.0A,0.0A,0.0A,0.0A,,28.9C,,,,,,,
01/04/15    02:04:45,2 days 01:55:00,0.0V,5.2V,13.1V,13.2V,0.0A,0.0A,0.0A,-0.2A,,29.0C,,,,,,,
01/04/15    01:59:43,2 days 01:49:59,0.0V,5.2V,13.1V,13.2V,0.0A,0.0A,0.0A,-0.2A,,29.0C,,,,,,,
01/04/15    01:54:42,2 days 01:44:59,0.0V,5.2V,13.1V,13.2V,0.0A,0.0A,0.0A,-0.2A,,29.0C,,,,,,,
01/04/15    01:49:41,2 days 01:40:00,0.0V,5.2V,13.1V,13.2V,0.0A,0.0A,0.0A,-0.2A,,29.1C,,,,,,,
01/04/15    01:44:40,2 days 01:35:00,0.0V,5.2V,13.1V,13.2V,0.0A,0.0A,0.0A,0.0A,,29.1C,,,,,,,
01/04/15    01:39:39,2 days 01:30:00,0.0V,5.2V,13.1V,13.2V,0.0A,0.0A,0.0A,-0.2A,,29.1C,,,,,,,
01/04/15    01:34:38,2 days 01:25:00,0.0V,5.2V,13.1V,13.2V,0.0A,0.0A,0.0A,-0.2A,,29.2C,,,,,,,
01/04/15    01:29:36,2 days 01:19:59,0.0V,5.2V,13.1V,13.2V,0.0A,0.0A,0.0A,-0.2A,,29.2C,,,,,,,
01/04/15    01:24:35,2 days 01:14:59,0.0V,5.2V,13.1V,13.2V,0.0A,0.0A,0.0A,-0.2A,,29.2C,,,,,,,
01/04/15    01:19:35,2 days 01:10:00,0.0V,5.2V,13.1V,13.2V,0.0A,0.0A,0.0A,0.0A,,29.2C,,,,,,,
01/04/15    01:14:33,2 days 01:04:59,0.0V,5.2V,13.1V,13.2V,0.0A,0.0A,0.0A,-0.2A,,29.3C,,,,,,,
01/04/15    01:09:32,2 days 01:00:00,0.0V,5.2V,13.1V,13.2V,0.0A,0.0A,0.0A,0.0A,,29.3C,,,,,,,
01/04/15    01:04:31,2 days 00:55:00,0.0V,5.2V,13.1V,13.2V,0.0A,0.0A,0.0A,-0.2A,,29.3C,,,,,,,
01/04/15    00:59:30,2 days 00:50:00,0.0V,5.2V,13.1V,13.2V,0.0A,0.0A,0.0A,-0.2A,,29.3C,,,,,,,
01/04/15    00:54:29,2 days 00:45:00,0.0V,5.2V,13.1V,13.2V,0.0A,0.0A,0.0A,0.0A,,29.4C,,,,,,,
01/04/15    00:49:28,2 days 00:40:00,0.0V,5.2V,13.1V,13.2V,0.0A,0.0A,0.0A,-0.2A,,29.4C,,,,,,,
01/04/15    00:44:26,2 days 00:34:59,0.0V,5.2V,13.1V,13.2V,0.0A,0.0A,0.0A,-0.2A,,29.4C,,,,,,,
01/04/15    00:39:25,2 days 00:30:00,0.0V,5.2V,13.1V,13.2V,0.0A,0.0A,0.0A,-0.2A,,29.5C,,,,,,,
01/04/15    00:34:24,2 days 00:25:00,0.0V,5.2V,13.1V,13.2V,0.0A,0.0A,0.0A,-0.2A,,29.5C,,,,,,,
01/04/15    00:29:23,2 days 00:20:00,0.0V,5.2V,13.1V,13.2V,0.0A,0.0A,0.0A,-0.2A,,29.5C,,,,,,,
01/04/15    00:24:22,2 days 00:15:00,0.0V,5.2V,13.1V,13.2V,0.0A,0.0A,0.0A,-0.2A,,29.5C,,,,,,,
01/04/15    00:19:21,2 days 00:10:00,0.0V,5.2V,13.1V,13.2V,0.0A,0.0A,0.0A,-0.2A,,29.6C,,,,,,,
01/04/15    00:14:19,2 days 00:05:00,0.0V,5.2V,13.1V,13.2V,0.0A,0.0A,0.0A,-0.2A,,29.6C,,,,,,,
01/04/15    00:09:18,2 days 00:00:00,0.0V,5.2V,13.1V,13.2V,0.0A,0.0A,0.0A,-0.2A,,29.6C,,,,,,,
01/04/15    00:04:16,1 days 23:54:59,0.0V,5.2V,13.1V,13.2V,0.0A,0.0A,0.0A,0.0A,,29.7C,,,,,,,
01/03/15    23:59:16,1 days 23:50:00,0.0V,5.2V,13.1V,13.2V,0.0A,0.0A,0.0A,0.0A,,29.7C,,,,,,,
01/03/15    23:54:14,1 days 23:44:59,0.0V,5.2V,13.1V,13.2V,0.0A,0.0A,0.0A,-0.2A,,29.7C,,,,,,,
01/03/15    23:49:13,1 days 23:40:00,0.0V,5.2V,13.1V,13.2V,0.0A,0.0A,0.0A,-0.2A,,29.7C,,,,,,,
01/03/15    23:44:12,1 days 23:35:00,0.0V,5.2V,13.1V,13.2V,0.0A,0.0A,0.0A,-0.2A,,29.7C,,,,,,,
01/03/15    23:39:11,1 days 23:30:00,0.0V,5.2V,13.1V,13.2V,0.0A,0.0A,0.0A,-0.2A,,29.8C,,,,,,,
01/03/15    23:34:09,1 days 23:24:59,0.0V,5.2V,13.1V,13.2V,0.0A,0.0A,0.0A,-0.2A,,29.8C,,,,,,,
01/03/15    23:29:08,1 days 23:19:59,0.0V,5.2V,13.1V,13.2V,0.0A,0.0A,0.0A,-0.2A,,29.8C,,,,,,,
01/03/15    23:24:07,1 days 23:15:00,0.0V,5.2V,13.1V,13.2V,0.0A,0.0A,0.0A,-0.2A,,29.8C,,,,,,,
01/03/15    23:19:06,1 days 23:10:00,0.0V,5.2V,13.1V,13.2V,0.0A,0.0A,0.0A,-0.2A,,29.8C,,,,,,,
01/03/15    23:14:05,1 days 23:05:00,0.0V,5.2V,13.1V,13.2V,0.0A,0.0A,0.0A,0.0A,,29.9C,,,,,,,
01/03/15    23:09:04,1 days 23:00:00,0.0V,5.2V,13.1V,13.2V,0.0A,0.0A,0.0A,-0.2A,,29.9C,,,,,,,
01/03/15    23:04:03,1 days 22:55:00,0.0V,5.2V,13.1V,13.2V,0.0A,0.0A,0.0A,-0.2A,,29.9C,,,,,,,
01/03/15    22:59:01,1 days 22:50:00,0.0V,5.2V,13.1V,13.2V,0.0A,0.0A,0.0A,-0.2A,,29.9C,,,,,,,
01/03/15    22:54:00,1 days 22:45:00,0.0V,5.2V,13.1V,13.2V,0.0A,0.0A,0.0A,-0.2A,,30.0C,,,,,,,
01/03/15    22:48:59,1 days 22:40:00,0.0V,5.2V,13.0V,13.1V,0.0A,0.0A,0.2A,-0.2A,,30.0C,,,,,,,
01/03/15    22:43:58,1 days 22:35:00,0.0V,5.2V,12.9V,13.0V,0.0A,0.1A,0.2A,-0.2A,,30.0C,,,,,,,
01/03/15    22:38:56,1 days 22:30:00,0.0V,5.2V,13.0V,13.1V,0.0A,0.0A,0.2A,-0.2A,,30.0C,,,,,,,
01/03/15    22:33:55,1 days 22:25:00,0.0V,5.2V,13.0V,13.1V,0.0A,0.0A,0.2A,-0.2A,,30.0C,,,,,,,
01/03/15    22:28:53,1 days 22:19:59,0.0V,5.2V,13.0V,13.1V,0.0A,0.0A,0.2A,-0.2A,,30.0C,,,,,,,
01/03/15    22:23:52,1 days 22:14:59,0.0V,5.2V,13.0V,13.1V,0.0A,0.0A,0.2A,0.0A,,30.0C,,,,,,,
01/03/15    22:18:51,1 days 22:10:00,0.0V,5.2V,13.0V,13.1V,0.0A,0.0A,0.2A,-0.2A,,30.0C,,,,,,,
01/03/15    22:13:50,1 days 22:05:00,0.0V,5.2V,13.0V,13.1V,0.0A,0.0A,0.2A,-0.2A,,30.0C,,,,,,,
01/03/15    22:08:48,1 days 21:59:59,0.0V,5.2V,13.0V,13.1V,0.0A,0.0A,0.2A,-0.2A,,30.0C,,,,,,,
01/03/15    22:03:47,1 days 21:55:00,0.0V,5.2V,13.0V,13.1V,0.0A,0.0A,0.2A,-0.2A,,30.0C,,,,,,,
01/03/15    21:58:46,1 days 21:50:00,0.0V,5.2V,13.0V,13.1V,0.0A,0.0A,0.2A,-0.2A,,30.1C,,,,,,,
01/03/15    21:53:45,1 days 21:45:00,0.0V,5.2V,13.0V,13.1V,0.0A,0.0A,0.2A,0.0A,,30.1C,,,,,,,
01/03/15    21:48:43,1 days 21:39:59,0.0V,5.2V,13.0V,13.1V,0.0A,0.0A,0.2A,-0.2A,,30.1C,,,,,,,
01/03/15    21:43:42,1 days 21:34:59,0.0V,5.2V,13.0V,13.1V,0.0A,0.0A,0.2A,0.0A,,30.1C,,,,,,,
01/03/15    21:38:41,1 days 21:30:00,0.0V,5.2V,13.0V,13.1V,0.0A,0.0A,0.2A,-0.2A,,30.2C,,,,,,,
01/03/15    21:33:40,1 days 21:25:00,0.0V,5.2V,13.0V,13.1V,0.0A,0.0A,0.2A,-0.2A,,30.2C,,,,,,,
01/03/15    21:28:38,1 days 21:19:59,0.0V,5.2V,13.0V,13.1V,0.0A,0.0A,0.2A,-0.2A,,30.2C,,,,,,,
01/03/15    21:23:37,1 days 21:14:59,0.0V,5.2V,13.0V,13.1V,0.0A,0.0A,0.2A,-0.2A,,30.2C,,,,,,,
01/03/15    21:18:36,1 days 21:10:00,0.0V,5.2V,12.9V,13.0V,0.0A,0.1A,0.2A,-0.2A,,30.3C,,,,,,,
01/03/15    21:13:35,1 days 21:05:00,0.0V,4.8V,12.9V,13.0V,0.0A,0.1A,0.2A,-0.2A,,30.3C,,,,,,,
01/03/15    21:08:33,1 days 20:59:59,0.0V,4.8V,13.0V,13.1V,0.0A,0.0A,0.2A,-0.2A,,30.3C,,,,,,,
01/03/15    21:03:32,1 days 20:55:00,0.1V,4.8V,12.9V,13.0V,0.2A,0.1A,0.2A,-0.2A,,30.4C,,,,,,,
01/03/15    20:58:30,1 days 20:49:59,0.4V,4.8V,12.9V,12.9V,0.3A,0.1A,0.2A,-0.2A,,30.4C,,,,,,,
01/03/15    20:53:29,1 days 20:44:59,1.5V,4.7V,12.9V,12.9V,0.4A,0.1A,0.2A,0.0A,,30.5C,,,,,,,
01/03/15    20:48:28,1 days 20:40:00,4.6V,4.7V,12.9V,12.9V,0.4A,0.1A,0.2A,0.0A,,30.6C,,,,,,,
01/03/15    20:43:27,1 days 20:35:00,9.1V,4.7V,12.9V,13.0V,0.4A,0.0A,0.2A,-0.2A,,30.7C,,,,,,,
01/03/15    20:38:25,1 days 20:30:00,11.5V,4.8V,13.0V,13.1V,0.2A,0.0A,0.2A,-0.2A,,30.8C,,,,,,,
01/03/15    20:33:24,1 days 20:25:00,12.9V,4.8V,13.0V,13.0V,0.3A,0.0A,0.2A,-0.2A,,30.8C,,,,,,,
01/03/15    20:28:22,1 days 20:19:59,13.0V,4.8V,13.0V,13.1V,0.3A,0.0A,0.2A,-0.2A,,30.9C,,,,,,,
01/03/15    20:23:21,1 days 20:15:00,13.3V,4.7V,13.0V,13.0V,0.3A,0.0A,0.2A,0.0A,,30.9C,,,,,,,
01/03/15    20:18:20,1 days 20:10:00,13.6V,4.7V,13.0V,13.1V,0.3A,0.0A,0.2A,0.0A,,31.0C,,,,,,,
01/03/15    20:13:18,1 days 20:05:00,13.6V,4.7V,13.0V,13.1V,0.3A,0.0A,0.2A,0.0A,,31.1C,,,,,,,
01/03/15    20:08:17,1 days 20:00:00,14.6V,4.7V,13.3V,13.3V,0.3A,0.0A,0.2A,-0.2A,,31.1C,,,,,,,
01/03/15    20:03:15,1 days 19:54:59,15.0V,4.7V,13.6V,13.7V,0.3A,0.0A,0.2A,0.0A,,31.1C,,,,,,,
01/03/15    19:58:14,1 days 19:50:00,19.5V,4.7V,14.1V,14.2V,0.3A,0.0A,0.0A,-0.2A,,31.2C,,,,,,,
01/03/15    19:53:12,1 days 19:44:59,19.9V,4.7V,14.1V,14.2V,0.3A,0.0A,0.0A,-0.2A,,31.2C,,,,,,,
01/03/15    19:48:11,1 days 19:40:00,19.9V,4.7V,14.1V,14.2V,0.3A,0.0A,0.0A,0.0A,,31.2C,,,,,,,
01/03/15    19:43:09,1 days 19:34:59,20.0V,4.7V,14.2V,14.3V,0.3A,0.0A,0.0A,-0.2A,,31.1C,,,,,,,
01/03/15    19:38:08,1 days 19:30:00,20.7V,5.2V,14.3V,14.4V,0.0A,0.0A,0.0A,-0.2A,,31.2C,,,,,,,
01/03/15    19:33:07,1 days 19:25:00,20.8V,5.2V,14.3V,14.3V,0.0A,0.0A,0.0A,-0.2A,,31.2C,,,,,,,
01/03/15    19:28:05,1 days 19:19:59,20.6V,5.2V,14.3V,14.4V,0.0A,0.0A,0.0A,-0.2A,,31.2C,,,,,,,
01/03/15    19:23:04,1 days 19:15:00,20.7V,5.2V,14.3V,14.3V,0.0A,0.0A,0.0A,-0.2A,,31.2C,,,,,,,
01/03/15    19:18:02,1 days 19:09:59,20.4V,4.8V,14.1V,14.2V,0.3A,0.0A,0.0A,-0.2A,,31.1C,,,,,,,
01/03/15    19:13:01,1 days 19:05:00,20.7V,4.7V,14.2V,14.3V,0.3A,0.0A,0.0A,-0.2A,,31.1C,,,,,,,
01/03/15    19:07:59,1 days 18:59:59,20.3V,4.8V,14.2V,14.2V,0.2A,0.0A,0.0A,-0.2A,,31.0C,,,,,,,
01/03/15    19:02:58,1 days 18:55:00,20.5V,4.8V,14.1V,14.2V,0.3A,0.0A,0.0A,-0.2A,,30.9C,,,,,,,
01/03/15    18:57:56,1 days 18:49:59,20.3V,4.8V,14.2V,14.3V,0.3A,0.0A,0.0A,-0.2A,,30.8C,,,,,,,
01/03/15    18:52:55,1 days 18:45:00,20.3V,4.8V,14.2V,14.2V,0.2A,0.0A,0.0A,0.0A,,30.7C,,,,,,,
01/03/15    18:47:53,1 days 18:39:59,20.0V,4.8V,14.2V,14.3V,0.2A,0.0A,0.0A,0.0A,,30.6C,,,,,,,
01/03/15    18:42:52,1 days 18:35:00,20.1V,4.7V,14.1V,14.2V,0.3A,0.0A,0.0A,-0.2A,,30.5C,,,,,,,
01/03/15    18:37:51,1 days 18:30:00,20.1V,4.7V,14.1V,14.2V,0.3A,0.0A,0.0A,-0.2A,,30.4C,,,,,,,
01/03/15    18:32:49,1 days 18:25:00,20.1V,4.8V,14.2V,14.2V,0.3A,0.0A,0.0A,-0.2A,,30.4C,,,,,,,
01/03/15    18:27:48,1 days 18:20:00,20.4V,4.8V,14.1V,14.2V,0.3A,0.0A,0.0A,-0.2A,,30.3C,,,,,,,
01/03/15    18:22:47,1 days 18:15:00,20.3V,4.8V,14.1V,14.2V,0.3A,0.0A,0.0A,-0.2A,,30.3C,,,,,,,
01/03/15    18:17:45,1 days 18:10:00,20.0V,4.8V,14.2V,14.2V,0.3A,0.0A,0.0A,-0.2A,,30.2C,,,,,,,
01/03/15    18:12:44,1 days 18:05:00,20.2V,4.8V,14.1V,14.2V,0.3A,0.0A,0.0A,-0.2A,,30.2C,,,,,,,
01/03/15    18:07:42,1 days 17:59:59,20.1V,4.8V,14.2V,14.2V,0.3A,0.0A,0.0A,-0.2A,,30.1C,,,,,,,
01/03/15    18:02:41,1 days 17:55:00,20.2V,4.8V,14.2V,14.2V,0.3A,0.0A,0.0A,-0.2A,,30.1C,,,,,,,
01/03/15    17:57:40,1 days 17:50:00,20.4V,4.8V,14.1V,14.2V,0.3A,0.0A,0.0A,-0.2A,,30.0C,,,,,,,
01/03/15    17:52:38,1 days 17:44:59,20.4V,4.8V,14.1V,14.2V,0.3A,0.0A,0.0A,-0.2A,,30.0C,,,,,,,
01/03/15    17:47:37,1 days 17:40:00,20.3V,4.8V,14.1V,14.2V,0.3A,0.0A,0.0A,-0.2A,,29.9C,,,,,,,
01/03/15    17:42:36,1 days 17:35:00,20.6V,4.8V,14.1V,14.2V,0.3A,0.0A,0.0A,0.0A,,29.9C,,,,,,,
01/03/15    17:37:34,1 days 17:29:59,20.5V,4.8V,14.1V,14.2V,0.3A,0.0A,0.0A,0.0A,,29.8C,,,,,,,
01/03/15    17:32:33,1 days 17:25:00,20.3V,4.8V,14.2V,14.3V,0.3A,0.0A,0.0A,0.0A,,29.8C,,,,,,,
01/03/15    17:27:32,1 days 17:20:00,20.5V,4.8V,14.2V,14.2V,0.3A,0.0A,0.0A,-0.2A,,29.7C,,,,,,,
01/03/15    17:22:31,1 days 17:15:00,20.4V,4.8V,14.2V,14.2V,0.3A,0.0A,0.0A,-0.2A,,29.7C,,,,,,,
01/03/15    17:17:29,1 days 17:09:59,20.6V,4.8V,14.2V,14.2V,0.3A,0.0A,0.0A,0.0A,,29.6C,,,,,,,
01/03/15    17:12:28,1 days 17:05:00,20.4V,4.8V,14.2V,14.2V,0.3A,0.0A,0.0A,-0.2A,,29.6C,,,,,,,
01/03/15    17:07:27,1 days 17:00:00,20.4V,4.8V,14.2V,14.2V,0.3A,0.0A,0.0A,-0.2A,,29.5C,,,,,,,
01/03/15    17:02:26,1 days 16:55:00,20.4V,4.8V,14.2V,14.2V,0.3A,0.0A,0.0A,-0.2A,,29.5C,,,,,,,
01/03/15    16:57:24,1 days 16:49:59,20.5V,4.8V,14.1V,14.2V,0.3A,0.0A,0.0A,-0.2A,,29.5C,,,,,,,
01/03/15    16:52:23,1 days 16:45:00,20.4V,4.8V,14.2V,14.3V,0.3A,0.0A,0.0A,-0.2A,,29.5C,,,,,,,
01/03/15    16:47:22,1 days 16:40:00,20.3V,4.8V,14.2V,14.3V,0.3A,0.0A,0.0A,-0.2A,,29.4C,,,,,,,
01/03/15    16:42:21,1 days 16:35:00,20.3V,4.8V,14.1V,14.2V,0.3A,0.0A,0.0A,-0.2A,,29.4C,,,,,,,
01/03/15    16:37:19,1 days 16:29:59,20.3V,4.8V,14.1V,14.2V,0.3A,0.0A,0.0A,-0.2A,,29.3C,,,,,,,
01/03/15    16:32:18,1 days 16:25:00,20.1V,4.8V,14.1V,14.2V,0.3A,0.0A,0.0A,-0.2A,,29.2C,,,,,,,
01/03/15    16:27:17,1 days 16:20:00,20.0V,4.8V,14.1V,14.2V,0.3A,0.0A,0.0A,-0.2A,,29.2C,,,,,,,
01/03/15    16:22:16,1 days 16:15:00,19.8V,4.8V,14.2V,14.3V,0.3A,0.0A,0.0A,-0.2A,,29.1C,,,,,,,
01/03/15    16:17:15,1 days 16:10:00,19.2V,4.8V,14.1V,14.2V,0.3A,0.0A,0.0A,-0.2A,,29.0C,,,,,,,
01/03/15    16:12:13,1 days 16:04:59,18.5V,4.8V,14.1V,14.1V,0.3A,0.0A,0.0A,-0.2A,,28.9C,,,,,,,
01/03/15    16:07:12,1 days 16:00:00,18.0V,4.8V,14.0V,14.1V,0.3A,0.0A,0.0A,-0.2A,,28.8C,,,,,,,
01/03/15    16:02:11,1 days 15:55:00,18.0V,4.8V,13.9V,14.0V,0.3A,0.0A,0.0A,-0.2A,,28.7C,,,,,,,
01/03/15    15:57:10,1 days 15:50:00,18.2V,4.8V,13.8V,13.9V,0.2A,0.0A,0.0A,-0.2A,,28.7C,,,,,,,
01/03/15    15:52:09,1 days 15:45:00,20.2V,4.8V,13.6V,13.7V,0.2A,0.0A,0.0A,0.0A,,28.6C,,,,,,,
01/03/15    15:47:08,1 days 15:40:00,21.0V,4.8V,13.4V,13.5V,0.2A,0.0A,0.0A,-0.2A,,28.5C,,,,,,,
01/03/15    15:42:06,1 days 15:34:59,15.6V,4.8V,13.8V,13.9V,0.2A,0.0A,0.0A,-0.2A,,28.4C,,,,,,,
01/03/15    15:37:05,1 days 15:29:59,15.6V,4.8V,13.8V,13.9V,0.3A,0.0A,0.0A,-0.2A,,28.3C,,,,,,,
01/03/15    15:32:04,1 days 15:24:59,18.9V,4.8V,13.7V,13.8V,0.2A,0.0A,0.0A,-0.2A,,28.3C,,,,,,,
01/03/15    15:27:03,1 days 15:19:59,18.8V,4.8V,13.7V,13.8V,0.2A,0.0A,0.0A,-0.2A,,28.2C,,,,,,,
01/03/15    15:22:02,1 days 15:14:59,19.5V,4.8V,13.6V,13.7V,0.2A,0.0A,0.0A,-0.2A,,28.1C,,,,,,,
01/03/15    15:17:01,1 days 15:09:59,19.1V,4.8V,13.7V,13.8V,0.3A,0.0A,0.0A,-0.2A,,28.0C,,,,,,,
01/03/15    15:12:00,1 days 15:04:59,15.8V,4.8V,13.7V,13.8V,0.2A,0.0A,0.0A,0.0A,,27.9C,,,,,,,
01/03/15    15:06:59,1 days 14:59:59,19.2V,4.8V,13.7V,13.8V,0.3A,0.0A,0.0A,-0.2A,,27.8C,,,,,,,
01/03/15    15:01:58,1 days 14:54:59,19.6V,4.8V,13.6V,13.7V,0.3A,0.0A,0.0A,-0.2A,,27.8C,,,,,,,
01/03/15    14:56:57,1 days 14:49:59,15.8V,4.8V,13.7V,13.8V,0.3A,0.0A,0.0A,0.0A,,27.7C,,,,,,,
01/03/15    14:51:56,1 days 14:44:59,19.1V,4.8V,13.6V,13.7V,0.3A,0.0A,0.0A,0.0A,,27.6C,,,,,,,
01/03/15    14:46:55,1 days 14:39:59,19.2V,4.8V,13.6V,13.7V,0.3A,0.0A,0.0A,-0.2A,,27.5C,,,,,,,
01/03/15    14:41:54,1 days 14:34:59,15.8V,4.8V,13.7V,13.8V,0.3A,0.0A,0.0A,-0.2A,,27.5C,,,,,,,
01/03/15    14:36:53,1 days 14:29:59,15.8V,4.8V,13.7V,13.8V,0.3A,0.0A,0.0A,-0.2A,,27.4C,,,,,,,
01/03/15    14:31:52,1 days 14:24:59,19.0V,4.8V,13.6V,13.7V,0.3A,0.0A,-0.2A,-0.2A,,27.3C,,,,,,,
01/03/15    14:26:52,1 days 14:20:00,20.7V,4.8V,13.4V,13.5V,0.3A,0.0A,-0.2A,0.0A,,27.2C,,,,,,,
01/03/15    14:21:50,1 days 14:14:59,15.7V,4.8V,13.6V,13.7V,0.3A,0.0A,0.0A,-0.2A,,27.1C,,,,,,,
01/03/15    14:16:50,1 days 14:10:00,19.2V,4.8V,13.6V,13.7V,0.3A,0.0A,-0.2A,-0.2A,,26.9C,,,,,,,
01/03/15    14:11:49,1 days 14:05:00,15.8V,4.8V,13.6V,13.7V,0.3A,0.0A,-0.2A,-0.2A,,26.8C,,,,,,,
01/03/15    14:06:48,1 days 14:00:00,15.7V,4.7V,13.6V,13.7V,0.3A,0.0A,-0.2A,0.0A,,26.7C,,,,,,,
01/03/15    14:01:47,1 days 13:55:00,17.0V,4.7V,13.6V,13.7V,0.3A,0.0A,0.0A,-0.2A,,26.5C,,,,,,,
01/03/15    13:56:46,1 days 13:49:59,15.7V,4.7V,13.6V,13.7V,0.3A,0.0A,0.0A,-0.2A,,26.5C,,,,,,,
01/03/15    13:51:46,1 days 13:45:00,15.7V,4.7V,13.6V,13.7V,0.3A,0.0A,0.0A,-0.2A,,26.4C,,,,,,,
01/03/15    13:46:45,1 days 13:40:00,15.7V,4.7V,13.6V,13.7V,0.3A,0.0A,0.0A,-0.2A,,26.2C,,,,,,,
01/03/15    13:41:44,1 days 13:35:00,15.7V,4.7V,13.6V,13.7V,0.3A,0.0A,0.0A,0.0A,,26.1C,,,,,,,
01/03/15    13:36:43,1 days 13:30:00,15.6V,4.7V,13.6V,13.7V,0.3A,0.0A,0.0A,-0.2A,,26.0C,,,,,,,
01/03/15    13:31:42,1 days 13:25:00,15.7V,4.7V,13.5V,13.6V,0.3A,0.0A,0.0A,0.0A,,25.8C,,,,,,,
01/03/15    13:26:41,1 days 13:19:59,15.7V,4.7V,13.5V,13.6V,0.3A,0.0A,0.0A,-0.2A,,25.7C,,,,,,,
01/03/15    13:21:41,1 days 13:15:00,15.5V,4.7V,13.4V,13.5V,0.3A,0.0A,0.2A,-0.2A,,25.6C,,,,,,,
01/03/15    13:16:40,1 days 13:10:00,17.2V,4.7V,13.4V,13.5V,0.3A,0.0A,0.2A,0.0A,,25.5C,,,,,,,
01/03/15    13:11:40,1 days 13:05:00,15.7V,5.2V,13.4V,13.5V,0.0A,0.0A,0.2A,-0.2A,,25.4C,,,,,,,
01/03/15    13:06:39,1 days 13:00:00,15.4V,5.2V,13.4V,13.5V,0.0A,0.0A,0.2A,-0.2A,,25.2C,,,,,,,
01/03/15    13:01:38,1 days 12:54:59,15.5V,5.2V,13.4V,13.5V,0.0A,0.0A,0.2A,-0.2A,,25.1C,,,,,,,
01/03/15    12:56:37,1 days 12:49:59,15.4V,5.2V,13.4V,13.4V,0.0A,0.0A,0.2A,0.0A,,25.0C,,,,,,,
01/03/15    12:51:37,1 days 12:45:00,15.4V,5.2V,13.4V,13.4V,0.0A,0.0A,0.2A,-0.2A,,24.9C,,,,,,,
01/03/15    12:46:36,1 days 12:40:00,15.5V,5.2V,13.3V,13.4V,0.0A,0.0A,0.2A,-0.2A,,24.8C,,,,,,,
01/03/15    12:41:35,1 days 12:34:59,15.4V,5.2V,13.3V,13.4V,0.0A,0.0A,0.2A,-0.2A,,24.8C,,,,,,,
01/03/15    12:36:34,1 days 12:29:59,15.4V,5.2V,13.3V,13.4V,0.0A,0.0A,0.2A,0.0A,,24.7C,,,,,,,
01/03/15    12:31:34,1 days 12:25:00,17.1V,5.2V,13.2V,13.3V,0.0A,0.0A,0.2A,0.0A,,24.6C,,,,,,,
01/03/15    12:26:33,1 days 12:19:59,15.4V,5.2V,13.3V,13.3V,0.0A,0.0A,0.2A,-0.2A,,24.6C,,,,,,,
01/03/15    12:21:33,1 days 12:15:00,15.4V,5.2V,13.2V,13.3V,0.0A,0.0A,0.2A,0.0A,,24.5C,,,,,,,
01/03/15    12:16:32,1 days 12:09:59,15.4V,5.2V,13.2V,13.3V,0.0A,0.0A,0.2A,-0.2A,,24.5C,,,,,,,
01/03/15    12:11:32,1 days 12:05:00,15.4V,5.2V,13.2V,13.3V,0.0A,0.0A,0.2A,0.0A,,24.4C,,,,,,,
01/03/15    12:06:31,1 days 12:00:00,15.4V,5.2V,13.2V,13.2V,0.0A,0.0A,0.2A,-0.2A,,24.4C,,,,,,,
01/03/15    12:01:30,1 days 11:54:59,15.4V,5.2V,13.1V,13.2V,0.0A,0.0A,0.2A,-0.2A,,24.3C,,,,,,,
01/03/15    11:56:29,1 days 11:49:59,15.1V,5.2V,13.1V,13.2V,0.0A,0.0A,0.2A,-0.2A,,24.3C,,,,,,,
01/03/15    11:51:29,1 days 11:45:00,15.1V,5.2V,13.1V,13.2V,0.0A,0.0A,0.2A,0.0A,,24.2C,,,,,,,
01/03/15    11:46:29,1 days 11:40:00,15.1V,5.2V,13.1V,13.1V,0.0A,0.0A,0.2A,-0.2A,,24.2C,,,,,,,
01/03/15    11:41:28,1 days 11:35:00,15.0V,5.2V,13.1V,13.1V,0.0A,0.0A,0.2A,0.0A,,24.1C,,,,,,,
01/03/15    11:36:28,1 days 11:30:00,15.0V,5.2V,13.0V,13.1V,0.0A,0.0A,0.2A,-0.2A,,24.1C,,,,,,,
01/03/15    11:31:27,1 days 11:25:00,14.9V,5.2V,13.0V,13.1V,0.0A,0.0A,0.2A,-0.2A,,24.0C,,,,,,,
01/03/15    11:26:26,1 days 11:20:00,14.9V,5.2V,13.0V,13.1V,0.0A,0.0A,0.2A,-0.2A,,24.0C,,,,,,,
01/03/15    11:21:26,1 days 11:15:00,14.8V,5.2V,13.0V,13.0V,0.0A,0.0A,0.2A,0.0A,,24.0C,,,,,,,
01/03/15    11:16:25,1 days 11:10:00,14.8V,5.2V,13.0V,13.0V,0.0A,0.0A,0.2A,-0.2A,,23.9C,,,,,,,
01/03/15    11:11:24,1 days 11:04:59,14.7V,5.2V,12.9V,13.0V,0.0A,0.0A,0.2A,0.0A,,23.9C,,,,,,,
01/03/15    11:06:24,1 days 11:00:00,14.7V,5.2V,12.9V,13.0V,0.0A,0.0A,0.2A,0.0A,,23.9C,,,,,,,
01/03/15    11:01:23,1 days 10:54:59,14.5V,5.2V,12.9V,13.0V,0.0A,0.0A,0.2A,-0.2A,,23.8C,,,,,,,
01/03/15    10:56:23,1 days 10:50:00,14.5V,5.2V,12.9V,12.9V,0.0A,0.0A,0.2A,-0.2A,,23.8C,,,,,,,
01/03/15    10:51:22,1 days 10:44:59,14.3V,5.2V,12.9V,12.9V,0.0A,0.0A,0.2A,-0.2A,,23.8C,,,,,,,
01/03/15    10:46:22,1 days 10:40:00,14.2V,5.2V,12.9V,12.9V,0.0A,0.0A,0.2A,-0.2A,,23.8C,,,,,,,
01/03/15    10:41:21,1 days 10:35:00,14.0V,5.2V,12.9V,12.9V,0.0A,0.0A,0.2A,-0.2A,,23.8C,,,,,,,
01/03/15    10:36:21,1 days 10:30:00,13.9V,5.2V,12.8V,12.9V,0.0A,0.0A,0.2A,-0.2A,,23.7C,,,,,,,
01/03/15    10:31:20,1 days 10:25:00,13.7V,5.2V,12.8V,12.9V,0.0A,0.0A,0.2A,-0.2A,,23.7C,,,,,,,
01/03/15    10:26:20,1 days 10:20:00,13.5V,5.2V,12.8V,12.9V,0.0A,0.0A,0.2A,0.0A,,23.7C,,,,,,,
01/03/15    10:21:19,1 days 10:15:00,13.5V,5.2V,12.8V,12.9V,0.0A,0.0A,0.2A,0.0A,,23.7C,,,,,,,
01/03/15    10:16:19,1 days 10:10:00,14.3V,5.2V,12.8V,12.9V,0.0A,0.0A,0.2A,-0.2A,,23.7C,,,,,,,
01/03/15    10:11:18,1 days 10:05:00,13.4V,5.2V,12.8V,12.9V,0.0A,0.0A,0.2A,-0.2A,,23.7C,,,,,,,
01/03/15    10:06:18,1 days 10:00:00,13.4V,5.2V,12.8V,12.9V,0.0A,0.0A,0.2A,-0.2A,,23.7C,,,,,,,
01/03/15    10:01:17,1 days 09:55:00,13.4V,5.2V,12.8V,12.9V,0.0A,0.0A,0.2A,-0.2A,,23.8C,,,,,,,
01/03/15    09:56:17,1 days 09:50:00,13.4V,5.2V,12.8V,12.9V,0.0A,0.0A,0.2A,-0.2A,,23.8C,,,,,,,
01/03/15    09:51:16,1 days 09:45:00,13.4V,5.2V,12.8V,12.9V,0.0A,0.0A,0.2A,-0.2A,,23.8C,,,,,,,
01/03/15    09:46:15,1 days 09:39:59,13.4V,5.2V,12.8V,12.9V,0.0A,0.0A,0.2A,0.0A,,23.9C,,,,,,,
01/03/15    09:41:14,1 days 09:34:59,13.4V,5.2V,12.8V,12.9V,0.0A,0.0A,0.2A,0.0A,,23.9C,,,,,,,
01/03/15    09:36:14,1 days 09:30:00,13.4V,5.2V,12.8V,12.9V,0.0A,0.0A,0.2A,-0.2A,,23.9C,,,,,,,
01/03/15    09:31:14,1 days 09:25:00,13.4V,5.2V,12.8V,12.9V,0.0A,0.0A,0.2A,-0.2A,,24.0C,,,,,,,
01/03/15    09:26:13,1 days 09:20:00,14.1V,5.2V,12.8V,12.9V,0.0A,0.0A,0.2A,0.0A,,24.0C,,,,,,,
01/03/15    09:21:13,1 days 09:15:00,13.0V,5.2V,12.8V,12.9V,0.0A,0.0A,0.2A,-0.2A,,24.0C,,,,,,,
01/03/15    09:16:12,1 days 09:10:00,12.8V,5.2V,12.8V,12.9V,0.0A,0.0A,0.2A,-0.2A,,24.1C,,,,,,,
01/03/15    09:11:12,1 days 09:05:00,10.4V,5.2V,12.8V,12.9V,0.0A,0.0A,0.2A,0.0A,,24.1C,,,,,,,
01/03/15    09:06:11,1 days 09:00:00,6.8V,5.2V,12.8V,12.9V,0.0A,0.0A,0.2A,0.0A,,24.1C,,,,,,,
01/03/15    09:01:11,1 days 08:55:00,2.5V,5.2V,12.8V,12.9V,0.0A,0.0A,0.2A,-0.2A,,24.2C,,,,,,,
01/03/15    08:56:10,1 days 08:50:00,0.7V,5.2V,12.8V,12.9V,0.0A,0.0A,0.2A,-0.2A,,24.3C,,,,,,,
01/03/15    08:51:09,1 days 08:45:00,0.2V,5.2V,12.9V,12.9V,0.0A,0.0A,0.2A,-0.2A,,24.3C,,,,,,,
01/03/15    08:46:09,1 days 08:40:00,0.0V,5.2V,12.9V,12.9V,0.0A,0.0A,0.2A,-0.2A,,24.4C,,,,,,,
01/03/15    08:41:08,1 days 08:35:00,0.0V,5.2V,12.9V,12.9V,0.0A,0.0A,0.2A,-0.2A,,24.5C,,,,,,,
01/03/15    08:36:07,1 days 08:29:59,0.0V,5.2V,12.9V,12.9V,0.0A,0.0A,0.2A,0.0A,,24.5C,,,,,,,
01/03/15    08:31:07,1 days 08:25:00,0.0V,5.2V,12.9V,12.9V,0.0A,0.0A,0.2A,-0.2A,,24.6C,,,,,,,
01/03/15    08:26:07,1 days 08:20:00,0.0V,5.2V,12.9V,12.9V,0.0A,0.0A,0.2A,-0.2A,,24.6C,,,,,,,
01/03/15    08:21:06,1 days 08:15:00,0.0V,5.2V,12.9V,12.9V,0.0A,0.0A,0.2A,0.0A,,24.7C,,,,,,,
01/03/15    08:16:05,1 days 08:09:59,0.0V,5.2V,12.9V,12.9V,0.0A,0.0A,0.2A,0.0A,,24.8C,,,,,,,
01/03/15    08:11:05,1 days 08:05:00,0.0V,5.2V,12.9V,12.9V,0.0A,0.0A,0.2A,-0.2A,,24.8C,,,,,,,
01/03/15    08:06:04,1 days 07:59:59,0.0V,5.2V,12.9V,13.0V,0.0A,0.0A,0.2A,0.0A,,24.9C,,,,,,,
01/03/15    08:01:04,1 days 07:55:00,0.0V,5.2V,12.9V,13.0V,0.0A,0.0A,0.2A,0.0A,,25.0C,,,,,,,
01/03/15    07:56:03,1 days 07:50:00,0.0V,5.2V,12.9V,13.0V,0.0A,0.0A,0.2A,0.0A,,25.0C,,,,,,,
01/03/15    07:51:02,1 days 07:44:59,0.0V,5.2V,12.9V,13.0V,0.0A,0.0A,0.2A,0.0A,,25.1C,,,,,,,
01/03/15    07:46:02,1 days 07:40:00,0.0V,5.2V,12.9V,13.0V,0.0A,0.0A,0.2A,-0.2A,,25.2C,,,,,,,
01/03/15    07:41:01,1 days 07:35:00,0.0V,5.2V,13.0V,13.0V,0.0A,0.0A,0.2A,0.0A,,25.2C,,,,,,,
01/03/15    07:36:00,1 days 07:30:00,0.0V,5.2V,13.1V,13.2V,0.0A,0.0A,0.0A,-0.2A,,25.3C,,,,,,,
01/03/15    07:30:59,1 days 07:24:59,0.0V,5.2V,13.1V,13.2V,0.0A,0.0A,0.0A,-0.2A,,25.3C,,,,,,,
01/03/15    07:25:59,1 days 07:20:00,0.0V,5.2V,13.1V,13.2V,0.0A,0.0A,0.0A,-0.2A,,25.3C,,,,,,,
01/03/15    07:20:58,1 days 07:15:00,0.0V,5.2V,13.1V,13.2V,0.0A,0.0A,0.0A,-0.2A,,25.4C,,,,,,,
01/03/15    07:15:57,1 days 07:10:00,0.0V,5.2V,13.1V,13.2V,0.0A,0.0A,0.0A,-0.2A,,25.4C,,,,,,,
01/03/15    07:10:56,1 days 07:04:59,0.0V,5.2V,13.1V,13.2V,0.0A,0.0A,0.0A,-0.2A,,25.4C,,,,,,,
01/03/15    07:05:56,1 days 07:00:00,0.0V,5.2V,13.1V,13.2V,0.0A,0.0A,0.0A,0.0A,,25.4C,,,,,,,
01/03/15    07:00:55,1 days 06:55:00,0.0V,5.2V,13.1V,13.2V,0.0A,0.0A,0.0A,-0.2A,,25.5C,,,,,,,
01/03/15    06:55:54,1 days 06:50:00,0.0V,5.2V,13.1V,13.2V,0.0A,0.0A,0.0A,-0.2A,,25.5C,,,,,,,
01/03/15    06:50:53,1 days 06:45:00,0.0V,5.2V,13.1V,13.2V,0.0A,0.0A,0.0A,-0.2A,,25.6C,,,,,,,
01/03/15    06:45:53,1 days 06:40:00,0.0V,5.2V,13.1V,13.2V,0.0A,0.0A,0.0A,-0.2A,,25.6C,,,,,,,
01/03/15    06:40:51,1 days 06:34:59,0.0V,5.2V,13.1V,13.1V,0.0A,0.0A,0.0A,0.0A,,25.6C,,,,,,,
01/03/15    06:35:51,1 days 06:30:00,0.0V,5.2V,12.9V,13.0V,0.0A,0.0A,0.2A,-0.2A,,25.7C,,,,,,,
01/03/15    06:30:50,1 days 06:25:00,0.0V,5.2V,13.1V,13.2V,0.0A,0.0A,0.0A,0.0A,,25.7C,,,,,,,
01/03/15    06:25:49,1 days 06:20:00,0.0V,5.2V,13.1V,13.2V,0.0A,0.0A,0.0A,0.0A,,25.7C,,,,,,,
01/03/15    06:20:48,1 days 06:15:00,0.0V,5.2V,13.1V,13.2V,0.0A,0.0A,0.0A,-0.2A,,25.8C,,,,,,,
01/03/15    06:15:48,1 days 06:10:00,0.0V,5.2V,13.1V,13.2V,0.0A,0.0A,0.0A,-0.2A,,25.8C,,,,,,,
01/03/15    06:10:47,1 days 06:05:00,0.0V,5.2V,13.1V,13.2V,0.0A,0.0A,0.0A,-0.2A,,25.9C,,,,,,,
01/03/15    06:05:46,1 days 06:00:00,0.0V,5.2V,13.1V,13.2V,0.0A,0.0A,0.0A,0.0A,,25.9C,,,,,,,
01/03/15    06:00:45,1 days 05:55:00,0.0V,5.2V,13.1V,13.2V,0.0A,0.0A,0.0A,-0.2A,,25.9C,,,,,,,
01/03/15    05:55:44,1 days 05:50:00,0.0V,5.2V,13.1V,13.2V,0.0A,0.0A,0.0A,0.0A,,25.9C,,,,,,,
01/03/15    05:50:43,1 days 05:45:00,0.0V,5.2V,13.1V,13.2V,0.0A,0.0A,0.0A,0.0A,,26.0C,,,,,,,
01/03/15    05:45:42,1 days 05:40:00,0.0V,5.2V,13.1V,13.2V,0.0A,0.0A,0.0A,-0.2A,,26.0C,,,,,,,
01/03/15    05:40:41,1 days 05:34:59,0.0V,5.2V,13.1V,13.2V,0.0A,0.0A,0.0A,0.0A,,26.0C,,,,,,,
01/03/15    05:35:40,1 days 05:29:59,0.0V,5.2V,13.1V,13.2V,0.0A,0.0A,0.0A,-0.2A,,26.1C,,,,,,,
01/03/15    05:30:39,1 days 05:24:59,0.0V,5.2V,13.1V,13.2V,0.0A,0.0A,0.0A,-0.2A,,26.1C,,,,,,,
01/03/15    05:25:39,1 days 05:20:00,0.0V,5.2V,13.1V,13.2V,0.0A,0.0A,0.0A,-0.2A,,26.1C,,,,,,,
01/03/15    05:20:37,1 days 05:14:59,0.0V,5.2V,13.1V,13.2V,0.0A,0.0A,0.0A,-0.2A,,26.2C,,,,,,,
01/03/15    05:15:37,1 days 05:10:00,0.0V,5.2V,13.1V,13.2V,0.0A,0.0A,0.0A,0.0A,,26.2C,,,,,,,
01/03/15    05:10:36,1 days 05:05:00,0.0V,5.2V,13.1V,13.2V,0.0A,0.0A,0.0A,-0.2A,,26.2C,,,,,,,
01/03/15    05:05:35,1 days 05:00:00,0.0V,5.2V,13.1V,13.2V,0.0A,0.0A,0.0A,0.0A,,26.3C,,,,,,,
01/03/15    05:00:34,1 days 04:55:00,0.0V,5.2V,13.1V,13.2V,0.0A,0.0A,0.0A,-0.2A,,26.3C,,,,,,,
01/03/15    04:55:33,1 days 04:50:00,0.0V,5.2V,13.1V,13.2V,0.0A,0.0A,0.0A,-0.2A,,26.3C,,,,,,,
01/03/15    04:50:32,1 days 04:45:00,0.0V,5.2V,13.1V,13.2V,0.0A,0.0A,0.0A,-0.2A,,26.4C,,,,,,,
01/03/15    04:45:31,1 days 04:40:00,0.0V,5.2V,13.1V,13.2V,0.0A,0.0A,0.0A,-0.2A,,26.4C,,,,,,,
01/03/15    04:40:30,1 days 04:35:00,0.0V,5.2V,13.1V,13.2V,0.0A,0.0A,0.0A,-0.2A,,26.4C,,,,,,,
01/03/15    04:35:28,1 days 04:29:59,0.0V,5.2V,13.1V,13.2V,0.0A,0.0A,0.0A,-0.2A,,26.4C,,,,,,,
01/03/15    04:30:28,1 days 04:25:00,0.0V,5.2V,13.1V,13.2V,0.0A,0.0A,0.0A,-0.2A,,26.5C,,,,,,,
01/03/15    04:25:26,1 days 04:19:59,0.0V,5.2V,13.1V,13.2V,0.0A,0.0A,0.0A,-0.2A,,26.5C,,,,,,,
01/03/15    04:20:26,1 days 04:15:00,0.0V,5.2V,13.1V,13.2V,0.0A,0.0A,0.0A,-0.2A,,26.5C,,,,,,,
01/03/15    04:15:25,1 days 04:10:00,0.0V,5.2V,13.1V,13.2V,0.0A,0.0A,-0.2A,-0.2A,,26.5C,,,,,,,
01/03/15    04:10:24,1 days 04:05:00,0.0V,5.2V,13.1V,13.2V,0.0A,0.0A,-0.2A,0.0A,,26.5C,,,,,,,
01/03/15    04:05:23,1 days 04:00:00,0.0V,5.2V,13.1V,13.2V,0.0A,0.0A,0.0A,-0.2A,,26.5C,,,,,,,
01/03/15    04:00:22,1 days 03:55:00,0.0V,5.2V,13.1V,13.2V,0.0A,0.0A,0.0A,0.0A,,26.6C,,,,,,,
01/03/15    03:55:21,1 days 03:50:00,0.0V,5.2V,13.1V,13.2V,0.0A,0.0A,0.0A,-0.2A,,26.6C,,,,,,,
01/03/15    03:50:20,1 days 03:45:00,0.0V,5.2V,13.1V,13.2V,0.0A,0.0A,0.0A,-0.2A,,26.6C,,,,,,,
01/03/15    03:45:19,1 days 03:40:00,0.0V,5.2V,13.1V,13.2V,0.0A,0.0A,0.0A,-0.2A,,26.6C,,,,,,,
01/03/15    03:40:18,1 days 03:35:00,0.0V,5.2V,13.1V,13.2V,0.0A,0.0A,0.0A,-0.2A,,26.6C,,,,,,,
01/03/15    03:35:17,1 days 03:30:00,0.0V,5.2V,13.1V,13.2V,0.0A,0.0A,-0.2A,0.0A,,26.6C,,,,,,,
01/03/15    03:30:16,1 days 03:25:00,0.0V,5.2V,13.1V,13.2V,0.0A,0.0A,0.0A,0.0A,,26.6C,,,,,,,
01/03/15    03:25:15,1 days 03:20:00,0.0V,5.2V,13.1V,13.2V,0.0A,0.0A,0.0A,-0.2A,,26.6C,,,,,,,
01/03/15    03:20:14,1 days 03:15:00,0.0V,5.2V,13.1V,13.2V,0.0A,0.0A,-0.2A,0.0A,,26.7C,,,,,,,
01/03/15    03:15:13,1 days 03:10:00,0.0V,5.2V,13.1V,13.2V,0.0A,0.0A,-0.2A,-0.2A,,26.7C,,,,,,,
01/03/15    03:10:12,1 days 03:05:00,0.0V,5.2V,13.1V,13.2V,0.0A,0.0A,0.0A,-0.2A,,26.7C,,,,,,,
01/03/15    03:05:11,1 days 03:00:00,0.0V,5.2V,13.1V,13.2V,0.0A,0.0A,-0.2A,0.0A,,26.7C,,,,,,,
01/03/15    03:00:10,1 days 02:55:00,0.0V,5.2V,13.1V,13.2V,0.0A,0.0A,0.0A,-0.2A,,26.8C,,,,,,,
01/03/15    02:55:09,1 days 02:50:00,0.0V,5.2V,13.1V,13.2V,0.0A,0.0A,0.0A,-0.2A,,26.8C,,,,,,,
01/03/15    02:50:07,1 days 02:44:59,0.0V,5.2V,13.1V,13.2V,0.0A,0.0A,-0.2A,-0.2A,,26.8C,,,,,,,
01/03/15    02:45:07,1 days 02:40:00,0.0V,5.2V,13.1V,13.2V,0.0A,0.0A,-0.2A,-0.2A,,26.8C,,,,,,,
01/03/15    02:40:05,1 days 02:34:59,0.0V,5.2V,13.1V,13.2V,0.0A,0.0A,-0.2A,-0.2A,,26.9C,,,,,,,
01/03/15    02:35:04,1 days 02:30:00,0.0V,5.2V,13.1V,13.2V,0.0A,0.0A,-0.2A,-0.2A,,26.9C,,,,,,,
01/03/15    02:30:03,1 days 02:25:00,0.0V,5.2V,13.1V,13.2V,0.0A,0.0A,-0.2A,-0.2A,,26.9C,,,,,,,
01/03/15    02:25:03,1 days 02:20:00,0.0V,5.2V,13.1V,13.2V,0.0A,0.0A,-0.2A,0.0A,,27.0C,,,,,,,
01/03/15    02:20:01,1 days 02:14:59,0.0V,5.2V,13.1V,13.2V,0.0A,0.0A,-0.2A,-0.2A,,27.0C,,,,,,,
01/03/15    02:15:01,1 days 02:10:00,0.0V,5.2V,13.1V,13.2V,0.0A,0.0A,-0.2A,0.0A,,27.0C,,,,,,,
01/03/15    02:09:59,1 days 02:04:59,0.0V,5.2V,13.1V,13.2V,0.0A,0.0A,-0.2A,-0.2A,,27.1C,,,,,,,
01/03/15    02:04:58,1 days 01:59:59,0.0V,5.2V,13.1V,13.2V,0.0A,0.0A,-0.2A,-0.2A,,27.1C,,,,,,,
01/03/15    01:59:57,1 days 01:55:00,0.0V,5.2V,13.1V,13.2V,0.0A,0.0A,-0.2A,0.0A,,27.2C,,,,,,,
01/03/15    01:54:56,1 days 01:50:00,0.0V,5.2V,13.1V,13.2V,0.0A,0.0A,-0.2A,-0.2A,,27.2C,,,,,,,
01/03/15    01:49:55,1 days 01:45:00,0.0V,5.2V,13.1V,13.2V,0.0A,0.0A,-0.2A,-0.2A,,27.3C,,,,,,,
01/03/15    01:44:54,1 days 01:40:00,0.0V,5.2V,13.1V,13.2V,0.0A,0.0A,0.0A,-0.2A,,27.3C,,,,,,,
01/03/15    01:39:53,1 days 01:35:00,0.0V,5.2V,13.1V,13.2V,0.0A,0.0A,-0.2A,-0.2A,,27.3C,,,,,,,
01/03/15    01:34:52,1 days 01:30:00,0.0V,5.2V,13.1V,13.2V,0.0A,0.0A,-0.2A,-0.2A,,27.3C,,,,,,,
01/03/15    01:29:51,1 days 01:25:00,0.0V,5.2V,13.1V,13.2V,0.0A,0.0A,-0.2A,0.0A,,27.3C,,,,,,,
01/03/15    01:24:50,1 days 01:20:00,0.0V,5.2V,13.1V,13.2V,0.0A,0.0A,0.0A,-0.2A,,27.4C,,,,,,,
01/03/15    01:19:48,1 days 01:14:59,0.0V,5.2V,13.1V,13.2V,0.0A,0.0A,0.0A,-0.2A,,27.4C,,,,,,,
01/03/15    01:14:47,1 days 01:09:59,0.0V,5.2V,13.1V,13.2V,0.0A,0.0A,0.0A,-0.2A,,27.5C,,,,,,,
01/03/15    01:09:46,1 days 01:05:00,0.0V,5.2V,13.1V,13.2V,0.0A,0.0A,0.0A,-0.2A,,27.5C,,,,,,,
01/03/15    01:04:45,1 days 01:00:00,0.0V,5.2V,13.1V,13.2V,0.0A,0.0A,0.0A,-0.2A,,27.6C,,,,,,,
01/03/15    00:59:44,1 days 00:55:00,0.0V,5.2V,13.1V,13.2V,0.0A,0.0A,0.0A,-0.2A,,27.6C,,,,,,,
01/03/15    00:54:43,1 days 00:50:00,0.0V,5.2V,13.1V,13.2V,0.0A,0.0A,0.0A,-0.2A,,27.6C,,,,,,,
01/03/15    00:49:42,1 days 00:45:00,0.0V,5.2V,13.1V,13.2V,0.0A,0.0A,0.0A,0.0A,,27.7C,,,,,,,
01/03/15    00:44:41,1 days 00:40:00,0.0V,5.2V,13.1V,13.2V,0.0A,0.0A,0.0A,-0.2A,,27.7C,,,,,,,
01/03/15    00:39:40,1 days 00:35:00,0.0V,5.2V,13.1V,13.2V,0.0A,0.0A,0.0A,-0.2A,,27.7C,,,,,,,
01/03/15    00:34:39,1 days 00:30:00,0.0V,5.2V,13.1V,13.2V,0.0A,0.0A,0.0A,-0.2A,,27.8C,,,,,,,
01/03/15    00:29:38,1 days 00:25:00,0.0V,5.2V,13.1V,13.2V,0.0A,0.0A,0.0A,-0.2A,,27.8C,,,,,,,
01/03/15    00:24:37,1 days 00:20:00,0.0V,5.2V,13.1V,13.2V,0.0A,0.0A,0.0A,-0.2A,,27.9C,,,,,,,
01/03/15    00:19:36,1 days 00:15:00,0.0V,5.2V,13.1V,13.2V,0.0A,0.0A,0.0A,-0.2A,,27.9C,,,,,,,
01/03/15    00:14:35,1 days 00:10:00,0.0V,5.2V,13.1V,13.2V,0.0A,0.0A,0.0A,-0.2A,,27.9C,,,,,,,
01/03/15    00:09:34,1 days 00:05:00,0.0V,5.2V,13.1V,13.2V,0.0A,0.0A,0.0A,-0.2A,,27.9C,,,,,,,
01/03/15    00:04:33,1 days 00:00:00,0.0V,5.2V,13.1V,13.2V,0.0A,0.0A,0.0A,-0.2A,,27.9C,,,,,,,
01/02/15    23:59:32,0 days 23:55:00,0.0V,5.2V,13.1V,13.2V,0.0A,0.0A,0.0A,-0.2A,,28.0C,,,,,,,
01/02/15    23:54:31,0 days 23:50:00,0.0V,5.2V,13.1V,13.2V,0.0A,0.0A,0.0A,-0.2A,,27.9C,,,,,,,
01/02/15    23:49:30,0 days 23:45:00,0.0V,5.2V,13.1V,13.2V,0.0A,0.0A,0.0A,-0.2A,,28.0C,,,,,,,
01/02/15    23:44:29,0 days 23:40:00,0.0V,5.2V,13.1V,13.2V,0.0A,0.0A,0.0A,-0.2A,,28.0C,,,,,,,
01/02/15    23:39:28,0 days 23:35:00,0.0V,5.2V,13.1V,13.2V,0.0A,0.0A,0.0A,-0.2A,,27.9C,,,,,,,
01/02/15    23:34:27,0 days 23:30:00,0.0V,5.2V,13.0V,13.1V,0.0A,0.0A,0.2A,-0.2A,,28.0C,,,,,,,
01/02/15    23:29:26,0 days 23:25:00,0.0V,5.2V,13.0V,13.1V,0.0A,0.0A,0.2A,-0.2A,,28.0C,,,,,,,
01/02/15    23:24:25,0 days 23:20:00,0.0V,5.2V,12.9V,13.0V,0.0A,0.1A,0.2A,-0.2A,,28.0C,,,,,,,
01/02/15    23:19:24,0 days 23:15:00,0.0V,4.8V,12.9V,13.0V,0.0A,0.1A,0.2A,0.0A,,28.0C,,,,,,,
01/02/15    23:14:22,0 days 23:09:59,0.0V,4.8V,12.9V,12.9V,0.2A,0.1A,0.2A,-0.2A,,28.1C,,,,,,,
01/02/15    23:09:22,0 days 23:05:00,0.0V,4.8V,12.8V,12.9V,0.3A,0.1A,0.2A,-0.2A,,28.1C,,,,,,,
01/02/15    23:04:21,0 days 23:00:00,0.0V,4.7V,12.8V,12.9V,0.4A,0.1A,0.2A,-0.2A,,28.1C,,,,,,,
01/02/15    22:59:20,0 days 22:55:00,0.0V,4.7V,12.9V,13.0V,0.4A,0.0A,0.2A,0.0A,,28.1C,,,,,,,
01/02/15    22:54:19,0 days 22:50:00,0.0V,4.7V,12.9V,13.0V,0.4A,0.0A,0.2A,-0.2A,,28.0C,,,,,,,
01/02/15    22:49:18,0 days 22:45:00,0.0V,4.7V,12.9V,13.0V,0.4A,0.0A,0.2A,-0.2A,,28.0C,,,,,,,
01/02/15    22:44:17,0 days 22:40:00,0.0V,4.7V,12.9V,13.0V,0.3A,0.0A,0.2A,0.0A,,28.0C,,,,,,,
01/02/15    22:39:16,0 days 22:35:00,0.0V,4.7V,12.9V,13.0V,0.3A,0.0A,0.2A,-0.2A,,28.1C,,,,,,,
01/02/15    22:34:15,0 days 22:30:00,0.0V,4.7V,12.9V,13.0V,0.4A,0.0A,0.2A,-0.2A,,28.1C,,,,,,,
01/02/15    22:29:14,0 days 22:25:00,0.0V,5.2V,13.0V,13.1V,0.0A,0.0A,0.2A,-0.2A,,28.1C,,,,,,,
01/02/15    22:24:13,0 days 22:20:00,0.0V,5.2V,13.0V,13.1V,0.0A,0.0A,0.2A,-0.2A,,28.1C,,,,,,,
01/02/15    22:19:12,0 days 22:15:00,0.0V,5.2V,13.0V,13.1V,0.0A,0.0A,0.2A,-0.2A,,28.1C,,,,,,,
01/02/15    22:14:11,0 days 22:10:00,0.0V,5.2V,13.0V,13.1V,0.0A,0.0A,0.2A,-0.2A,,28.1C,,,,,,,
01/02/15    22:09:10,0 days 22:05:00,0.0V,5.2V,12.9V,13.0V,0.0A,0.1A,0.2A,-0.2A,,28.1C,,,,,,,
01/02/15    22:04:09,0 days 22:00:00,0.0V,5.2V,12.9V,13.0V,0.0A,0.1A,0.2A,-0.2A,,28.1C,,,,,,,
01/02/15    21:59:08,0 days 21:55:00,0.0V,5.2V,13.0V,13.1V,0.0A,0.0A,0.2A,0.0A,,28.0C,,,,,,,
01/02/15    21:54:07,0 days 21:50:00,0.0V,5.2V,13.0V,13.1V,0.0A,0.0A,0.2A,0.0A,,28.0C,,,,,,,
01/02/15    21:49:06,0 days 21:45:00,0.0V,5.2V,13.0V,13.1V,0.0A,0.0A,0.2A,-0.2A,,28.1C,,,,,,,
01/02/15    21:44:05,0 days 21:40:00,0.0V,5.2V,12.9V,13.0V,0.0A,0.1A,0.2A,0.0A,,28.1C,,,,,,,
01/02/15    21:39:04,0 days 21:35:00,0.0V,5.2V,12.9V,13.0V,0.0A,0.1A,0.2A,-0.2A,,28.2C,,,,,,,
01/02/15    21:34:03,0 days 21:30:00,0.0V,5.2V,12.9V,13.0V,0.0A,0.1A,0.2A,-0.2A,,28.3C,,,,,,,
01/02/15    21:29:02,0 days 21:25:00,0.0V,5.2V,12.9V,13.0V,0.0A,0.1A,0.2A,-0.2A,,28.3C,,,,,,,
01/02/15    21:24:01,0 days 21:20:00,0.0V,5.2V,12.9V,13.0V,0.0A,0.1A,0.2A,-0.2A,,28.4C,,,,,,,
01/02/15    21:18:59,0 days 21:14:59,0.0V,5.2V,12.9V,13.0V,0.0A,0.1A,0.2A,-0.2A,,28.5C,,,,,,,
01/02/15    21:13:59,0 days 21:10:00,0.0V,4.8V,12.9V,13.0V,0.0A,0.1A,0.2A,-0.2A,,28.6C,,,,,,,
01/02/15    21:08:57,0 days 21:04:59,0.0V,4.8V,12.9V,13.0V,0.0A,0.1A,0.2A,-0.2A,,28.6C,,,,,,,
01/02/15    21:03:56,0 days 20:59:59,0.1V,4.8V,12.9V,13.0V,0.2A,0.1A,0.2A,-0.2A,,28.7C,,,,,,,
01/02/15    20:58:55,0 days 20:55:00,0.3V,4.8V,12.9V,13.0V,0.0A,0.1A,0.2A,0.0A,,28.8C,,,,,,,
01/02/15    20:53:54,0 days 20:50:00,1.3V,4.8V,13.0V,13.1V,0.0A,0.0A,0.2A,-0.2A,,28.9C,,,,,,,
01/02/15    20:48:53,0 days 20:45:00,4.1V,4.8V,13.2V,13.2V,0.0A,0.0A,0.0A,-0.2A,,29.0C,,,,,,,
01/02/15    20:43:52,0 days 20:40:00,8.2V,4.8V,13.2V,13.2V,0.0A,0.0A,0.0A,0.0A,,29.1C,,,,,,,
01/02/15    20:38:50,0 days 20:35:00,11.2V,4.8V,13.2V,13.3V,0.0A,0.0A,0.0A,-0.2A,,29.2C,,,,,,,
01/02/15    20:33:49,0 days 20:30:00,13.0V,4.8V,13.2V,13.3V,0.0A,0.0A,0.0A,0.0A,,29.2C,,,,,,,
01/02/15    20:28:48,0 days 20:25:00,13.4V,4.8V,13.3V,13.4V,0.0A,0.0A,0.0A,-0.2A,,29.3C,,,,,,,
01/02/15    20:23:47,0 days 20:20:00,14.0V,4.8V,13.4V,13.5V,0.0A,0.0A,0.0A,-0.2A,,29.4C,,,,,,,
01/02/15    20:18:45,0 days 20:14:59,14.2V,4.8V,13.6V,13.7V,0.0A,0.0A,0.0A,0.0A,,29.4C,,,,,,,
01/02/15    20:13:44,0 days 20:10:00,14.6V,4.8V,14.0V,14.1V,0.0A,0.0A,0.0A,-0.2A,,29.5C,,,,,,,
01/02/15    20:08:43,0 days 20:05:00,20.2V,4.8V,14.2V,14.3V,0.0A,0.0A,0.0A,-0.2A,,29.5C,,,,,,,
01/02/15    20:03:41,0 days 19:59:59,20.6V,4.8V,14.2V,14.3V,0.0A,0.0A,0.0A,-0.2A,,29.5C,,,,,,,
01/02/15    19:58:40,0 days 19:55:00,20.7V,4.8V,14.3V,14.3V,0.0A,0.0A,0.0A,-0.2A,,29.5C,,,,,,,
01/02/15    19:53:39,0 days 19:50:00,20.9V,4.8V,14.2V,14.3V,0.0A,0.0A,0.0A,-0.2A,,29.6C,,,,,,,
01/02/15    19:48:37,0 days 19:45:00,21.0V,4.8V,14.2V,14.3V,0.0A,0.0A,0.0A,-0.2A,,29.6C,,,,,,,
01/02/15    19:43:36,0 days 19:40:00,20.7V,4.7V,14.1V,14.2V,0.3A,0.0A,0.0A,-0.2A,,29.7C,,,,,,,
01/02/15    19:38:35,0 days 19:35:00,21.0V,4.8V,14.2V,14.2V,0.1A,0.0A,0.0A,-0.2A,,29.7C,,,,,,,
01/02/15    19:33:33,0 days 19:30:00,20.4V,4.8V,14.2V,14.3V,0.2A,0.0A,0.0A,-0.2A,,29.8C,,,,,,,
01/02/15    19:28:32,0 days 19:25:00,21.0V,4.8V,14.2V,14.3V,0.2A,0.0A,0.0A,-0.2A,,29.8C,,,,,,,
01/02/15    19:23:30,0 days 19:19:59,21.1V,4.8V,14.2V,14.2V,0.2A,0.0A,0.0A,-0.2A,,29.9C,,,,,,,
01/02/15    19:18:29,0 days 19:15:00,21.0V,4.8V,14.2V,14.2V,0.2A,0.0A,0.0A,-0.2A,,30.0C,,,,,,,
01/02/15    19:13:27,0 days 19:09:59,20.9V,4.8V,14.1V,14.2V,0.2A,0.0A,0.0A,0.0A,,30.0C,,,,,,,
01/02/15    19:08:26,0 days 19:05:00,21.0V,4.7V,14.1V,14.2V,0.3A,0.0A,0.0A,-0.2A,,30.1C,,,,,,,
01/02/15    19:03:25,0 days 19:00:00,20.9V,4.7V,14.2V,14.2V,0.3A,0.0A,0.0A,0.0A,,30.1C,,,,,,,
01/02/15    18:58:23,0 days 18:54:59,21.0V,4.7V,14.1V,14.2V,0.4A,0.0A,0.0A,-0.2A,,30.1C,,,,,,,
01/02/15    18:53:22,0 days 18:50:00,20.7V,4.7V,14.2V,14.3V,0.5A,0.0A,0.0A,-0.2A,,30.1C,,,,,,,
01/02/15    18:48:20,0 days 18:44:59,20.8V,4.7V,14.2V,14.2V,0.5A,0.0A,0.0A,-0.2A,,30.1C,,,,,,,
01/02/15    18:43:19,0 days 18:40:00,21.0V,4.7V,14.1V,14.2V,0.5A,0.0A,0.0A,-0.2A,,30.1C,,,,,,,
01/02/15    18:38:18,0 days 18:35:00,20.9V,4.7V,14.1V,14.2V,0.5A,0.0A,0.0A,0.0A,,30.1C,,,,,,,
01/02/15    18:33:16,0 days 18:29:59,20.8V,4.7V,14.1V,14.2V,0.6A,0.0A,0.0A,-0.2A,,30.1C,,,,,,,
01/02/15    18:28:15,0 days 18:25:00,20.9V,4.7V,14.2V,14.2V,0.6A,0.0A,0.0A,-0.2A,,30.2C,,,,,,,
01/02/15    18:23:14,0 days 18:20:00,20.9V,4.7V,14.1V,14.2V,0.6A,0.0A,0.0A,-0.2A,,30.2C,,,,,,,
01/02/15    18:18:12,0 days 18:14:59,20.9V,4.7V,14.1V,14.2V,0.6A,0.0A,0.0A,0.0A,,30.2C,,,,,,,
01/02/15    18:13:11,0 days 18:10:00,20.7V,4.7V,14.1V,14.2V,0.6A,0.0A,0.0A,-0.2A,,30.2C,,,,,,,
01/02/15    18:08:10,0 days 18:05:00,20.8V,4.7V,14.1V,14.2V,0.6A,0.0A,0.0A,0.0A,,30.2C,,,,,,,
01/02/15    18:03:08,0 days 17:59:59,20.7V,4.7V,14.2V,14.2V,0.6A,0.0A,0.0A,-0.2A,,30.2C,,,,,,,
01/02/15    17:58:07,0 days 17:55:00,20.7V,4.7V,14.1V,14.2V,0.6A,0.0A,0.0A,0.0A,,30.2C,,,,,,,
01/02/15    17:53:06,0 days 17:50:00,20.9V,4.7V,14.1V,14.2V,0.6A,0.0A,0.0A,-0.2A,,30.2C,,,,,,,
01/02/15    17:48:04,0 days 17:44:59,20.9V,4.7V,14.1V,14.2V,0.6A,0.0A,0.0A,-0.2A,,30.2C,,,,,,,
01/02/15    17:43:03,0 days 17:40:00,20.7V,4.7V,14.2V,14.2V,0.6A,0.0A,0.0A,0.0A,,30.1C,,,,,,,
01/02/15    17:38:02,0 days 17:35:00,20.7V,4.7V,14.2V,14.3V,0.6A,0.0A,0.0A,-0.2A,,30.1C,,,,,,,
01/02/15    17:33:01,0 days 17:30:00,20.6V,4.7V,14.2V,14.3V,0.6A,0.0A,0.0A,-0.2A,,30.1C,,,,,,,
01/02/15    17:27:59,0 days 17:25:00,20.6V,4.7V,14.2V,14.3V,0.6A,0.0A,0.0A,-0.2A,,30.1C,,,,,,,
01/02/15    17:22:58,0 days 17:20:00,20.5V,4.7V,14.2V,14.3V,0.6A,0.0A,0.0A,-0.2A,,30.0C,,,,,,,
01/02/15    17:17:56,0 days 17:15:00,20.2V,4.7V,14.2V,14.3V,0.6A,0.0A,0.0A,-0.2A,,30.0C,,,,,,,
01/02/15    17:12:55,0 days 17:10:00,19.7V,4.7V,14.1V,14.2V,0.7A,0.0A,0.0A,-0.2A,,29.9C,,,,,,,
01/02/15    17:07:53,0 days 17:05:00,18.6V,4.7V,14.0V,14.1V,0.7A,0.0A,0.0A,-0.2A,,29.9C,,,,,,,
01/02/15    17:02:52,0 days 17:00:00,16.2V,4.7V,14.0V,14.0V,0.7A,0.0A,0.0A,-0.2A,,29.8C,,,,,,,
01/02/15    16:57:50,0 days 16:54:59,18.2V,4.7V,13.9V,14.0V,0.7A,0.0A,0.0A,-0.2A,,29.7C,,,,,,,
01/02/15    16:52:49,0 days 16:50:00,17.8V,4.7V,13.8V,13.9V,0.7A,0.0A,0.0A,-0.2A,,29.7C,,,,,,,
01/02/15    16:47:48,0 days 16:45:00,18.0V,4.7V,13.8V,13.9V,0.7A,0.0A,0.0A,-0.2A,,29.6C,,,,,,,
01/02/15    16:42:47,0 days 16:40:00,15.9V,4.7V,13.8V,13.8V,0.7A,0.0A,0.0A,-0.2A,,29.5C,,,,,,,
01/02/15    16:37:45,0 days 16:34:59,19.1V,4.7V,13.7V,13.8V,0.7A,0.0A,0.0A,0.0A,,29.5C,,,,,,,
01/02/15    16:32:44,0 days 16:30:00,18.9V,4.7V,13.7V,13.8V,0.7A,0.0A,0.0A,0.0A,,29.4C,,,,,,,
01/02/15    16:27:43,0 days 16:25:00,19.0V,4.7V,13.7V,13.7V,0.7A,0.0A,0.0A,-0.2A,,29.3C,,,,,,,
01/02/15    16:22:42,0 days 16:20:00,16.0V,4.7V,13.7V,13.8V,0.7A,0.0A,0.0A,-0.2A,,29.2C,,,,,,,
01/02/15    16:17:40,0 days 16:15:00,19.5V,4.7V,13.6V,13.7V,0.8A,0.0A,0.0A,-0.2A,,29.1C,,,,,,,
01/02/15    16:12:39,0 days 16:10:00,18.9V,4.7V,13.6V,13.7V,0.8A,0.0A,0.0A,0.0A,,29.0C,,,,,,,
01/02/15    16:07:38,0 days 16:05:00,15.7V,4.6V,13.6V,13.7V,0.8A,0.0A,0.0A,-0.2A,,28.9C,,,,,,,
01/02/15    16:02:36,0 days 15:59:59,20.1V,4.6V,13.5V,13.5V,1.0A,0.0A,0.0A,-0.2A,,28.7C,,,,,,,
01/02/15    15:57:35,0 days 15:55:00,18.4V,3.0V,13.8V,13.9V,0.0A,0.0A,0.0A,0.0A,,28.6C,,,,,,,
01/02/15    15:52:34,0 days 15:50:00,16.0V,2.9V,13.8V,13.9V,0.0A,0.0A,0.0A,-0.2A,,28.5C,,,,,,,
01/02/15    15:47:32,0 days 15:44:59,15.9V,2.9V,13.8V,13.9V,0.0A,0.0A,0.0A,-0.2A,,28.4C,,,,,,,
01/02/15    15:42:31,0 days 15:39:59,15.9V,2.9V,13.8V,13.9V,0.0A,0.0A,0.0A,-0.2A,,28.4C,,,,,,,
01/02/15    15:37:31,0 days 15:35:00,15.8V,2.9V,13.8V,13.8V,0.0A,0.0A,0.0A,0.0A,,28.3C,,,,,,,
01/02/15    15:32:29,0 days 15:30:00,15.8V,2.9V,13.7V,13.8V,0.0A,0.0A,0.0A,-0.2A,,28.2C,,,,,,,
01/02/15    15:27:28,0 days 15:25:00,15.8V,2.9V,13.7V,13.8V,0.0A,0.0A,0.0A,-0.2A,,28.2C,,,,,,,
01/02/15    15:22:27,0 days 15:20:00,15.8V,2.9V,13.7V,13.8V,0.0A,0.0A,0.0A,-0.2A,,28.1C,,,,,,,
01/02/15    15:17:26,0 days 15:15:00,15.9V,2.9V,13.7V,13.8V,0.0A,0.0A,0.0A,-0.2A,,28.0C,,,,,,,
01/02/15    15:12:25,0 days 15:10:00,15.9V,2.9V,13.7V,13.8V,0.0A,0.0A,0.0A,-0.2A,,27.9C,,,,,,,
01/02/15    15:07:24,0 days 15:05:00,16.0V,2.9V,13.7V,13.8V,0.0A,0.0A,0.0A,0.0A,,27.8C,,,,,,,
01/02/15    15:02:23,0 days 14:59:59,15.9V,2.9V,13.7V,13.8V,0.0A,0.0A,0.0A,-0.2A,,27.8C,,,,,,,
01/02/15    14:57:23,0 days 14:55:00,15.9V,2.9V,13.7V,13.8V,0.0A,0.0A,0.0A,-0.2A,,27.7C,,,,,,,
01/02/15    14:52:21,0 days 14:49:59,15.9V,2.9V,13.7V,13.8V,0.0A,0.0A,0.0A,-0.2A,,27.6C,,,,,,,
01/02/15    14:47:21,0 days 14:45:00,16.0V,2.9V,13.7V,13.8V,0.0A,0.0A,0.0A,-0.2A,,27.5C,,,,,,,
01/02/15    14:42:20,0 days 14:40:00,18.6V,2.9V,13.7V,13.8V,0.0A,0.0A,0.0A,0.0A,,27.4C,,,,,,,
01/02/15    14:37:19,0 days 14:35:00,15.8V,2.9V,13.7V,13.8V,0.0A,0.0A,0.0A,-0.2A,,27.4C,,,,,,,
01/02/15    14:32:18,0 days 14:30:00,15.7V,2.9V,13.6V,13.7V,0.0A,0.0A,0.0A,-0.2A,,27.3C,,,,,,,
01/02/15    14:27:17,0 days 14:25:00,15.7V,2.9V,13.6V,13.7V,0.0A,0.0A,0.0A,-0.2A,,27.2C,,,,,,,
01/02/15    14:22:16,0 days 14:20:00,15.7V,0.3V,13.6V,13.7V,0.0A,0.0A,0.0A,-0.2A,,27.0C,,,,,,,
01/02/15    14:17:15,0 days 14:15:00,15.7V,0.3V,13.6V,13.7V,0.0A,0.0A,-0.2A,-0.2A,,26.9C,,,,,,,
01/02/15    14:12:14,0 days 14:10:00,15.7V,0.3V,13.6V,13.7V,0.0A,0.0A,-0.2A,0.0A,,26.9C,,,,,,,
01/02/15    14:07:13,0 days 14:04:59,15.7V,0.3V,13.6V,13.7V,0.0A,0.0A,-0.2A,-0.2A,,26.9C,,,,,,,
01/02/15    14:02:12,0 days 13:59:59,15.7V,0.3V,13.6V,13.6V,0.0A,0.0A,-0.2A,0.0A,,26.9C,,,,,,,
01/02/15    13:57:11,0 days 13:54:59,15.8V,0.3V,13.5V,13.6V,0.0A,0.0A,-0.2A,-0.2A,,27.0C,,,,,,,
01/02/15    13:52:10,0 days 13:49:59,15.7V,0.3V,13.5V,13.6V,0.0A,0.0A,-0.2A,-0.2A,,27.2C,,,,,,,
01/02/15    13:47:09,0 days 13:44:59,0.4V,0.3V,12.9V,13.0V,0.0A,0.0A,-0.2A,-0.2A,,27.8C,,,,,,,
01/02/15    13:42:08,0 days 13:39:59,0.5V,0.3V,12.9V,13.0V,0.0A,0.0A,0.0A,-0.2A,,28.0C,,,,,,,
01/02/15    13:37:07,0 days 13:34:59,0.5V,0.3V,12.9V,13.0V,0.0A,0.0A,0.0A,-0.2A,,28.1C,,,,,,,
01/02/15    13:32:06,0 days 13:29:59,0.5V,0.3V,12.9V,13.0V,0.0A,0.0A,0.0A,0.0A,,28.2C,,,,,,,
01/02/15    13:27:05,0 days 13:24:59,0.5V,0.3V,12.9V,13.0V,0.0A,0.0A,-0.2A,-0.2A,,28.1C,,,,,,,
01/02/15    13:22:05,0 days 13:20:00,0.5V,0.3V,12.9V,13.0V,0.0A,0.0A,0.0A,-0.2A,,27.6C,,,,,,,
01/02/15    13:17:03,0 days 13:14:59,0.4V,0.3V,12.9V,13.0V,0.0A,0.0A,0.0A,-0.2A,,26.5C,,,,,,,
01/02/15    13:12:03,0 days 13:10:00,0.4V,0.3V,12.9V,13.0V,0.0A,0.0A,0.0A,-0.2A,,25.4C,,,,,,,
01/02/15    13:07:02,0 days 13:05:00,0.3V,0.3V,12.9V,13.0V,0.0A,0.0A,0.0A,-0.2A,,24.6C,,,,,,,
01/02/15    13:02:01,0 days 13:00:00,0.3V,0.3V,12.9V,13.0V,0.0A,0.0A,0.0A,-0.2A,,24.6C,,,,,,,
01/02/15    12:57:00,0 days 12:54:59,0.3V,0.3V,12.9V,13.0V,0.0A,0.0A,0.0A,0.0A,,24.6C,,,,,,,
01/02/15    12:52:00,0 days 12:50:00,0.3V,0.3V,12.9V,13.0V,0.0A,0.0A,0.0A,0.0A,,24.6C,,,,,,,
01/02/15    12:46:59,0 days 12:45:00,0.3V,0.3V,12.9V,13.0V,0.0A,0.0A,0.0A,-0.2A,,24.6C,,,,,,,
01/02/15    12:41:59,0 days 12:40:00,0.3V,0.3V,12.9V,13.0V,0.0A,0.0A,0.0A,-0.2A,,24.5C,,,,,,,
01/02/15    12:36:58,0 days 12:35:00,0.3V,0.3V,12.9V,13.0V,0.0A,0.0A,0.0A,-0.2A,,24.5C,,,,,,,
01/02/15    12:31:57,0 days 12:30:00,0.3V,0.3V,12.9V,13.0V,0.0A,0.0A,0.0A,-0.2A,,24.5C,,,,,,,
01/02/15    12:26:56,0 days 12:24:59,0.3V,0.3V,12.9V,13.0V,0.0A,0.0A,0.0A,0.0A,,24.5C,,,,,,,
01/02/15    12:21:56,0 days 12:20:00,0.3V,0.3V,12.9V,13.0V,0.0A,0.0A,0.0A,-0.2A,,24.5C,,,,,,,
01/02/15    12:16:55,0 days 12:15:00,0.3V,0.3V,12.9V,13.0V,0.0A,0.0A,0.0A,0.0A,,24.4C,,,,,,,
01/02/15    12:11:55,0 days 12:10:00,0.3V,0.3V,12.9V,13.0V,0.0A,0.0A,0.0A,-0.2A,,24.4C,,,,,,,
01/02/15    12:06:54,0 days 12:05:00,0.3V,0.3V,12.9V,13.0V,0.0A,0.0A,0.0A,-0.2A,,24.4C,,,,,,,
01/02/15    12:01:53,0 days 12:00:00,0.3V,0.3V,12.9V,13.0V,0.0A,0.0A,0.0A,-0.2A,,24.4C,,,,,,,
01/02/15    11:56:52,0 days 11:55:00,0.3V,0.3V,12.9V,13.0V,0.0A,0.0A,0.0A,-0.2A,,24.4C,,,,,,,
01/02/15    11:51:52,0 days 11:50:00,0.3V,0.3V,12.9V,13.0V,0.0A,0.0A,0.0A,0.0A,,24.4C,,,,,,,
01/02/15    11:46:51,0 days 11:45:00,0.3V,0.3V,12.9V,13.0V,0.0A,0.0A,0.0A,-0.2A,,24.4C,,,,,,,
01/02/15    11:41:50,0 days 11:40:00,0.3V,0.3V,12.9V,13.0V,0.0A,0.0A,0.0A,-0.2A,,24.4C,,,,,,,
01/02/15    11:36:49,0 days 11:35:00,0.3V,0.3V,12.9V,13.0V,0.0A,0.0A,0.0A,0.0A,,24.4C,,,,,,,
01/02/15    11:31:48,0 days 11:29:59,0.3V,0.3V,12.9V,13.0V,0.0A,0.0A,0.0A,-0.2A,,24.4C,,,,,,,
01/02/15    11:26:47,0 days 11:24:59,0.3V,0.3V,12.9V,13.0V,0.0A,0.0A,0.0A,-0.2A,,24.4C,,,,,,,
01/02/15    11:21:47,0 days 11:20:00,0.3V,0.3V,12.9V,13.0V,0.0A,0.0A,0.0A,0.0A,,24.4C,,,,,,,
01/02/15    11:16:46,0 days 11:15:00,0.3V,0.3V,12.9V,13.0V,0.0A,0.0A,0.0A,0.0A,,24.4C,,,,,,,
01/02/15    11:11:45,0 days 11:10:00,0.3V,0.3V,12.9V,13.0V,0.0A,0.0A,0.0A,-0.2A,,24.4C,,,,,,,
01/02/15    11:06:44,0 days 11:05:00,0.3V,0.3V,12.9V,13.0V,0.0A,0.0A,0.0A,-0.2A,,24.4C,,,,,,,
01/02/15    11:01:43,0 days 10:59:59,0.3V,0.3V,12.9V,13.0V,0.0A,0.0A,0.0A,-0.2A,,24.4C,,,,,,,
01/02/15    10:56:43,0 days 10:55:00,0.3V,0.3V,12.9V,13.0V,0.0A,0.0A,0.0A,-0.2A,,24.4C,,,,,,,
01/02/15    10:51:42,0 days 10:50:00,0.3V,0.3V,12.9V,13.0V,0.0A,0.0A,0.0A,0.0A,,24.4C,,,,,,,
01/02/15    10:46:41,0 days 10:45:00,0.3V,0.3V,12.9V,13.0V,0.0A,0.0A,0.0A,0.0A,,24.4C,,,,,,,
01/02/15    10:41:40,0 days 10:39:59,0.3V,0.3V,12.9V,13.0V,0.0A,0.0A,0.0A,-0.2A,,24.4C,,,,,,,
01/02/15    10:36:40,0 days 10:35:00,0.3V,0.3V,12.9V,13.0V,0.0A,0.0A,0.0A,-0.2A,,24.4C,,,,,,,
01/02/15    10:31:39,0 days 10:30:00,0.3V,0.3V,12.9V,13.0V,0.0A,0.0A,0.0A,-0.2A,,24.4C,,,,,,,
01/02/15    10:26:38,0 days 10:25:00,0.3V,0.3V,12.9V,13.0V,0.0A,0.0A,0.0A,0.0A,,24.4C,,,,,,,
01/02/15    10:21:37,0 days 10:20:00,0.3V,0.3V,12.9V,13.0V,0.0A,0.0A,0.0A,-0.2A,,24.4C,,,,,,,
01/02/15    10:16:37,0 days 10:15:00,0.3V,0.3V,12.9V,13.0V,0.0A,0.0A,0.0A,-0.2A,,24.3C,,,,,,,
01/02/15    10:11:35,0 days 10:09:59,0.3V,0.3V,12.9V,13.0V,0.0A,0.0A,0.0A,0.0A,,24.3C,,,,,,,
01/02/15    10:06:35,0 days 10:05:00,0.3V,0.3V,12.9V,13.0V,0.0A,0.0A,0.0A,-0.2A,,24.3C,,,,,,,
01/02/15    10:01:34,0 days 10:00:00,0.3V,0.3V,12.9V,13.0V,0.0A,0.0A,0.0A,-0.2A,,24.3C,,,,,,,
01/02/15    09:56:33,0 days 09:55:00,0.3V,0.3V,12.9V,13.0V,0.0A,0.0A,0.0A,0.0A,,24.3C,,,,,,,
01/02/15    09:51:32,0 days 09:49:59,0.3V,0.3V,12.9V,13.0V,0.0A,0.0A,0.0A,-0.2A,,24.3C,,,,,,,
01/02/15    09:46:32,0 days 09:45:00,0.3V,0.3V,12.9V,13.0V,0.0A,0.0A,0.0A,0.0A,,24.3C,,,,,,,
01/02/15    09:41:31,0 days 09:40:00,0.3V,0.3V,12.9V,13.0V,0.0A,0.0A,0.0A,0.0A,,24.3C,,,,,,,
01/02/15    09:36:30,0 days 09:35:00,0.3V,0.3V,12.9V,13.0V,0.0A,0.0A,0.0A,-0.2A,,24.4C,,,,,,,
01/02/15    09:31:29,0 days 09:30:00,0.3V,0.3V,12.9V,13.0V,0.0A,0.0A,0.0A,-0.2A,,24.4C,,,,,,,
01/02/15    09:26:28,0 days 09:25:00,0.3V,0.3V,12.9V,13.0V,0.0A,0.0A,0.0A,-0.2A,,24.6C,,,,,,,
01/02/15    09:21:27,0 days 09:20:00,0.3V,0.3V,12.9V,13.0V,0.0A,0.0A,0.0A,0.0A,,24.7C,,,,,,,
01/02/15    09:16:26,0 days 09:15:00,0.3V,0.3V,12.9V,13.0V,0.0A,0.0A,0.0A,0.0A,,24.8C,,,,,,,
01/02/15    09:11:25,0 days 09:10:00,0.3V,0.3V,12.9V,13.0V,0.0A,0.0A,0.0A,0.0A,,24.9C,,,,,,,
01/02/15    09:06:24,0 days 09:04:59,0.4V,0.3V,12.9V,13.0V,0.0A,0.0A,0.0A,-0.2A,,25.0C,,,,,,,
01/02/15    09:01:23,0 days 08:59:59,0.4V,0.3V,13.0V,13.0V,0.0A,0.0A,0.0A,-0.2A,,25.1C,,,,,,,
01/02/15    08:56:22,0 days 08:54:59,0.4V,0.3V,13.0V,13.0V,0.0A,0.0A,0.0A,0.0A,,25.1C,,,,,,,
01/02/15    08:51:22,0 days 08:50:00,0.4V,0.3V,13.0V,13.0V,0.0A,0.0A,0.0A,-0.2A,,25.1C,,,,,,,
01/02/15    08:46:21,0 days 08:45:00,0.4V,0.3V,13.0V,13.0V,0.0A,0.0A,0.0A,-0.2A,,25.1C,,,,,,,
01/02/15    08:41:20,0 days 08:40:00,0.4V,0.3V,13.0V,13.0V,0.0A,0.0A,0.0A,-0.2A,,25.1C,,,,,,,
01/02/15    08:36:19,0 days 08:34:59,0.4V,0.3V,13.0V,13.0V,0.0A,0.0A,0.0A,0.0A,,25.1C,,,,,,,
01/02/15    08:31:19,0 days 08:30:00,0.4V,0.3V,13.0V,13.0V,0.0A,0.0A,0.0A,0.0A,,25.1C,,,,,,,
01/02/15    08:26:18,0 days 08:25:00,0.4V,0.3V,13.0V,13.0V,0.0A,0.0A,0.0A,-0.2A,,25.2C,,,,,,,
01/02/15    08:21:17,0 days 08:20:00,0.4V,0.3V,13.0V,13.0V,0.0A,0.0A,0.0A,0.0A,,25.2C,,,,,,,
01/02/15    08:16:16,0 days 08:15:00,0.4V,0.3V,13.0V,13.0V,0.0A,0.0A,0.0A,-0.2A,,25.2C,,,,,,,
01/02/15    08:11:15,0 days 08:09:59,0.4V,0.3V,13.0V,13.0V,0.0A,0.0A,0.0A,0.0A,,25.2C,,,,,,,
01/02/15    08:06:14,0 days 08:04:59,0.4V,0.3V,13.0V,13.0V,0.0A,0.0A,0.0A,-0.2A,,25.2C,,,,,,,
01/02/15    08:01:14,0 days 08:00:00,0.4V,0.3V,13.0V,13.0V,0.0A,0.0A,0.0A,-0.2A,,25.2C,,,,,,,
01/02/15    07:56:13,0 days 07:55:00,0.4V,0.3V,13.0V,13.0V,0.0A,0.0A,0.0A,-0.2A,,25.2C,,,,,,,
01/02/15    07:51:12,0 days 07:50:00,0.4V,0.3V,13.0V,13.0V,0.0A,0.0A,0.0A,-0.2A,,25.2C,,,,,,,
01/02/15    07:46:11,0 days 07:45:00,0.4V,0.3V,13.0V,13.0V,0.0A,0.0A,0.0A,0.0A,,25.2C,,,,,,,
01/02/15    07:41:10,0 days 07:39:59,0.4V,0.3V,13.0V,13.0V,0.0A,0.0A,0.0A,-0.2A,,25.3C,,,,,,,
01/02/15    07:36:09,0 days 07:34:59,0.4V,0.3V,13.0V,13.0V,0.0A,0.0A,0.0A,-0.2A,,25.3C,,,,,,,
01/02/15    07:31:09,0 days 07:30:00,0.4V,0.3V,13.0V,13.0V,0.0A,0.0A,0.0A,-0.2A,,25.3C,,,,,,,
01/02/15    07:26:08,0 days 07:25:00,0.4V,0.3V,13.0V,13.0V,0.0A,0.0A,0.0A,-0.2A,,25.3C,,,,,,,
01/02/15    07:21:07,0 days 07:20:00,0.4V,0.3V,13.0V,13.0V,0.0A,0.0A,0.0A,0.0A,,25.3C,,,,,,,
01/02/15    07:16:06,0 days 07:15:00,0.4V,0.3V,13.0V,13.0V,0.0A,0.0A,0.0A,-0.2A,,25.3C,,,,,,,
01/02/15    07:11:05,0 days 07:09:59,0.4V,0.3V,13.0V,13.0V,0.0A,0.0A,0.0A,-0.2A,,25.3C,,,,,,,
01/02/15    07:06:04,0 days 07:04:59,0.4V,0.3V,13.0V,13.0V,0.0A,0.0A,0.0A,-0.2A,,25.3C,,,,,,,
01/02/15    07:01:04,0 days 07:00:00,0.4V,0.3V,13.0V,13.0V,0.0A,0.0A,0.0A,-0.2A,,25.3C,,,,,,,
01/02/15    06:56:03,0 days 06:55:00,0.4V,0.3V,13.0V,13.0V,0.0A,0.0A,0.0A,-0.2A,,25.3C,,,,,,,
01/02/15    06:51:02,0 days 06:50:00,0.4V,0.3V,13.0V,13.0V,0.0A,0.0A,0.0A,-0.2A,,25.3C,,,,,,,
01/02/15    06:46:01,0 days 06:44:59,0.4V,0.3V,13.0V,13.0V,0.0A,0.0A,0.0A,0.0A,,25.3C,,,,,,,
01/02/15    06:41:01,0 days 06:40:00,0.4V,0.3V,13.0V,13.0V,0.0A,0.0A,0.0A,-0.2A,,25.3C,,,,,,,
01/02/15    06:36:00,0 days 06:35:00,0.4V,0.3V,13.0V,13.0V,0.0A,0.0A,0.0A,-0.2A,,25.3C,,,,,,,
01/02/15    06:30:59,0 days 06:29:59,0.4V,0.3V,13.0V,13.0V,0.0A,0.0A,0.0A,0.0A,,25.3C,,,,,,,
01/02/15    06:25:59,0 days 06:25:00,0.4V,0.3V,13.0V,13.0V,0.0A,0.0A,0.0A,-0.2A,,25.3C,,,,,,,
01/02/15    06:20:58,0 days 06:20:00,0.4V,0.3V,13.0V,13.0V,0.0A,0.0A,0.0A,0.0A,,25.3C,,,,,,,
01/02/15    06:15:57,0 days 06:15:00,0.4V,0.3V,13.0V,13.0V,0.0A,0.0A,0.0A,0.0A,,25.3C,,,,,,,
01/02/15    06:10:56,0 days 06:10:00,0.4V,0.3V,13.0V,13.1V,0.0A,0.0A,0.0A,-0.2A,,25.3C,,,,,,,
01/02/15    06:05:55,0 days 06:05:00,0.4V,0.3V,13.0V,13.1V,0.0A,0.0A,0.0A,-0.2A,,25.3C,,,,,,,
01/02/15    06:00:54,0 days 06:00:00,0.4V,0.3V,13.0V,13.1V,0.0A,0.0A,0.0A,-0.2A,,25.3C,,,,,,,
01/02/15    05:55:54,0 days 05:55:00,0.4V,0.3V,13.0V,13.1V,0.0A,0.0A,0.0A,-0.2A,,25.3C,,,,,,,
01/02/15    05:50:53,0 days 05:50:00,0.4V,0.3V,13.0V,13.1V,0.0A,0.0A,0.0A,-0.2A,,25.2C,,,,,,,
01/02/15    05:45:52,0 days 05:45:00,0.4V,0.3V,13.0V,13.1V,0.0A,0.0A,0.0A,-0.2A,,25.2C,,,,,,,
01/02/15    05:40:51,0 days 05:40:00,0.4V,0.3V,13.0V,13.1V,0.0A,0.0A,0.0A,0.0A,,25.2C,,,,,,,
01/02/15    05:35:51,0 days 05:35:00,0.4V,0.3V,13.0V,13.1V,0.0A,0.0A,0.0A,0.0A,,25.2C,,,,,,,
01/02/15    05:30:50,0 days 05:30:00,0.4V,0.3V,13.0V,13.1V,0.0A,0.0A,0.0A,0.0A,,25.1C,,,,,,,
01/02/15    05:25:49,0 days 05:25:00,0.4V,0.3V,13.0V,13.1V,0.0A,0.0A,0.0A,-0.2A,,25.1C,,,,,,,
01/02/15    05:20:48,0 days 05:19:59,0.4V,0.3V,13.0V,13.1V,0.0A,0.0A,0.0A,0.0A,,25.1C,,,,,,,
01/02/15    05:15:48,0 days 05:15:00,0.4V,0.3V,13.0V,13.1V,0.0A,0.0A,0.0A,-0.2A,,25.1C,,,,,,,
01/02/15    05:10:47,0 days 05:10:00,0.4V,0.3V,13.0V,13.1V,0.0A,0.0A,0.0A,-0.2A,,25.0C,,,,,,,
01/02/15    05:05:46,0 days 05:05:00,0.4V,0.3V,13.0V,13.1V,0.0A,0.0A,0.0A,-0.2A,,25.0C,,,,,,,
01/02/15    05:00:45,0 days 04:59:59,0.4V,0.3V,13.0V,13.1V,0.0A,0.0A,0.0A,0.0A,,25.0C,,,,,,,
01/02/15    04:55:45,0 days 04:55:00,0.4V,0.3V,13.0V,13.1V,0.0A,0.0A,0.0A,-0.2A,,24.9C,,,,,,,
01/02/15    04:50:44,0 days 04:50:00,0.4V,0.3V,13.0V,13.1V,0.0A,0.0A,0.0A,0.0A,,24.9C,,,,,,,
01/02/15    04:45:43,0 days 04:45:00,0.4V,0.3V,13.0V,13.1V,0.0A,0.0A,0.0A,-0.2A,,24.8C,,,,,,,
01/02/15    04:40:42,0 days 04:39:59,0.4V,0.3V,13.0V,13.1V,0.0A,0.0A,0.0A,-0.2A,,24.8C,,,,,,,
01/02/15    04:35:42,0 days 04:35:00,0.4V,0.3V,13.0V,13.1V,0.0A,0.0A,0.0A,-0.2A,,24.8C,,,,,,,
01/02/15    04:30:41,0 days 04:30:00,0.4V,0.3V,13.0V,13.1V,0.0A,0.0A,0.0A,0.0A,,24.7C,,,,,,,
01/02/15    04:25:40,0 days 04:24:59,0.4V,0.3V,13.0V,13.1V,0.0A,0.0A,0.0A,-0.2A,,24.7C,,,,,,,
01/02/15    04:20:40,0 days 04:20:00,0.3V,0.3V,13.0V,13.1V,0.0A,0.0A,0.0A,0.0A,,24.7C,,,,,,,
01/02/15    04:15:39,0 days 04:15:00,0.3V,0.3V,13.0V,13.1V,0.0A,0.0A,0.0A,-0.2A,,24.7C,,,,,,,
01/02/15    04:10:38,0 days 04:09:59,0.3V,0.3V,13.0V,13.1V,0.0A,0.0A,0.0A,-0.2A,,24.7C,,,,,,,
01/02/15    04:05:37,0 days 04:04:59,0.4V,0.3V,13.0V,13.1V,0.0A,0.0A,0.0A,0.0A,,24.8C,,,,,,,
01/02/15    04:00:37,0 days 04:00:00,0.4V,0.3V,13.0V,13.1V,0.0A,0.0A,0.0A,-0.2A,,24.8C,,,,,,,
01/02/15    03:55:36,0 days 03:55:00,0.4V,0.3V,13.0V,13.1V,0.0A,0.0A,0.0A,-0.2A,,24.8C,,,,,,,
01/02/15    03:50:35,0 days 03:49:59,0.4V,0.3V,13.0V,13.1V,0.0A,0.0A,0.0A,-0.2A,,24.9C,,,,,,,
01/02/15    03:45:34,0 days 03:44:59,0.4V,0.3V,13.0V,13.1V,0.0A,0.0A,0.0A,-0.2A,,25.0C,,,,,,,
01/02/15    03:40:34,0 days 03:40:00,0.4V,0.3V,13.0V,13.1V,0.0A,0.0A,0.0A,-0.2A,,25.1C,,,,,,,
01/02/15    03:35:33,0 days 03:35:00,0.4V,0.3V,13.0V,13.1V,0.0A,0.0A,0.0A,-0.2A,,25.2C,,,,,,,
01/02/15    03:30:32,0 days 03:30:00,0.4V,0.3V,13.0V,13.1V,0.0A,0.0A,0.0A,-0.2A,,25.2C,,,,,,,
01/02/15    03:25:31,0 days 03:25:00,0.4V,0.3V,13.0V,13.1V,0.0A,0.0A,0.0A,-0.2A,,25.3C,,,,,,,
01/02/15    03:20:31,0 days 03:20:00,0.4V,0.3V,13.0V,13.1V,0.0A,0.0A,0.0A,0.0A,,25.5C,,,,,,,
01/02/15    03:15:29,0 days 03:14:59,0.4V,0.3V,13.0V,13.1V,0.0A,0.0A,0.0A,-0.2A,,25.6C,,,,,,,
01/02/15    03:10:29,0 days 03:10:00,0.4V,0.3V,13.0V,13.1V,0.0A,0.0A,0.0A,0.0A,,25.7C,,,,,,,
01/02/15    03:05:27,0 days 03:04:59,0.4V,0.3V,13.0V,13.1V,0.0A,0.0A,0.0A,0.0A,,25.8C,,,,,,,
01/02/15    03:00:27,0 days 03:00:00,0.4V,0.3V,13.0V,13.1V,0.0A,0.0A,0.0A,-0.2A,,25.8C,,,,,,,
01/02/15    02:55:26,0 days 02:55:00,0.4V,0.3V,13.0V,13.1V,0.0A,0.0A,0.0A,-0.2A,,25.9C,,,,,,,
01/02/15    02:50:25,0 days 02:49:59,0.4V,0.3V,13.0V,13.1V,0.0A,0.0A,0.0A,-0.2A,,25.9C,,,,,,,
01/02/15    02:45:24,0 days 02:44:59,0.4V,0.3V,13.0V,13.1V,0.0A,0.0A,0.0A,-0.2A,,26.0C,,,,,,,
01/02/15    02:40:24,0 days 02:40:00,0.4V,0.3V,13.0V,13.1V,0.0A,0.0A,0.0A,-0.2A,,26.0C,,,,,,,
01/02/15    02:35:23,0 days 02:35:00,0.4V,0.3V,13.0V,13.1V,0.0A,0.0A,0.0A,-0.2A,,26.1C,,,,,,,
01/02/15    02:30:22,0 days 02:30:00,0.5V,0.3V,13.0V,13.1V,0.0A,0.0A,0.0A,-0.2A,,26.2C,,,,,,,
01/02/15    02:25:21,0 days 02:24:59,0.5V,0.3V,13.0V,13.1V,0.0A,0.0A,0.0A,-0.2A,,26.2C,,,,,,,
01/02/15    02:20:21,0 days 02:20:00,0.6V,0.3V,13.0V,13.1V,0.0A,0.0A,0.0A,-0.2A,,26.3C,,,,,,,
01/02/15    02:15:20,0 days 02:15:00,0.6V,0.3V,13.0V,13.1V,0.0A,0.0A,0.0A,-0.2A,,26.3C,,,,,,,
01/02/15    02:10:19,0 days 02:10:00,0.6V,0.3V,13.0V,13.1V,0.0A,0.0A,0.0A,-0.2A,,26.4C,,,,,,,
01/02/15    02:05:18,0 days 02:05:00,0.6V,0.3V,13.0V,13.1V,0.0A,0.0A,-0.2A,-0.2A,,26.5C,,,,,,,
01/02/15    02:00:17,0 days 01:59:59,0.6V,0.3V,13.0V,13.1V,0.0A,0.0A,-0.2A,0.0A,,26.5C,,,,,,,
01/02/15    01:55:17,0 days 01:55:00,0.7V,0.3V,13.0V,13.1V,0.0A,0.0A,-0.2A,-0.2A,,26.6C,,,,,,,
01/02/15    01:50:16,0 days 01:50:00,0.7V,0.3V,13.0V,13.1V,0.0A,0.0A,-0.2A,-0.2A,,26.6C,,,,,,,
01/02/15    01:45:15,0 days 01:45:00,0.8V,0.3V,13.0V,13.1V,0.0A,0.0A,-0.2A,-0.2A,,26.7C,,,,,,,
01/02/15    01:40:14,0 days 01:40:00,1.2V,0.3V,13.0V,13.1V,0.0A,0.0A,-0.2A,0.0A,,26.7C,,,,,,,
01/02/15    01:35:13,0 days 01:35:00,1.5V,0.3V,13.0V,13.1V,0.0A,0.0A,0.0A,-0.2A,,26.9C,,,,,,,
01/02/15    01:30:12,0 days 01:30:00,0.6V,0.3V,12.8V,12.9V,0.0A,0.0A,0.0A,-0.2A,,27.8C,,,,,,,
01/02/15    01:25:11,0 days 01:25:00,0.7V,5.2V,13.1V,13.1V,0.0A,0.0A,0.0A,0.0A,,29.2C,,,,,,,
01/02/15    01:20:10,0 days 01:20:00,0.0V,4.7V,12.9V,13.0V,0.5A,0.0A,0.0A,-0.2A,,29.2C,,,,,,,
01/02/15    01:15:09,0 days 01:15:00,0.0V,4.7V,12.9V,13.0V,0.5A,0.0A,0.0A,0.0A,,29.3C,,,,,,,
01/02/15    01:10:07,0 days 01:09:59,0.0V,4.7V,12.9V,13.0V,0.5A,0.0A,0.0A,-0.2A,,29.3C,,,,,,,
01/02/15    01:05:06,0 days 01:05:00,0.0V,4.7V,12.9V,13.0V,0.5A,0.0A,0.0A,-0.2A,,29.3C,,,,,,,
01/02/15    01:00:05,0 days 01:00:00,0.0V,4.7V,13.0V,13.0V,0.5A,0.0A,0.0A,0.0A,,29.3C,,,,,,,
01/02/15    00:55:04,0 days 00:55:00,0.0V,4.7V,13.0V,13.0V,0.5A,0.0A,0.0A,-0.2A,,29.3C,,,,,,,
01/02/15    00:50:02,0 days 00:49:59,0.0V,4.7V,13.0V,13.0V,0.5A,0.0A,0.0A,0.0A,,29.4C,,,,,,,
01/02/15    00:45:01,0 days 00:45:00,0.0V,4.7V,13.0V,13.0V,0.5A,0.0A,0.0A,-0.2A,,29.4C,,,,,,,
01/02/15    00:40:00,0 days 00:40:00,0.0V,4.7V,13.0V,13.1V,0.5A,0.0A,0.0A,-0.2A,,29.4C,,,,,,,
01/02/15    00:34:59,0 days 00:35:00,0.0V,4.7V,13.0V,13.0V,0.5A,0.0A,0.0A,-0.2A,,29.4C,,,,,,,
01/02/15    00:29:57,0 days 00:29:59,0.0V,4.7V,13.0V,13.0V,0.5A,0.0A,0.0A,-0.2A,,29.4C,,,,,,,
01/02/15    00:24:56,0 days 00:24:59,0.0V,4.7V,13.0V,13.1V,0.5A,0.0A,0.0A,-0.2A,,29.4C,,,,,,,
01/02/15    00:19:55,0 days 00:19:59,0.0V,4.7V,13.0V,13.1V,0.5A,0.0A,0.0A,-0.2A,,29.4C,,,,,,,
01/02/15    00:14:54,0 days 00:15:00,0.0V,4.7V,13.0V,13.1V,0.5A,0.0A,0.0A,-0.2A,,29.3C,,,,,,,
01/02/15    00:09:53,0 days 00:10:00,0.0V,4.7V,13.0V,13.1V,0.5A,0.0A,0.0A,-0.2A,,29.2C,,,,,,,
01/02/15    00:04:52,0 days 00:05:00,0.0V,4.7V,12.9V,12.9V,0.5A,0.0A,0.2A,-0.2A,,29.0C,,,,,,,
01/02/15    00:00:11,System Initialized: 0003 V2.2.3k,0.0V,5.2V,13.0V,13.1V,0.0A,0.0A,0.2A,0.0A,,27.5C,,,,,,,
01/24/15    12:06:02,22 days 09:55:00,0.0V,4.7V,12.9V,13.0V,0.4A,0.0A,0.2A,0.0A,,29.4C,,,,,,,
01/24/15    12:01:00,22 days 09:49:59,0.0V,4.7V,13.0V,13.1V,0.3A,0.0A,0.0A,-0.2A,,29.4C,,,,,,,
01/24/15    11:55:59,22 days 09:44:59,0.0V,4.7V,13.0V,13.1V,0.3A,0.0A,0.0A,-0.2A,,29.5C,,,,,,,
01/24/15    11:50:58,22 days 09:40:00,0.0V,4.7V,13.0V,13.1V,0.3A,0.0A,0.0A,0.0A,,29.5C,,,,,,,
01/24/15    11:45:57,22 days 09:35:00,0.0V,4.7V,13.0V,13.1V,0.3A,0.0A,0.0A,-0.2A,,29.5C,,,,,,,
01/24/15    11:40:55,22 days 09:29:59,0.0V,4.7V,13.0V,13.1V,0.3A,0.0A,0.0A,-0.2A,,29.5C,,,,,,,
01/24/15    11:35:54,22 days 09:24:59,0.0V,4.7V,13.0V,13.1V,0.3A,0.0A,0.0A,-0.2A,,29.5C,,,,,,,
01/24/15    11:30:53,22 days 09:20:00,0.0V,4.7V,13.0V,13.1V,0.3A,0.0A,0.0A,0.0A,,29.5C,,,,,,,
01/24/15    11:25:52,22 days 09:15:00,0.0V,4.7V,13.1V,13.1V,0.3A,0.0A,0.0A,0.0A,,29.5C,,,,,,,
01/24/15    11:20:51,22 days 09:10:00,0.0V,4.7V,13.1V,13.1V,0.3A,0.0A,0.0A,-0.2A,,29.5C,,,,,,,
01/24/15    11:15:49,22 days 09:04:59,0.0V,4.7V,13.1V,13.1V,0.3A,0.0A,0.0A,-0.2A,,29.5C,,,,,,,
01/24/15    11:10:48,22 days 09:00:00,0.0V,4.7V,13.1V,13.1V,0.3A,0.0A,0.0A,-0.2A,,29.5C,,,,,,,
01/24/15    11:05:47,22 days 08:55:00,0.0V,4.7V,13.1V,13.1V,0.3A,0.0A,0.0A,-0.2A,,29.5C,,,,,,,
01/24/15    11:00:46,22 days 08:50:00,0.0V,4.7V,13.0V,13.1V,0.3A,0.0A,0.0A,-0.2A,,29.5C,,,,,,,
01/24/15    10:55:44,22 days 08:45:00,0.0V,4.7V,12.9V,13.0V,0.3A,0.0A,0.2A,0.0A,,29.5C,,,,,,,
01/24/15    10:50:43,22 days 08:40:00,0.0V,4.7V,12.9V,13.0V,0.3A,0.0A,0.2A,-0.2A,,29.5C,,,,,,,
01/24/15    10:45:41,22 days 08:34:59,0.0V,4.7V,12.8V,12.9V,0.3A,0.1A,0.2A,0.0A,,29.5C,,,,,,,
01/24/15    10:40:40,22 days 08:30:00,0.0V,4.7V,12.8V,12.9V,0.3A,0.1A,0.2A,-0.2A,,29.6C,,,,,,,
01/24/15    10:35:39,22 days 08:25:00,0.0V,4.7V,12.8V,12.9V,0.3A,0.1A,0.2A,0.0A,,29.6C,,,,,,,
01/24/15    10:30:37,22 days 08:19:59,0.0V,4.7V,12.8V,12.9V,0.3A,0.1A,0.2A,0.0A,,29.7C,,,,,,,
01/24/15    10:25:36,22 days 08:15:00,0.0V,4.7V,12.8V,12.9V,0.3A,0.1A,0.2A,-0.2A,,29.7C,,,,,,,
01/24/15    10:20:35,22 days 08:10:00,0.0V,4.7V,12.8V,12.9V,0.3A,0.1A,0.2A,-0.2A,,29.8C,,,,,,,
01/24/15    10:15:33,22 days 08:04:59,0.0V,4.7V,12.8V,12.9V,0.3A,0.1A,0.2A,-0.2A,,29.8C,,,,,,,
01/24/15    10:10:33,22 days 08:00:00,0.0V,4.7V,12.9V,13.0V,0.3A,0.0A,0.2A,0.0A,,29.9C,,,,,,,
01/24/15    10:05:31,22 days 07:55:00,0.0V,4.7V,12.9V,12.9V,0.3A,0.1A,0.2A,-0.2A,,29.9C,,,,,,,
01/24/15    10:00:30,22 days 07:50:00,0.0V,4.7V,12.9V,12.9V,0.3A,0.1A,0.2A,-0.2A,,30.0C,,,,,,,
01/24/15    09:55:28,22 days 07:44:59,0.0V,4.7V,12.9V,12.9V,0.3A,0.1A,0.2A,-0.2A,,30.0C,,,,,,,
01/24/15    09:50:27,22 days 07:40:00,0.0V,4.7V,12.8V,12.9V,0.3A,0.1A,0.2A,-0.2A,,30.0C,,,,,,,
01/24/15    09:45:25,22 days 07:34:59,0.0V,4.7V,12.8V,12.9V,0.3A,0.1A,0.2A,0.0A,,29.9C,,,,,,,
01/24/15    09:40:24,22 days 07:29:59,0.0V,4.7V,12.8V,12.9V,0.4A,0.1A,0.2A,-0.2A,,29.9C,,,,,,,
01/24/15    09:35:23,22 days 07:25:00,0.0V,4.7V,12.8V,12.9V,0.3A,0.1A,0.2A,-0.2A,,29.9C,,,,,,,
01/24/15    09:30:22,22 days 07:20:00,0.0V,4.7V,12.8V,12.9V,0.4A,0.1A,0.2A,0.0A,,29.8C,,,,,,,
01/24/15    09:25:20,22 days 07:14:59,0.0V,4.7V,12.8V,12.9V,0.4A,0.1A,0.2A,-0.2A,,29.8C,,,,,,,
01/24/15    09:20:19,22 days 07:09:59,0.0V,4.7V,12.8V,12.9V,0.4A,0.1A,0.2A,-0.2A,,29.8C,,,,,,,
01/24/15    09:15:18,22 days 07:05:00,0.0V,4.7V,12.8V,12.9V,0.4A,0.1A,0.2A,-0.2A,,29.9C,,,,,,,
01/24/15    09:10:17,22 days 07:00:00,0.2V,4.7V,12.9V,12.9V,0.4A,0.1A,0.2A,-0.2A,,29.9C,,,,,,,
01/24/15    09:05:16,22 days 06:55:00,0.6V,4.7V,13.0V,13.1V,0.4A,0.1A,0.0A,-0.2A,,30.0C,,,,,,,
01/24/15    09:00:14,22 days 06:50:00,2.1V,4.7V,13.0V,13.1V,0.4A,0.1A,0.0A,0.0A,,30.0C,,,,,,,
01/24/15    08:55:13,22 days 06:45:00,6.0V,4.7V,13.1V,13.2V,0.4A,0.0A,0.0A,-0.2A,,30.0C,,,,,,,
01/24/15    08:50:11,22 days 06:39:59,10.2V,4.7V,13.1V,13.2V,0.4A,0.0A,0.0A,-0.2A,,30.1C,,,,,,,
01/24/15    08:45:10,22 days 06:35:00,12.3V,4.7V,13.1V,13.2V,0.4A,0.0A,0.0A,-0.2A,,30.2C,,,,,,,
01/24/15    08:40:09,22 days 06:30:00,13.1V,4.7V,13.1V,13.2V,0.4A,0.0A,0.0A,-0.2A,,30.2C,,,,,,,
01/24/15    08:35:07,22 days 06:25:00,13.2V,4.7V,13.1V,13.2V,0.4A,0.0A,0.0A,0.0A,,30.3C,,,,,,,
01/24/15    08:30:06,22 days 06:20:00,13.5V,4.7V,13.1V,13.2V,0.4A,0.0A,0.0A,-0.2A,,30.4C,,,,,,,
01/24/15    08:25:05,22 days 06:15:00,13.9V,4.7V,13.3V,13.4V,0.4A,0.0A,0.0A,0.0A,,30.5C,,,,,,,
01/24/15    08:20:03,22 days 06:10:00,18.3V,4.8V,14.1V,14.2V,0.0A,0.0A,0.0A,-0.2A,,30.6C,,,,,,,
01/24/15    08:15:02,22 days 06:05:00,15.5V,5.2V,14.0V,14.1V,0.0A,0.0A,0.0A,-0.2A,,30.6C,,,,,,,
01/24/15    08:10:00,22 days 06:00:00,20.7V,5.2V,14.1V,14.2V,0.0A,0.0A,0.0A,-0.2A,,30.7C,,,,,,,
01/24/15    08:04:59,22 days 05:55:00,20.7V,5.2V,14.1V,14.2V,0.0A,0.0A,0.0A,-0.2A,,30.8C,,,,,,,
01/24/15    07:59:57,22 days 05:50:00,20.8V,5.2V,14.1V,14.2V,0.0A,0.0A,0.0A,-0.2A,,30.8C,,,,,,,
01/24/15    07:54:56,22 days 05:45:00,21.2V,5.2V,14.0V,14.1V,0.0A,0.0A,0.0A,0.0A,,30.9C,,,,,,,
01/24/15    07:49:54,22 days 05:39:59,21.3V,5.2V,14.1V,14.1V,0.0A,0.0A,0.0A,0.0A,,30.9C,,,,,,,
01/24/15    07:44:53,22 days 05:35:00,21.4V,5.2V,14.1V,14.2V,0.0A,0.0A,0.0A,-0.2A,,31.0C,,,,,,,
01/24/15    07:39:51,22 days 05:29:59,20.4V,4.7V,14.1V,14.2V,0.6A,0.0A,0.0A,-0.2A,,31.0C,,,,,,,
