02/14/15    22:38:59,43 days 19:54:59,13.6V,4.8V,12.8V,12.9V,0.1A,0.0A,0.0A,0.0A,,24.8C,,,,,,,
02/14/15    22:33:59,43 days 19:50:00,13.4V,4.8V,12.8V,12.9V,0.1A,0.0A,0.0A,-0.2A,,24.8C,,,,,,,
02/14/15    22:28:58,43 days 19:45:00,13.4V,4.8V,12.8V,12.9V,0.1A,0.0A,0.0A,-0.2A,,24.8C,,,,,,,
02/14/15    22:23:58,43 days 19:40:00,13.4V,4.8V,12.8V,12.9V,0.1A,0.0A,0.0A,-0.2A,,24.8C,,,,,,,
02/14/15    22:18:57,43 days 19:35:00,13.4V,4.8V,12.8V,12.9V,0.1A,0.0A,0.0A,0.0A,,24.8C,,,,,,,
02/14/15    22:13:56,43 days 19:29:59,13.4V,4.8V,12.8V,12.9V,0.0A,0.0A,0.0A,0.0A,,24.8C,,,,,,,
02/14/15    22:08:56,43 days 19:25:00,13.5V,4.8V,12.8V,12.9V,0.0A,0.0A,0.0A,-0.2A,,24.8C,,,,,,,
02/14/15    22:03:55,43 days 19:20:00,13.4V,4.8V,12.8V,12.9V,0.0A,0.0A,0.0A,-0.2A,,24.8C,,,,,,,
02/14/15    21:58:55,43 days 19:15:00,13.4V,4.8V,12.8V,12.9V,0.0A,0.0A,0.0A,-0.2A,,24.8C,,,,,,,
02/14/15    21:53:54,43 days 19:10:00,13.4V,4.8V,12.8V,12.9V,0.0A,0.0A,0.0A,-0.2A,,24.8C,,,,,,,
02/14/15    21:48:54,43 days 19:05:00,13.4V,4.8V,12.8V,12.9V,0.0A,0.0A,0.0A,0.0A,,24.8C,,,,,,,
02/14/15    21:43:53,43 days 19:00:00,13.4V,4.8V,12.8V,12.9V,0.1A,0.0A,0.0A,-0.2A,,24.8C,,,,,,,
02/14/15    21:38:53,43 days 18:55:00,13.4V,4.8V,12.8V,12.9V,0.1A,0.0A,0.0A,-0.2A,,24.8C,,,,,,,
02/14/15    21:33:52,43 days 18:49:59,13.5V,4.8V,12.8V,12.9V,0.1A,0.0A,0.0A,-0.2A,,24.9C,,,,,,,
02/14/15    21:28:52,43 days 18:45:00,13.4V,4.8V,12.8V,12.9V,0.1A,0.0A,0.0A,-0.2A,,24.9C,,,,,,,
02/14/15    21:23:52,43 days 18:40:00,13.4V,4.8V,12.8V,12.9V,0.1A,0.0A,0.0A,0.0A,,24.9C,,,,,,,
02/14/15    21:18:51,43 days 18:34:59,13.3V,4.8V,12.8V,12.9V,0.1A,0.0A,0.0A,-0.2A,,24.9C,,,,,,,
02/14/15    21:13:51,43 days 18:30:00,13.3V,4.8V,12.8V,12.9V,0.1A,0.0A,0.0A,-0.2A,,24.9C,,,,,,,
02/14/15    21:08:50,43 days 18:24:59,13.3V,4.8V,12.8V,12.9V,0.1A,0.0A,0.0A,0.0A,,24.9C,,,,,,,
02/14/15    21:03:50,43 days 18:20:00,13.4V,4.8V,12.8V,12.9V,0.1A,0.0A,0.0A,0.0A,,25.0C,,,,,,,
02/14/15    20:58:50,43 days 18:15:00,13.3V,4.8V,12.8V,12.9V,0.1A,0.0A,0.0A,-0.2A,,25.0C,,,,,,,
02/14/15    20:53:49,43 days 18:09:59,13.0V,4.8V,12.8V,12.9V,0.1A,0.0A,0.0A,-0.2A,,25.1C,,,,,,,
02/14/15    20:48:49,43 days 18:05:00,12.8V,4.8V,12.8V,12.9V,0.1A,0.0A,0.0A,-0.2A,,25.1C,,,,,,,
02/14/15    20:43:49,43 days 18:00:00,12.7V,4.8V,12.7V,12.8V,0.1A,0.0A,0.0A,0.0A,,25.1C,,,,,,,
02/14/15    20:38:48,43 days 17:55:00,11.2V,4.8V,12.6V,12.7V,0.0A,0.0A,0.2A,-0.2A,,25.1C,,,,,,,
02/14/15    20:33:48,43 days 17:50:00,8.8V,4.8V,12.6V,12.7V,0.1A,0.0A,0.2A,0.0A,,25.2C,,,,,,,
02/14/15    20:28:48,43 days 17:45:00,5.2V,4.8V,12.6V,12.7V,0.1A,0.0A,0.2A,0.0A,,25.2C,,,,,,,
02/14/15    20:23:47,43 days 17:40:00,3.4V,4.8V,12.6V,12.7V,0.1A,0.0A,0.2A,-0.2A,,25.2C,,,,,,,
02/14/15    20:18:47,43 days 17:35:00,1.6V,4.8V,12.6V,12.7V,0.1A,0.0A,0.2A,-0.2A,,25.2C,,,,,,,
02/14/15    20:13:46,43 days 17:30:00,0.3V,4.8V,12.8V,12.9V,0.0A,0.0A,0.0A,-0.2A,,25.3C,,,,,,,
02/14/15    20:08:46,43 days 17:25:00,0.0V,4.8V,12.8V,12.9V,0.0A,0.0A,0.0A,-0.2A,,25.3C,,,,,,,
02/14/15    20:03:45,43 days 17:20:00,0.0V,4.8V,12.8V,12.9V,0.0A,0.0A,0.0A,0.0A,,25.3C,,,,,,,
02/14/15    19:58:45,43 days 17:15:00,0.0V,4.8V,12.8V,12.9V,0.0A,0.0A,0.0A,0.0A,,25.3C,,,,,,,
02/14/15    19:53:44,43 days 17:10:00,0.0V,4.8V,12.8V,12.9V,0.0A,0.0A,0.0A,-0.2A,,25.4C,,,,,,,
02/14/15    19:48:44,43 days 17:05:00,0.0V,4.8V,12.8V,12.9V,0.0A,0.0A,0.0A,-0.2A,,25.4C,,,,,,,
02/14/15    19:43:43,43 days 17:00:00,0.0V,4.8V,12.8V,12.9V,0.0A,0.0A,0.0A,0.0A,,25.4C,,,,,,,
02/14/15    19:38:43,43 days 16:55:00,0.0V,4.8V,12.8V,12.9V,0.0A,0.0A,0.0A,0.0A,,25.4C,,,,,,,
02/14/15    19:33:42,43 days 16:50:00,0.0V,4.8V,12.8V,12.9V,0.0A,0.0A,0.0A,0.0A,,25.5C,,,,,,,
02/14/15    19:28:42,43 days 16:45:00,0.0V,4.8V,12.8V,12.9V,0.0A,0.0A,0.0A,-0.2A,,25.5C,,,,,,,
02/14/15    19:23:41,43 days 16:40:00,0.0V,4.8V,12.8V,12.9V,0.0A,0.0A,0.0A,-0.2A,,25.5C,,,,,,,
02/14/15    19:18:40,43 days 16:35:00,0.0V,4.8V,12.8V,12.9V,0.0A,0.0A,0.0A,-0.2A,,25.5C,,,,,,,
02/14/15    19:13:39,43 days 16:29:59,0.0V,4.8V,12.8V,12.9V,0.0A,0.0A,0.0A,0.0A,,25.6C,,,,,,,
02/14/15    19:08:39,43 days 16:25:00,0.0V,4.8V,12.8V,12.9V,0.0A,0.0A,0.0A,-0.2A,,25.6C,,,,,,,
02/14/15    19:03:38,43 days 16:19:59,0.0V,4.8V,12.8V,12.9V,0.0A,0.0A,0.0A,-0.2A,,25.6C,,,,,,,
02/14/15    18:58:38,43 days 16:15:00,0.0V,4.8V,12.8V,12.9V,0.0A,0.0A,0.0A,-0.2A,,25.6C,,,,,,,
02/14/15    18:53:37,43 days 16:10:00,0.0V,4.8V,12.8V,12.9V,0.0A,0.0A,0.0A,-0.2A,,25.6C,,,,,,,
02/14/15    18:48:37,43 days 16:05:00,0.0V,4.8V,12.8V,12.9V,0.0A,0.0A,0.0A,-0.2A,,25.6C,,,,,,,
02/14/15    18:43:36,43 days 16:00:00,0.0V,4.8V,12.8V,12.9V,0.0A,0.0A,0.0A,-0.2A,,25.6C,,,,,,,
02/14/15    18:38:36,43 days 15:55:00,0.0V,4.8V,12.8V,12.9V,0.0A,0.0A,0.0A,0.0A,,25.7C,,,,,,,
02/14/15    18:33:35,43 days 15:50:00,0.0V,4.8V,12.8V,12.9V,0.0A,0.0A,0.0A,-0.2A,,25.7C,,,,,,,
02/14/15    18:28:35,43 days 15:45:00,0.0V,4.8V,12.8V,12.9V,0.0A,0.0A,0.0A,-0.2A,,25.7C,,,,,,,
02/14/15    18:23:34,43 days 15:40:00,0.0V,4.8V,12.8V,12.9V,0.0A,0.0A,0.0A,-0.2A,,25.7C,,,,,,,
02/14/15    18:18:34,43 days 15:35:00,0.0V,4.8V,12.9V,12.9V,0.0A,0.0A,0.0A,-0.2A,,25.7C,,,,,,,
02/14/15    18:13:33,43 days 15:29:59,0.0V,4.8V,12.9V,12.9V,0.0A,0.0A,0.0A,-0.2A,,25.7C,,,,,,,
02/14/15    18:08:33,43 days 15:25:00,0.0V,4.8V,12.9V,12.9V,0.0A,0.0A,0.0A,0.0A,,25.7C,,,,,,,
02/14/15    18:03:32,43 days 15:20:00,0.0V,4.8V,12.9V,12.9V,0.0A,0.0A,0.0A,0.0A,,25.7C,,,,,,,
02/14/15    17:58:31,43 days 15:14:59,0.0V,4.8V,12.9V,12.9V,0.0A,0.0A,0.0A,-0.2A,,25.7C,,,,,,,
02/14/15    17:53:31,43 days 15:10:00,0.0V,4.8V,12.9V,12.9V,0.0A,0.0A,0.0A,0.0A,,25.7C,,,,,,,
02/14/15    17:48:30,43 days 15:05:00,0.0V,4.8V,12.9V,12.9V,0.0A,0.0A,0.0A,-0.2A,,25.7C,,,,,,,
02/14/15    17:43:30,43 days 15:00:00,0.0V,4.8V,12.9V,12.9V,0.0A,0.0A,0.0A,-0.2A,,25.7C,,,,,,,
02/14/15    17:38:29,43 days 14:55:00,0.0V,4.8V,12.9V,12.9V,0.0A,0.0A,0.0A,-0.2A,,25.8C,,,,,,,
02/14/15    17:33:28,43 days 14:49:59,0.0V,4.8V,12.9V,12.9V,0.0A,0.0A,0.0A,-0.2A,,25.8C,,,,,,,
02/14/15    17:28:28,43 days 14:45:00,0.0V,4.8V,12.9V,12.9V,0.0A,0.0A,0.0A,-0.2A,,25.8C,,,,,,,
02/14/15    17:23:27,43 days 14:39:59,0.0V,4.8V,12.9V,12.9V,0.0A,0.0A,0.0A,-0.2A,,25.8C,,,,,,,
02/14/15    17:18:27,43 days 14:35:00,0.0V,4.8V,12.9V,12.9V,0.0A,0.0A,0.0A,0.0A,,25.8C,,,,,,,
02/14/15    17:13:26,43 days 14:29:59,0.0V,4.8V,12.9V,13.0V,0.0A,0.0A,0.0A,-0.2A,,25.8C,,,,,,,
02/14/15    17:08:26,43 days 14:25:00,0.0V,4.8V,12.9V,12.9V,0.0A,0.0A,0.0A,-0.2A,,25.8C,,,,,,,
02/14/15    17:03:25,43 days 14:20:00,0.0V,4.8V,12.9V,13.0V,0.0A,0.0A,0.0A,-0.2A,,25.8C,,,,,,,
02/14/15    16:58:25,43 days 14:15:00,0.0V,4.8V,12.9V,13.0V,0.0A,0.0A,0.0A,0.0A,,25.8C,,,,,,,
02/14/15    16:53:24,43 days 14:10:00,0.0V,4.8V,12.9V,13.0V,0.0A,0.0A,0.0A,-0.2A,,25.8C,,,,,,,
02/14/15    16:48:23,43 days 14:04:59,0.0V,4.8V,12.9V,13.0V,0.0A,0.0A,0.0A,-0.2A,,25.8C,,,,,,,
02/14/15    16:43:23,43 days 14:00:00,0.0V,4.8V,12.9V,13.0V,0.0A,0.0A,0.0A,-0.2A,,25.8C,,,,,,,
02/14/15    16:38:22,43 days 13:54:59,0.0V,4.8V,12.9V,13.0V,0.0A,0.0A,0.0A,-0.2A,,25.8C,,,,,,,
02/14/15    16:33:22,43 days 13:50:00,0.0V,4.8V,12.9V,13.0V,0.0A,0.0A,0.0A,0.0A,,25.9C,,,,,,,
02/14/15    16:28:22,43 days 13:45:00,0.0V,4.8V,12.9V,13.0V,0.0A,0.0A,0.0A,-0.2A,,25.9C,,,,,,,
02/14/15    16:23:21,43 days 13:40:00,0.0V,4.8V,12.9V,13.0V,0.0A,0.0A,0.0A,-0.2A,,25.9C,,,,,,,
02/14/15    16:18:21,43 days 13:35:00,0.0V,4.8V,12.9V,13.0V,0.0A,0.0A,0.0A,-0.2A,,25.9C,,,,,,,
02/14/15    16:13:20,43 days 13:29:59,0.0V,4.8V,12.9V,13.0V,0.0A,0.0A,0.0A,0.0A,,25.9C,,,,,,,
02/14/15    16:08:20,43 days 13:25:00,0.0V,4.8V,12.9V,13.0V,0.0A,0.0A,0.0A,-0.2A,,25.9C,,,,,,,
02/14/15    16:03:19,43 days 13:19:59,0.0V,4.8V,12.9V,13.0V,0.0A,0.0A,0.0A,-0.2A,,25.9C,,,,,,,
02/14/15    15:58:19,43 days 13:15:00,0.0V,4.8V,12.9V,13.0V,0.0A,0.0A,0.0A,0.0A,,25.9C,,,,,,,
02/14/15    15:53:18,43 days 13:09:59,0.0V,4.8V,12.9V,13.0V,0.0A,0.0A,0.0A,-0.2A,,25.9C,,,,,,,
02/14/15    15:48:18,43 days 13:05:00,0.0V,4.8V,12.9V,13.0V,0.0A,0.0A,0.0A,-0.2A,,26.0C,,,,,,,
02/14/15    15:43:17,43 days 12:59:59,0.0V,4.8V,12.9V,13.0V,0.0A,0.0A,0.0A,-0.2A,,26.0C,,,,,,,
02/14/15    15:38:17,43 days 12:55:00,0.0V,4.8V,12.9V,13.0V,0.0A,0.0A,0.0A,-0.2A,,26.0C,,,,,,,
02/14/15    15:33:16,43 days 12:50:00,0.0V,4.8V,12.9V,13.0V,0.0A,0.0A,0.0A,-0.2A,,26.0C,,,,,,,
02/14/15    15:28:16,43 days 12:45:00,0.0V,4.8V,12.9V,13.0V,0.0A,0.0A,0.0A,0.0A,,26.0C,,,,,,,
02/14/15    15:23:15,43 days 12:40:00,0.0V,4.8V,12.9V,13.0V,0.0A,0.0A,0.0A,-0.2A,,26.0C,,,,,,,
02/14/15    15:18:15,43 days 12:35:00,0.0V,4.8V,12.9V,13.0V,0.0A,0.0A,0.0A,-0.2A,,26.0C,,,,,,,
02/14/15    15:13:14,43 days 12:30:00,0.0V,4.8V,12.9V,13.0V,0.0A,0.0A,0.0A,0.0A,,26.0C,,,,,,,
02/14/15    15:08:13,43 days 12:24:59,0.0V,4.8V,12.9V,13.0V,0.0A,0.0A,0.0A,-0.2A,,26.0C,,,,,,,
02/14/15    15:03:13,43 days 12:20:00,0.0V,4.8V,12.9V,13.0V,0.0A,0.0A,0.0A,-0.2A,,26.0C,,,,,,,
02/14/15    14:58:12,43 days 12:15:00,0.0V,4.8V,12.9V,13.0V,0.0A,0.0A,0.0A,0.0A,,26.1C,,,,,,,
02/14/15    14:53:11,43 days 12:09:59,0.0V,4.8V,12.9V,13.0V,0.0A,0.0A,0.0A,-0.2A,,26.1C,,,,,,,
02/14/15    14:48:11,43 days 12:05:00,0.0V,4.8V,12.9V,13.0V,0.0A,0.0A,0.0A,0.0A,,26.1C,,,,,,,
02/14/15    14:43:10,43 days 11:59:59,0.0V,4.8V,12.9V,13.0V,0.0A,0.0A,0.0A,-0.2A,,26.1C,,,,,,,
02/14/15    14:38:10,43 days 11:55:00,0.0V,4.8V,12.9V,13.0V,0.0A,0.0A,0.0A,-0.2A,,26.1C,,,,,,,
02/14/15    14:33:09,43 days 11:50:00,0.0V,4.8V,12.9V,13.0V,0.0A,0.0A,0.0A,0.0A,,26.1C,,,,,,,
02/14/15    14:28:09,43 days 11:45:00,0.0V,4.8V,12.9V,13.0V,0.0A,0.0A,0.0A,-0.2A,,26.1C,,,,,,,
02/14/15    14:23:08,43 days 11:40:00,0.0V,4.8V,12.9V,13.0V,0.0A,0.0A,0.0A,0.0A,,26.1C,,,,,,,
02/14/15    14:18:07,43 days 11:35:00,0.0V,4.8V,12.9V,13.0V,0.0A,0.0A,0.0A,0.0A,,26.1C,,,,,,,
02/14/15    14:13:07,43 days 11:30:00,0.0V,4.8V,12.9V,13.0V,0.0A,0.0A,0.0A,0.0A,,26.1C,,,,,,,
02/14/15    14:08:06,43 days 11:25:00,0.0V,4.8V,12.9V,13.0V,0.0A,0.0A,0.0A,-0.2A,,26.2C,,,,,,,
02/14/15    14:03:05,43 days 11:20:00,0.0V,4.8V,12.9V,13.0V,0.0A,0.0A,0.0A,0.0A,,26.2C,,,,,,,
02/14/15    13:58:05,43 days 11:15:00,0.0V,4.8V,12.9V,13.0V,0.0A,0.0A,0.0A,0.0A,,26.2C,,,,,,,
02/14/15    13:53:04,43 days 11:10:00,0.0V,4.8V,12.9V,13.0V,0.0A,0.0A,-0.2A,-0.2A,,26.2C,,,,,,,
02/14/15    13:48:03,43 days 11:04:59,0.0V,4.8V,12.9V,13.0V,0.0A,0.0A,0.0A,-0.2A,,26.2C,,,,,,,
02/14/15    13:43:03,43 days 11:00:00,0.0V,4.8V,12.9V,13.0V,0.0A,0.0A,0.0A,0.0A,,26.2C,,,,,,,
02/14/15    13:38:02,43 days 10:54:59,0.0V,4.8V,12.9V,13.0V,0.0A,0.0A,-0.2A,-0.2A,,26.2C,,,,,,,
02/14/15    13:33:02,43 days 10:50:00,0.0V,4.8V,12.9V,13.0V,0.0A,0.0A,-0.2A,0.0A,,26.2C,,,,,,,
02/14/15    13:28:01,43 days 10:45:00,0.0V,4.8V,12.9V,13.0V,0.0A,0.0A,-0.2A,0.0A,,26.2C,,,,,,,
02/14/15    13:23:01,43 days 10:40:00,0.0V,4.8V,12.9V,13.0V,0.0A,0.0A,0.0A,-0.2A,,26.2C,,,,,,,
02/14/15    13:18:00,43 days 10:35:00,0.0V,4.8V,12.9V,13.0V,0.0A,0.0A,0.0A,-0.2A,,26.2C,,,,,,,
02/14/15    13:13:00,43 days 10:30:00,0.0V,4.8V,12.9V,13.0V,0.0A,0.0A,0.0A,-0.2A,,26.2C,,,,,,,
02/14/15    13:07:59,43 days 10:25:00,0.0V,4.8V,12.9V,13.0V,0.0A,0.0A,0.0A,-0.2A,,26.2C,,,,,,,
02/14/15    13:02:59,43 days 10:20:00,0.0V,4.8V,12.9V,13.0V,0.0A,0.0A,-0.2A,-0.2A,,26.2C,,,,,,,
02/14/15    12:57:58,43 days 10:14:59,0.0V,4.8V,12.9V,13.0V,0.0A,0.0A,0.0A,-0.2A,,26.2C,,,,,,,
02/14/15    12:52:58,43 days 10:10:00,0.0V,4.8V,12.9V,13.0V,0.0A,0.0A,0.0A,-0.2A,,26.2C,,,,,,,
02/14/15    12:47:57,43 days 10:04:59,0.0V,4.8V,12.9V,13.0V,0.0A,0.0A,-0.2A,0.0A,,26.2C,,,,,,,
02/14/15    12:42:57,43 days 10:00:00,0.0V,4.8V,12.9V,13.0V,0.0A,0.0A,-0.2A,-0.2A,,26.2C,,,,,,,
02/14/15    12:37:56,43 days 09:54:59,0.0V,4.8V,12.9V,13.0V,0.0A,0.0A,0.0A,0.0A,,26.2C,,,,,,,
02/14/15    12:32:56,43 days 09:50:00,0.0V,4.8V,12.9V,13.0V,0.0A,0.0A,0.0A,-0.2A,,26.2C,,,,,,,
02/14/15    12:27:55,43 days 09:44:59,0.0V,4.8V,12.9V,13.0V,0.0A,0.0A,0.0A,-0.2A,,26.2C,,,,,,,
02/14/15    12:22:55,43 days 09:40:00,0.0V,4.8V,12.9V,13.0V,0.0A,0.0A,0.0A,-0.2A,,26.2C,,,,,,,
02/14/15    12:17:54,43 days 09:34:59,0.0V,4.8V,12.9V,13.0V,0.0A,0.0A,-0.2A,-0.2A,,26.2C,,,,,,,
02/14/15    12:12:54,43 days 09:30:00,0.0V,4.8V,12.9V,13.0V,0.0A,0.0A,0.0A,-0.2A,,26.2C,,,,,,,
02/14/15    12:07:53,43 days 09:24:59,0.0V,4.8V,12.9V,13.0V,0.0A,0.0A,0.0A,-0.2A,,26.2C,,,,,,,
02/14/15    12:02:53,43 days 09:20:00,0.0V,4.8V,12.9V,13.0V,0.0A,0.0A,0.0A,-0.2A,,26.2C,,,,,,,
02/14/15    11:57:53,43 days 09:15:00,0.0V,4.8V,12.9V,13.0V,0.0A,0.0A,0.0A,-0.2A,,26.2C,,,,,,,
02/14/15    11:52:52,43 days 09:10:00,0.0V,4.8V,12.9V,13.0V,0.0A,0.0A,0.0A,-0.2A,,26.2C,,,,,,,
02/14/15    11:47:52,43 days 09:05:00,0.0V,4.8V,12.9V,13.0V,0.0A,0.0A,0.0A,-0.2A,,26.2C,,,,,,,
02/14/15    11:42:51,43 days 09:00:00,0.0V,4.8V,12.9V,13.0V,0.0A,0.0A,0.0A,-0.2A,,26.2C,,,,,,,
02/14/15    11:37:51,43 days 08:55:00,0.0V,4.8V,12.9V,13.0V,0.0A,0.0A,0.0A,-0.2A,,26.2C,,,,,,,
02/14/15    11:32:50,43 days 08:50:00,0.0V,4.8V,12.9V,13.0V,0.0A,0.0A,0.0A,0.0A,,26.2C,,,,,,,
02/14/15    11:27:49,43 days 08:45:00,0.0V,4.8V,12.9V,13.0V,0.0A,0.0A,0.0A,-0.2A,,26.2C,,,,,,,
02/14/15    11:22:48,43 days 08:39:59,0.0V,4.8V,12.9V,13.0V,0.0A,0.0A,-0.2A,-0.2A,,26.2C,,,,,,,
02/14/15    11:17:48,43 days 08:35:00,0.0V,4.8V,12.9V,13.0V,0.0A,0.0A,0.0A,0.0A,,26.2C,,,,,,,
02/14/15    11:12:47,43 days 08:29:59,0.0V,4.8V,12.9V,13.0V,0.0A,0.0A,0.0A,0.0A,,26.2C,,,,,,,
02/14/15    11:07:47,43 days 08:25:00,0.0V,4.8V,12.9V,13.0V,0.0A,0.0A,-0.2A,-0.2A,,26.2C,,,,,,,
02/14/15    11:02:46,43 days 08:19:59,0.0V,4.8V,12.9V,13.0V,0.0A,0.0A,0.0A,-0.2A,,26.2C,,,,,,,
02/14/15    10:57:46,43 days 08:15:00,0.0V,4.8V,12.9V,13.0V,0.0A,0.0A,0.0A,0.0A,,26.2C,,,,,,,
02/14/15    10:52:45,43 days 08:09:59,0.0V,4.8V,12.9V,13.0V,0.0A,0.0A,0.0A,0.0A,,26.2C,,,,,,,
02/14/15    10:47:45,43 days 08:05:00,0.0V,4.8V,12.9V,13.0V,0.0A,0.0A,0.0A,-0.2A,,26.2C,,,,,,,
02/14/15    10:42:44,43 days 07:59:59,0.0V,4.8V,12.9V,13.0V,0.0A,0.0A,-0.2A,0.0A,,26.2C,,,,,,,
02/14/15    10:37:44,43 days 07:55:00,0.0V,4.8V,12.9V,13.0V,0.0A,0.0A,0.0A,-0.2A,,26.2C,,,,,,,
02/14/15    10:32:43,43 days 07:49:59,0.0V,4.8V,12.9V,13.0V,0.0A,0.0A,0.0A,-0.2A,,26.2C,,,,,,,
02/14/15    10:27:43,43 days 07:45:00,0.0V,4.8V,12.9V,13.0V,0.1A,0.0A,-0.2A,0.0A,,26.2C,,,,,,,
02/14/15    10:22:42,43 days 07:40:00,0.0V,4.8V,12.9V,13.0V,0.1A,0.0A,0.0A,-0.2A,,26.2C,,,,,,,
02/14/15    10:17:42,43 days 07:35:00,0.0V,4.8V,12.9V,13.0V,0.1A,0.0A,0.0A,-0.2A,,26.2C,,,,,,,
02/14/15    10:12:41,43 days 07:30:00,0.0V,4.8V,12.9V,13.0V,0.1A,0.0A,0.0A,-0.2A,,26.1C,,,,,,,
02/14/15    10:07:41,43 days 07:25:00,0.0V,4.8V,12.9V,13.0V,0.1A,0.0A,0.0A,0.0A,,26.1C,,,,,,,
02/14/15    10:02:40,43 days 07:20:00,0.0V,4.8V,12.9V,13.0V,0.1A,0.0A,0.0A,-0.2A,,26.1C,,,,,,,
02/14/15    09:57:40,43 days 07:15:00,0.0V,4.8V,12.9V,13.0V,0.1A,0.0A,0.0A,-0.2A,,26.1C,,,,,,,
02/14/15    09:52:39,43 days 07:10:00,0.0V,4.8V,12.9V,13.0V,0.1A,0.0A,0.0A,-0.2A,,26.1C,,,,,,,
02/14/15    09:47:39,43 days 07:05:00,0.0V,4.8V,12.9V,13.0V,0.1A,0.0A,0.0A,0.0A,,26.1C,,,,,,,
02/14/15    09:42:38,43 days 07:00:00,0.0V,4.8V,12.9V,13.0V,0.1A,0.0A,0.0A,0.0A,,26.0C,,,,,,,
02/14/15    09:37:38,43 days 06:55:00,0.0V,4.8V,12.8V,12.9V,0.1A,0.1A,0.0A,-0.2A,,26.0C,,,,,,,
02/14/15    09:32:37,43 days 06:50:00,0.0V,4.8V,12.8V,12.8V,0.1A,0.0A,0.2A,-0.2A,,26.0C,,,,,,,
02/14/15    09:27:37,43 days 06:45:00,0.0V,4.8V,12.8V,12.8V,0.1A,0.0A,0.2A,0.0A,,25.9C,,,,,,,
02/14/15    09:22:36,43 days 06:39:59,0.0V,4.8V,12.8V,12.8V,0.1A,0.0A,0.2A,-0.2A,,25.9C,,,,,,,
02/14/15    09:17:36,43 days 06:35:00,0.0V,4.8V,12.8V,12.8V,0.1A,0.0A,0.2A,-0.2A,,25.9C,,,,,,,
02/14/15    09:12:36,43 days 06:30:00,0.0V,4.8V,12.7V,12.8V,0.1A,0.0A,0.2A,-0.2A,,25.9C,,,,,,,
02/14/15    09:07:35,43 days 06:25:00,0.0V,4.8V,12.8V,12.8V,0.0A,0.0A,0.2A,-0.2A,,25.9C,,,,,,,
02/14/15    09:02:35,43 days 06:20:00,0.1V,4.8V,12.8V,12.8V,0.0A,0.0A,0.2A,0.0A,,25.9C,,,,,,,
02/14/15    08:57:34,43 days 06:14:59,0.5V,4.8V,12.8V,12.8V,0.0A,0.0A,0.2A,-0.2A,,26.0C,,,,,,,
02/14/15    08:52:34,43 days 06:10:00,0.9V,4.8V,12.8V,12.8V,0.0A,0.0A,0.2A,-0.2A,,26.0C,,,,,,,
02/14/15    08:47:33,43 days 06:04:59,1.8V,4.8V,12.8V,12.8V,0.0A,0.0A,0.2A,0.0A,,26.0C,,,,,,,
02/14/15    08:42:33,43 days 06:00:00,6.1V,4.8V,12.9V,13.0V,0.0A,0.0A,0.0A,-0.2A,,26.0C,,,,,,,
02/14/15    08:37:32,43 days 05:54:59,7.6V,4.8V,12.9V,13.0V,0.0A,0.0A,0.0A,-0.2A,,26.0C,,,,,,,
02/14/15    08:32:32,43 days 05:50:00,7.0V,4.8V,12.9V,13.0V,0.0A,0.0A,0.0A,-0.2A,,26.0C,,,,,,,
02/14/15    08:27:31,43 days 05:44:59,6.4V,4.8V,12.9V,13.0V,0.0A,0.0A,0.0A,-0.2A,,26.0C,,,,,,,
02/14/15    08:22:31,43 days 05:40:00,6.3V,4.8V,12.8V,12.8V,0.0A,0.0A,0.2A,-0.2A,,26.0C,,,,,,,
02/14/15    08:17:30,43 days 05:34:59,6.4V,4.8V,12.8V,12.8V,0.0A,0.0A,0.2A,0.0A,,26.1C,,,,,,,
02/14/15    08:12:30,43 days 05:30:00,6.9V,4.8V,12.8V,12.8V,0.0A,0.0A,0.2A,-0.2A,,26.1C,,,,,,,
02/14/15    08:07:29,43 days 05:24:59,9.8V,4.8V,12.8V,12.9V,0.0A,0.0A,0.2A,0.0A,,26.1C,,,,,,,
02/14/15    08:02:29,43 days 05:20:00,10.0V,4.8V,12.9V,13.0V,0.0A,0.0A,0.0A,0.0A,,26.1C,,,,,,,
02/14/15    07:57:28,43 days 05:14:59,12.8V,4.8V,12.9V,13.0V,0.0A,0.0A,0.0A,-0.2A,,26.1C,,,,,,,
02/14/15    07:52:28,43 days 05:10:00,13.0V,4.8V,12.9V,13.0V,0.0A,0.0A,0.0A,-0.2A,,26.1C,,,,,,,
02/14/15    07:47:27,43 days 05:04:59,13.0V,4.8V,12.9V,13.0V,0.0A,0.0A,0.0A,-0.2A,,26.1C,,,,,,,
02/14/15    07:42:27,43 days 05:00:00,13.1V,4.8V,12.9V,13.0V,0.1A,0.0A,0.0A,-0.2A,,26.1C,,,,,,,
02/14/15    07:37:26,43 days 04:54:59,13.1V,4.8V,12.9V,13.0V,0.2A,0.0A,0.0A,-0.2A,,26.1C,,,,,,,
02/14/15    07:32:26,43 days 04:50:00,13.1V,4.8V,12.9V,13.0V,0.1A,0.0A,0.0A,0.0A,,26.1C,,,,,,,
02/14/15    07:27:26,43 days 04:45:00,13.0V,4.8V,12.9V,13.0V,0.2A,0.0A,0.0A,-0.2A,,26.1C,,,,,,,
02/14/15    07:22:25,43 days 04:40:00,13.5V,4.8V,12.9V,13.0V,0.1A,0.0A,0.0A,0.0A,,26.1C,,,,,,,
02/14/15    07:17:24,43 days 04:34:59,13.5V,4.8V,12.9V,13.0V,0.1A,0.0A,0.0A,-0.2A,,26.1C,,,,,,,
02/14/15    07:12:24,43 days 04:30:00,13.5V,4.8V,12.9V,13.0V,0.2A,0.0A,0.0A,-0.2A,,26.1C,,,,,,,
02/14/15    07:07:23,43 days 04:24:59,13.5V,4.8V,12.9V,13.0V,0.1A,0.0A,0.0A,-0.2A,,26.1C,,,,,,,
02/14/15    07:02:23,43 days 04:20:00,13.5V,4.8V,12.9V,13.0V,0.2A,0.0A,0.0A,0.0A,,26.1C,,,,,,,
02/14/15    06:57:23,43 days 04:15:00,13.5V,4.8V,12.9V,13.0V,0.2A,0.0A,0.0A,0.0A,,26.1C,,,,,,,
02/14/15    06:52:22,43 days 04:10:00,13.5V,4.8V,12.9V,13.0V,0.1A,0.0A,0.0A,0.0A,,26.1C,,,,,,,
02/14/15    06:47:22,43 days 04:05:00,13.5V,4.8V,12.9V,13.0V,0.0A,0.0A,0.0A,0.0A,,26.1C,,,,,,,
02/14/15    06:42:21,43 days 04:00:00,13.5V,4.8V,12.9V,13.0V,0.0A,0.0A,0.0A,-0.2A,,26.1C,,,,,,,
02/14/15    06:37:21,43 days 03:55:00,13.5V,4.8V,13.0V,13.0V,0.0A,0.0A,0.0A,-0.2A,,26.1C,,,,,,,
02/14/15    06:32:20,43 days 03:49:59,13.5V,4.8V,13.0V,13.0V,0.0A,0.0A,0.0A,0.0A,,26.1C,,,,,,,
02/14/15    06:27:20,43 days 03:45:00,13.6V,4.8V,12.9V,13.0V,0.0A,0.0A,0.0A,0.0A,,26.1C,,,,,,,
02/14/15    06:22:19,43 days 03:39:59,13.6V,4.8V,12.9V,13.0V,0.0A,0.0A,0.0A,-0.2A,,26.1C,,,,,,,
02/14/15    06:17:19,43 days 03:35:00,13.6V,4.8V,12.9V,13.0V,0.0A,0.0A,0.0A,-0.2A,,26.1C,,,,,,,
02/14/15    06:12:18,43 days 03:30:00,13.8V,4.8V,12.9V,13.0V,0.0A,0.0A,0.0A,-0.2A,,26.1C,,,,,,,
02/14/15    06:07:18,43 days 03:25:00,13.5V,4.8V,12.9V,13.0V,0.0A,0.0A,0.0A,-0.2A,,26.1C,,,,,,,
02/14/15    06:02:17,43 days 03:20:00,13.6V,4.8V,12.9V,13.0V,0.0A,0.0A,0.0A,-0.2A,,26.1C,,,,,,,
02/14/15    05:57:17,43 days 03:15:00,13.5V,4.8V,13.0V,13.0V,0.0A,0.0A,0.0A,-0.2A,,26.1C,,,,,,,
02/14/15    05:52:16,43 days 03:09:59,13.6V,4.8V,13.0V,13.0V,0.0A,0.0A,0.0A,-0.2A,,26.1C,,,,,,,
02/14/15    05:47:16,43 days 03:05:00,13.5V,4.8V,13.0V,13.0V,0.0A,0.0A,0.0A,0.0A,,26.1C,,,,,,,
02/14/15    05:42:15,43 days 02:59:59,13.5V,4.8V,13.0V,13.0V,0.0A,0.0A,0.0A,-0.2A,,26.1C,,,,,,,
02/14/15    05:37:15,43 days 02:55:00,13.6V,4.8V,13.0V,13.0V,0.0A,0.0A,0.0A,-0.2A,,26.1C,,,,,,,
02/14/15    05:32:14,43 days 02:49:59,13.7V,4.8V,13.0V,13.1V,0.0A,0.0A,0.0A,-0.2A,,26.1C,,,,,,,
02/14/15    05:27:14,43 days 02:45:00,14.7V,4.8V,13.0V,13.0V,0.0A,0.0A,0.0A,-0.2A,,26.1C,,,,,,,
02/14/15    05:22:13,43 days 02:39:59,13.8V,4.8V,13.0V,13.1V,0.0A,0.0A,0.0A,0.0A,,26.1C,,,,,,,
02/14/15    05:17:13,43 days 02:35:00,13.7V,4.8V,13.0V,13.0V,0.0A,0.0A,0.0A,-0.2A,,26.2C,,,,,,,
02/14/15    05:12:13,43 days 02:30:00,13.6V,4.8V,13.0V,13.0V,0.0A,0.0A,0.0A,-0.2A,,26.2C,,,,,,,
02/14/15    05:07:12,43 days 02:25:00,13.6V,4.8V,13.0V,13.0V,0.0A,0.0A,0.0A,-0.2A,,26.2C,,,,,,,
02/14/15    05:02:12,43 days 02:20:00,13.6V,4.8V,13.0V,13.1V,0.0A,0.0A,0.0A,0.0A,,26.2C,,,,,,,
02/14/15    04:57:11,43 days 02:15:00,13.8V,4.8V,13.0V,13.0V,0.0A,0.0A,0.0A,-0.2A,,26.2C,,,,,,,
02/14/15    04:52:11,43 days 02:10:00,13.6V,4.8V,13.0V,13.0V,0.0A,0.0A,0.0A,-0.2A,,26.2C,,,,,,,
02/14/15    04:47:10,43 days 02:05:00,13.5V,4.8V,13.0V,13.0V,0.0A,0.0A,0.0A,-0.2A,,26.2C,,,,,,,
02/14/15    04:42:10,43 days 02:00:00,13.5V,4.8V,12.9V,13.0V,0.0A,0.0A,0.0A,-0.2A,,26.2C,,,,,,,
02/14/15    04:37:09,43 days 01:55:00,13.6V,4.8V,13.0V,13.0V,0.0A,0.0A,0.0A,-0.2A,,26.2C,,,,,,,
02/14/15    04:32:08,43 days 01:50:00,13.6V,4.8V,13.0V,13.0V,0.0A,0.0A,-0.2A,-0.2A,,26.2C,,,,,,,
02/14/15    04:27:08,43 days 01:45:00,13.6V,4.8V,13.0V,13.0V,0.0A,0.0A,0.0A,-0.2A,,26.3C,,,,,,,
02/14/15    04:22:07,43 days 01:39:59,13.6V,4.8V,13.0V,13.0V,0.0A,0.0A,-0.2A,-0.2A,,26.3C,,,,,,,
02/14/15    04:17:07,43 days 01:35:00,13.5V,4.8V,13.0V,13.0V,0.0A,0.0A,0.0A,0.0A,,26.3C,,,,,,,
02/14/15    04:12:06,43 days 01:29:59,13.5V,4.8V,13.0V,13.0V,0.0A,0.0A,0.0A,0.0A,,26.3C,,,,,,,
02/14/15    04:07:06,43 days 01:25:00,16.3V,4.8V,13.0V,13.0V,0.0A,0.0A,0.0A,0.0A,,26.3C,,,,,,,
02/14/15    04:02:06,43 days 01:20:00,13.5V,4.8V,12.9V,13.0V,0.0A,0.0A,0.0A,-0.2A,,26.3C,,,,,,,
02/14/15    03:57:05,43 days 01:15:00,13.5V,4.8V,12.9V,13.0V,0.0A,0.0A,0.0A,-0.2A,,26.3C,,,,,,,
02/14/15    03:52:05,43 days 01:10:00,13.5V,4.8V,12.9V,13.0V,0.0A,0.0A,-0.2A,0.0A,,26.3C,,,,,,,
02/14/15    03:47:04,43 days 01:04:59,13.6V,4.8V,13.0V,13.0V,0.0A,0.0A,-0.2A,-0.2A,,26.4C,,,,,,,
02/14/15    03:42:04,43 days 01:00:00,13.6V,4.8V,13.0V,13.0V,0.0A,0.0A,-0.2A,-0.2A,,26.4C,,,,,,,
02/14/15    03:37:04,43 days 00:55:00,13.6V,4.8V,12.9V,13.0V,0.0A,0.0A,0.0A,-0.2A,,26.4C,,,,,,,
02/14/15    03:32:03,43 days 00:50:00,13.6V,4.8V,12.9V,13.0V,0.0A,0.0A,-0.2A,-0.2A,,26.4C,,,,,,,
02/14/15    03:27:02,43 days 00:44:59,13.5V,4.8V,12.9V,13.0V,0.0A,0.0A,-0.2A,-0.2A,,26.4C,,,,,,,
02/14/15    03:22:02,43 days 00:39:59,13.5V,4.8V,12.9V,13.0V,0.0A,0.0A,0.0A,-0.2A,,26.4C,,,,,,,
02/14/15    03:17:02,43 days 00:35:00,13.5V,4.8V,12.9V,13.0V,0.0A,0.0A,-0.2A,-0.2A,,26.4C,,,,,,,
02/14/15    03:12:01,43 days 00:29:59,13.5V,4.8V,12.9V,13.0V,0.0A,0.0A,0.0A,0.0A,,26.5C,,,,,,,
02/14/15    03:07:01,43 days 00:25:00,13.5V,4.8V,12.9V,13.0V,0.1A,0.0A,0.0A,-0.2A,,26.4C,,,,,,,
02/14/15    03:02:00,43 days 00:19:59,13.5V,4.8V,12.9V,13.0V,0.1A,0.0A,0.0A,-0.2A,,26.5C,,,,,,,
02/14/15    02:57:00,43 days 00:15:00,13.5V,4.8V,12.9V,13.0V,0.1A,0.0A,-0.2A,-0.2A,,26.5C,,,,,,,
02/14/15    02:51:59,43 days 00:09:59,13.5V,4.8V,12.9V,13.0V,0.1A,0.0A,-0.2A,-0.2A,,26.5C,,,,,,,
02/14/15    02:46:59,43 days 00:05:00,13.5V,4.8V,12.9V,13.0V,0.1A,0.0A,0.0A,-0.2A,,26.5C,,,,,,,
02/14/15    02:41:58,42 days 23:59:59,13.5V,4.8V,12.9V,13.0V,0.1A,0.0A,0.0A,-0.2A,,26.5C,,,,,,,
02/14/15    02:36:58,42 days 23:55:00,13.5V,4.8V,12.9V,13.0V,0.1A,0.0A,0.0A,-0.2A,,26.5C,,,,,,,
02/14/15    02:31:57,42 days 23:50:00,13.5V,4.8V,12.9V,13.0V,0.1A,0.0A,-0.2A,0.0A,,26.5C,,,,,,,
02/14/15    02:26:57,42 days 23:45:00,13.5V,4.8V,12.9V,13.0V,0.1A,0.0A,0.0A,-0.2A,,26.5C,,,,,,,
02/14/15    02:21:56,42 days 23:40:00,13.5V,4.8V,12.9V,13.0V,0.1A,0.0A,0.0A,-0.2A,,26.5C,,,,,,,
02/14/15    02:16:56,42 days 23:35:00,13.5V,4.8V,12.9V,13.0V,0.1A,0.0A,-0.2A,-0.2A,,26.6C,,,,,,,
02/14/15    02:11:55,42 days 23:30:00,13.6V,4.8V,12.9V,13.0V,0.1A,0.0A,0.0A,0.0A,,26.6C,,,,,,,
02/14/15    02:06:54,42 days 23:25:00,13.5V,4.8V,12.9V,13.0V,0.1A,0.0A,-0.2A,-0.2A,,26.6C,,,,,,,
02/14/15    02:01:53,42 days 23:19:59,13.5V,4.8V,12.9V,13.0V,0.1A,0.0A,0.0A,-0.2A,,26.6C,,,,,,,
02/14/15    01:56:53,42 days 23:15:00,13.5V,4.8V,12.9V,13.0V,0.1A,0.0A,0.0A,-0.2A,,26.6C,,,,,,,
02/14/15    01:51:52,42 days 23:09:59,13.5V,4.8V,12.9V,13.0V,0.1A,0.0A,-0.2A,-0.2A,,26.6C,,,,,,,
02/14/15    01:46:52,42 days 23:05:00,13.5V,4.8V,12.9V,13.0V,0.1A,0.0A,-0.2A,0.0A,,26.6C,,,,,,,
02/14/15    01:41:51,42 days 23:00:00,13.5V,4.8V,12.9V,13.0V,0.1A,0.0A,-0.2A,0.0A,,26.6C,,,,,,,
02/14/15    01:36:51,42 days 22:55:00,13.5V,4.8V,12.9V,13.0V,0.1A,0.0A,-0.2A,-0.2A,,26.6C,,,,,,,
02/14/15    01:31:50,42 days 22:50:00,13.5V,4.8V,12.9V,13.0V,0.1A,0.0A,-0.2A,-0.2A,,26.6C,,,,,,,
02/14/15    01:26:50,42 days 22:45:00,13.6V,4.8V,12.9V,13.0V,0.1A,0.0A,-0.2A,-0.2A,,26.6C,,,,,,,
02/14/15    01:21:49,42 days 22:40:00,13.8V,4.8V,13.0V,13.0V,0.1A,0.0A,-0.2A,0.0A,,26.6C,,,,,,,
02/14/15    01:16:48,42 days 22:34:59,14.1V,4.8V,13.0V,13.1V,0.1A,0.0A,-0.2A,-0.2A,,26.6C,,,,,,,
02/14/15    01:11:48,42 days 22:30:00,14.1V,4.8V,13.0V,13.0V,0.1A,0.0A,-0.2A,-0.2A,,26.6C,,,,,,,
02/14/15    01:06:47,42 days 22:25:00,13.6V,4.8V,12.9V,13.0V,0.1A,0.0A,-0.2A,-0.2A,,26.7C,,,,,,,
02/14/15    01:01:46,42 days 22:19:59,17.0V,4.8V,12.9V,13.0V,0.1A,0.0A,-0.2A,0.0A,,26.7C,,,,,,,
02/14/15    00:56:46,42 days 22:15:00,13.5V,4.8V,12.9V,13.0V,0.1A,0.0A,-0.2A,-0.2A,,26.7C,,,,,,,
02/14/15    00:51:45,42 days 22:10:00,13.7V,4.8V,12.9V,13.0V,0.1A,0.0A,-0.2A,0.0A,,26.7C,,,,,,,
02/14/15    00:46:44,42 days 22:04:59,13.5V,4.8V,12.9V,13.0V,0.1A,0.0A,-0.2A,-0.2A,,26.7C,,,,,,,
02/14/15    00:41:44,42 days 22:00:00,13.5V,4.8V,12.9V,13.0V,0.1A,0.0A,-0.2A,-0.2A,,26.7C,,,,,,,
02/14/15    00:36:43,42 days 21:54:59,13.5V,4.8V,12.9V,13.0V,0.1A,0.0A,-0.2A,-0.2A,,26.8C,,,,,,,
02/14/15    00:31:43,42 days 21:50:00,13.5V,4.8V,12.9V,13.0V,0.1A,0.0A,-0.2A,0.0A,,26.8C,,,,,,,
02/14/15    00:26:42,42 days 21:44:59,13.5V,4.8V,12.9V,13.0V,0.1A,0.0A,-0.2A,-0.2A,,26.8C,,,,,,,
02/14/15    00:21:42,42 days 21:40:00,13.5V,4.8V,12.9V,13.0V,0.1A,0.0A,-0.2A,-0.2A,,26.8C,,,,,,,
02/14/15    00:16:41,42 days 21:34:59,13.9V,4.8V,12.9V,13.0V,0.2A,0.0A,-0.2A,-0.2A,,26.8C,,,,,,,
02/14/15    00:11:41,42 days 21:30:00,13.6V,4.8V,12.9V,13.0V,0.1A,0.0A,0.0A,-0.2A,,26.8C,,,,,,,
02/14/15    00:06:40,42 days 21:24:59,13.6V,4.8V,12.9V,13.0V,0.1A,0.0A,-0.2A,0.0A,,26.8C,,,,,,,
02/14/15    00:01:40,42 days 21:20:00,13.8V,4.8V,12.9V,13.0V,0.1A,0.0A,-0.2A,-0.2A,,26.8C,,,,,,,
02/13/15    23:56:39,42 days 21:14:59,13.5V,4.8V,12.9V,13.0V,0.2A,0.0A,-0.2A,-0.2A,,26.8C,,,,,,,
02/13/15    23:51:39,42 days 21:10:00,13.9V,4.8V,12.9V,13.0V,0.1A,0.0A,0.0A,-0.2A,,26.8C,,,,,,,
02/13/15    23:46:38,42 days 21:04:59,13.8V,4.8V,12.9V,13.0V,0.2A,0.0A,-0.2A,0.0A,,26.8C,,,,,,,
02/13/15    23:41:38,42 days 21:00:00,13.5V,4.8V,12.9V,13.0V,0.1A,0.0A,-0.2A,-0.2A,,26.8C,,,,,,,
02/13/15    23:36:37,42 days 20:55:00,13.5V,4.8V,12.9V,13.0V,0.1A,0.0A,-0.2A,0.0A,,26.9C,,,,,,,
02/13/15    23:31:37,42 days 20:50:00,14.6V,4.8V,12.9V,13.0V,0.1A,0.0A,-0.2A,-0.2A,,26.9C,,,,,,,
02/13/15    23:26:36,42 days 20:45:00,13.7V,4.8V,12.9V,13.0V,0.1A,0.0A,-0.2A,0.0A,,26.9C,,,,,,,
02/13/15    23:21:35,42 days 20:39:59,13.5V,4.8V,12.9V,13.0V,0.2A,0.0A,-0.2A,-0.2A,,26.9C,,,,,,,
02/13/15    23:16:34,42 days 20:34:59,13.5V,4.8V,12.9V,13.0V,0.2A,0.0A,-0.2A,-0.2A,,26.9C,,,,,,,
02/13/15    23:11:34,42 days 20:30:00,13.5V,4.8V,12.9V,13.0V,0.1A,0.0A,0.0A,0.0A,,27.0C,,,,,,,
02/13/15    23:06:33,42 days 20:24:59,13.5V,4.8V,12.9V,13.0V,0.1A,0.0A,-0.2A,0.0A,,27.0C,,,,,,,
02/13/15    23:01:33,42 days 20:20:00,13.5V,4.8V,12.9V,13.0V,0.1A,0.0A,0.0A,-0.2A,,27.0C,,,,,,,
02/13/15    22:56:32,42 days 20:15:00,13.4V,5.2V,12.8V,12.9V,0.0A,0.0A,0.2A,-0.2A,,27.1C,,,,,,,
02/13/15    22:51:31,42 days 20:09:59,13.6V,5.2V,12.8V,12.9V,0.0A,0.0A,0.2A,-0.2A,,27.1C,,,,,,,
02/13/15    22:46:31,42 days 20:05:00,13.6V,5.2V,12.8V,12.9V,0.0A,0.0A,0.2A,-0.2A,,27.1C,,,,,,,
02/13/15    22:41:30,42 days 20:00:00,13.6V,5.2V,12.8V,12.9V,0.0A,0.0A,0.2A,-0.2A,,27.1C,,,,,,,
02/13/15    22:36:29,42 days 19:54:59,13.6V,5.2V,12.8V,12.9V,0.0A,0.0A,0.2A,-0.2A,,27.1C,,,,,,,
02/13/15    22:31:29,42 days 19:50:00,14.7V,5.2V,12.8V,12.9V,0.0A,0.0A,0.2A,-0.2A,,27.2C,,,,,,,
02/13/15    22:26:28,42 days 19:45:00,13.5V,5.2V,12.8V,12.9V,0.0A,0.0A,0.2A,-0.2A,,27.2C,,,,,,,
02/13/15    22:21:27,42 days 19:40:00,13.4V,5.2V,12.9V,12.9V,0.0A,0.0A,0.2A,-0.2A,,27.2C,,,,,,,
02/13/15    22:16:26,42 days 19:35:00,13.4V,5.2V,12.9V,12.9V,0.0A,0.0A,0.2A,-0.2A,,27.2C,,,,,,,
02/13/15    22:11:25,42 days 19:29:59,13.4V,5.2V,12.9V,12.9V,0.0A,0.0A,0.2A,0.0A,,27.3C,,,,,,,
02/13/15    22:06:25,42 days 19:25:00,13.5V,5.2V,12.9V,12.9V,0.0A,0.0A,0.2A,-0.2A,,27.3C,,,,,,,
02/13/15    22:01:24,42 days 19:20:00,13.4V,5.2V,12.9V,12.9V,0.0A,0.0A,0.2A,-0.2A,,27.3C,,,,,,,
02/13/15    21:56:23,42 days 19:15:00,13.5V,5.2V,12.9V,12.9V,0.0A,0.0A,0.2A,0.0A,,27.3C,,,,,,,
02/13/15    21:51:22,42 days 19:09:59,13.5V,5.2V,12.9V,12.9V,0.0A,0.0A,0.2A,-0.2A,,27.4C,,,,,,,
02/13/15    21:46:22,42 days 19:05:00,13.5V,5.2V,12.9V,12.9V,0.0A,0.0A,0.2A,-0.2A,,27.4C,,,,,,,
02/13/15    21:41:21,42 days 19:00:00,13.5V,5.2V,12.9V,12.9V,0.0A,0.0A,0.2A,-0.2A,,27.4C,,,,,,,
02/13/15    21:36:20,42 days 18:55:00,13.0V,5.2V,12.9V,12.9V,0.0A,0.0A,0.2A,-0.2A,,27.5C,,,,,,,
02/13/15    21:31:19,42 days 18:50:00,12.9V,5.2V,12.9V,12.9V,0.0A,0.0A,0.2A,0.0A,,27.5C,,,,,,,
02/13/15    21:26:18,42 days 18:44:59,11.6V,5.2V,12.9V,12.9V,0.0A,0.0A,0.2A,0.0A,,27.6C,,,,,,,
02/13/15    21:21:17,42 days 18:39:59,12.9V,5.2V,12.9V,12.9V,0.0A,0.0A,0.2A,0.0A,,27.6C,,,,,,,
02/13/15    21:16:17,42 days 18:35:00,12.9V,5.2V,12.9V,13.0V,0.0A,0.0A,0.2A,-0.2A,,27.6C,,,,,,,
02/13/15    21:11:16,42 days 18:30:00,12.9V,5.2V,12.9V,13.0V,0.0A,0.0A,0.2A,-0.2A,,27.7C,,,,,,,
02/13/15    21:06:15,42 days 18:25:00,12.9V,5.2V,12.9V,13.0V,0.0A,0.0A,0.2A,-0.2A,,27.7C,,,,,,,
02/13/15    21:01:14,42 days 18:20:00,12.5V,5.2V,12.9V,13.0V,0.0A,0.0A,0.2A,-0.2A,,27.7C,,,,,,,
02/13/15    20:56:14,42 days 18:15:00,12.6V,5.2V,12.9V,13.0V,0.0A,0.0A,0.2A,-0.2A,,27.8C,,,,,,,
02/13/15    20:51:13,42 days 18:10:00,12.4V,5.2V,12.9V,13.0V,0.0A,0.0A,0.2A,0.0A,,27.8C,,,,,,,
02/13/15    20:46:12,42 days 18:05:00,10.8V,5.2V,12.9V,13.0V,0.0A,0.0A,0.2A,-0.2A,,27.8C,,,,,,,
02/13/15    20:41:11,42 days 17:59:59,8.3V,5.2V,13.1V,13.2V,0.0A,0.0A,0.0A,0.0A,,27.9C,,,,,,,
02/13/15    20:36:11,42 days 17:55:00,5.6V,5.2V,13.1V,13.2V,0.0A,0.0A,0.0A,-0.2A,,27.9C,,,,,,,
02/13/15    20:31:10,42 days 17:50:00,3.8V,5.2V,13.1V,13.2V,0.0A,0.0A,0.0A,-0.2A,,27.9C,,,,,,,
02/13/15    20:26:09,42 days 17:45:00,2.4V,5.2V,13.1V,13.2V,0.0A,0.0A,0.0A,0.0A,,27.9C,,,,,,,
02/13/15    20:21:08,42 days 17:39:59,1.0V,5.2V,13.1V,13.2V,0.0A,0.0A,0.0A,-0.2A,,27.9C,,,,,,,
02/13/15    20:16:08,42 days 17:35:00,0.2V,5.2V,13.1V,13.2V,0.0A,0.0A,0.0A,-0.2A,,27.9C,,,,,,,
02/13/15    20:11:07,42 days 17:30:00,0.0V,5.2V,13.1V,13.2V,0.0A,0.0A,0.0A,-0.2A,,28.0C,,,,,,,
02/13/15    20:06:06,42 days 17:25:00,0.0V,5.2V,13.1V,13.2V,0.0A,0.0A,0.0A,-0.2A,,28.0C,,,,,,,
02/13/15    20:01:06,42 days 17:20:00,0.0V,5.2V,13.1V,13.2V,0.0A,0.0A,0.0A,-0.2A,,28.0C,,,,,,,
02/13/15    19:56:05,42 days 17:15:00,0.0V,5.2V,13.1V,13.2V,0.0A,0.0A,0.0A,-0.2A,,28.0C,,,,,,,
02/13/15    19:51:04,42 days 17:10:00,0.0V,5.2V,13.1V,13.2V,0.0A,0.0A,0.0A,-0.2A,,28.0C,,,,,,,
02/13/15    19:46:03,42 days 17:04:59,0.0V,5.2V,13.1V,13.2V,0.0A,0.0A,0.0A,-0.2A,,28.1C,,,,,,,
02/13/15    19:41:03,42 days 17:00:00,0.0V,5.2V,13.1V,13.2V,0.0A,0.0A,0.0A,0.0A,,28.1C,,,,,,,
02/13/15    19:36:02,42 days 16:55:00,0.0V,5.2V,13.1V,13.2V,0.0A,0.0A,0.0A,-0.2A,,28.1C,,,,,,,
02/13/15    19:31:01,42 days 16:50:00,0.0V,5.2V,13.1V,13.2V,0.0A,0.0A,0.0A,0.0A,,28.1C,,,,,,,
02/13/15    19:26:00,42 days 16:45:00,0.0V,5.2V,13.1V,13.2V,0.0A,0.0A,0.0A,-0.2A,,28.1C,,,,,,,
02/13/15    19:20:59,42 days 16:40:00,0.0V,5.2V,13.1V,13.2V,0.0A,0.0A,0.0A,-0.2A,,28.1C,,,,,,,
02/13/15    19:15:58,42 days 16:34:59,0.0V,5.2V,13.1V,13.2V,0.0A,0.0A,0.0A,0.0A,,28.2C,,,,,,,
02/13/15    19:10:58,42 days 16:30:00,0.0V,5.2V,13.1V,13.2V,0.0A,0.0A,0.0A,-0.2A,,28.2C,,,,,,,
02/13/15    19:05:57,42 days 16:25:00,0.0V,5.2V,13.1V,13.2V,0.0A,0.0A,0.0A,-0.2A,,28.2C,,,,,,,
02/13/15    19:00:56,42 days 16:19:59,0.0V,5.2V,13.1V,13.2V,0.0A,0.0A,0.0A,0.0A,,28.2C,,,,,,,
02/13/15    18:55:55,42 days 16:14:59,0.0V,5.2V,13.1V,13.2V,0.0A,0.0A,0.0A,-0.2A,,28.3C,,,,,,,
02/13/15    18:50:55,42 days 16:10:00,0.0V,5.2V,13.0V,13.0V,0.0A,0.0A,0.2A,-0.2A,,28.3C,,,,,,,
02/13/15    18:45:54,42 days 16:05:00,0.0V,5.2V,13.1V,13.2V,0.0A,0.0A,0.0A,-0.2A,,28.3C,,,,,,,
02/13/15    18:40:53,42 days 16:00:00,0.0V,5.2V,13.1V,13.2V,0.0A,0.0A,0.0A,-0.2A,,28.3C,,,,,,,
02/13/15    18:35:52,42 days 15:55:00,0.0V,5.2V,13.1V,13.2V,0.0A,0.0A,0.0A,-0.2A,,28.3C,,,,,,,
02/13/15    18:30:51,42 days 15:49:59,0.0V,5.2V,13.1V,13.2V,0.0A,0.0A,0.0A,-0.2A,,28.4C,,,,,,,
02/13/15    18:25:50,42 days 15:44:59,0.0V,5.2V,13.1V,13.2V,0.0A,0.0A,0.0A,-0.2A,,28.4C,,,,,,,
02/13/15    18:20:50,42 days 15:40:00,0.0V,5.2V,13.1V,13.2V,0.0A,0.0A,0.0A,-0.2A,,28.4C,,,,,,,
02/13/15    18:15:49,42 days 15:35:00,0.0V,5.2V,13.1V,13.2V,0.0A,0.0A,0.0A,-0.2A,,28.4C,,,,,,,
02/13/15    18:10:48,42 days 15:30:00,0.0V,5.2V,13.1V,13.2V,0.0A,0.0A,0.0A,-0.2A,,28.4C,,,,,,,
02/13/15    18:05:47,42 days 15:24:59,0.0V,5.2V,13.1V,13.2V,0.0A,0.0A,0.0A,-0.2A,,28.4C,,,,,,,
02/13/15    18:00:47,42 days 15:20:00,0.0V,5.2V,13.1V,13.2V,0.0A,0.0A,0.0A,-0.2A,,28.5C,,,,,,,
02/13/15    17:55:46,42 days 15:15:00,0.0V,5.2V,13.1V,13.2V,0.0A,0.0A,0.0A,-0.2A,,28.5C,,,,,,,
02/13/15    17:50:45,42 days 15:10:00,0.0V,5.2V,13.1V,13.2V,0.0A,0.0A,0.0A,-0.2A,,28.5C,,,,,,,
02/13/15    17:45:44,42 days 15:05:00,0.0V,5.2V,13.1V,13.2V,0.0A,0.0A,0.0A,0.0A,,28.5C,,,,,,,
02/13/15    17:40:43,42 days 15:00:00,0.0V,5.2V,13.1V,13.2V,0.0A,0.0A,0.0A,-0.2A,,28.6C,,,,,,,
02/13/15    17:35:43,42 days 14:55:00,0.0V,5.2V,13.1V,13.2V,0.0A,0.0A,0.0A,-0.2A,,28.6C,,,,,,,
02/13/15    17:30:41,42 days 14:49:59,0.0V,5.2V,13.1V,13.2V,0.0A,0.0A,0.0A,-0.2A,,28.6C,,,,,,,
02/13/15    17:25:41,42 days 14:45:00,0.0V,5.2V,13.1V,13.2V,0.0A,0.0A,0.0A,-0.2A,,28.6C,,,,,,,
02/13/15    17:20:40,42 days 14:40:00,0.0V,5.2V,13.1V,13.2V,0.0A,0.0A,0.0A,-0.2A,,28.6C,,,,,,,
02/13/15    17:15:39,42 days 14:35:00,0.0V,5.2V,13.1V,13.2V,0.0A,0.0A,0.0A,-0.2A,,28.7C,,,,,,,
02/13/15    17:10:38,42 days 14:30:00,0.0V,5.2V,13.1V,13.2V,0.0A,0.0A,0.0A,0.0A,,28.7C,,,,,,,
02/13/15    17:05:37,42 days 14:25:00,0.0V,5.2V,13.1V,13.2V,0.0A,0.0A,0.0A,0.0A,,28.7C,,,,,,,
02/13/15    17:00:36,42 days 14:20:00,0.0V,5.2V,13.1V,13.2V,0.0A,0.0A,0.0A,-0.2A,,28.7C,,,,,,,
02/13/15    16:55:35,42 days 14:15:00,0.0V,5.2V,13.1V,13.2V,0.0A,0.0A,0.0A,-0.2A,,28.8C,,,,,,,
02/13/15    16:50:34,42 days 14:09:59,0.0V,5.2V,13.1V,13.2V,0.0A,0.0A,0.0A,-0.2A,,28.8C,,,,,,,
02/13/15    16:45:34,42 days 14:05:00,0.0V,5.2V,13.1V,13.2V,0.0A,0.0A,0.0A,-0.2A,,28.8C,,,,,,,
02/13/15    16:40:33,42 days 14:00:00,0.0V,5.2V,13.1V,13.2V,0.0A,0.0A,0.0A,-0.2A,,28.8C,,,,,,,
02/13/15    16:35:32,42 days 13:55:00,0.0V,5.2V,13.1V,13.2V,0.0A,0.0A,0.0A,-0.2A,,28.9C,,,,,,,
02/13/15    16:30:31,42 days 13:50:00,0.0V,5.2V,13.1V,13.2V,0.0A,0.0A,0.0A,-0.2A,,28.9C,,,,,,,
02/13/15    16:25:30,42 days 13:45:00,0.0V,5.2V,13.1V,13.2V,0.0A,0.0A,0.0A,-0.2A,,28.9C,,,,,,,
02/13/15    16:20:29,42 days 13:39:59,0.0V,5.2V,13.1V,13.2V,0.0A,0.0A,0.0A,-0.2A,,28.9C,,,,,,,
02/13/15    16:15:29,42 days 13:35:00,0.0V,5.2V,13.1V,13.2V,0.0A,0.0A,0.0A,-0.2A,,29.0C,,,,,,,
02/13/15    16:10:28,42 days 13:30:00,0.0V,5.2V,13.1V,13.2V,0.0A,0.0A,0.0A,-0.2A,,29.0C,,,,,,,
02/13/15    16:05:27,42 days 13:25:00,0.0V,5.2V,13.1V,13.2V,0.0A,0.0A,0.0A,-0.2A,,29.0C,,,,,,,
02/13/15    16:00:26,42 days 13:20:00,0.0V,5.2V,13.1V,13.2V,0.0A,0.0A,0.0A,-0.2A,,29.0C,,,,,,,
02/13/15    15:55:25,42 days 13:14:59,0.0V,5.2V,13.1V,13.2V,0.0A,0.0A,0.0A,0.0A,,29.1C,,,,,,,
02/13/15    15:50:25,42 days 13:10:00,0.0V,5.2V,13.1V,13.2V,0.0A,0.0A,0.0A,-0.2A,,29.1C,,,,,,,
02/13/15    15:45:23,42 days 13:04:59,0.0V,5.2V,13.1V,13.2V,0.0A,0.0A,0.0A,-0.2A,,29.1C,,,,,,,
02/13/15    15:40:23,42 days 13:00:00,0.0V,5.2V,13.1V,13.2V,0.0A,0.0A,0.0A,-0.2A,,29.1C,,,,,,,
02/13/15    15:35:22,42 days 12:55:00,0.0V,5.2V,13.1V,13.2V,0.0A,0.0A,0.0A,-0.2A,,29.2C,,,,,,,
02/13/15    15:30:21,42 days 12:50:00,0.0V,5.2V,13.1V,13.2V,0.0A,0.0A,0.0A,0.0A,,29.2C,,,,,,,
02/13/15    15:25:20,42 days 12:45:00,0.0V,5.2V,13.1V,13.2V,0.0A,0.0A,0.0A,0.0A,,29.2C,,,,,,,
02/13/15    15:20:19,42 days 12:40:00,0.0V,5.2V,13.1V,13.2V,0.0A,0.0A,0.0A,-0.2A,,29.2C,,,,,,,
02/13/15    15:15:18,42 days 12:34:59,0.0V,5.2V,13.1V,13.2V,0.0A,0.0A,0.0A,-0.2A,,29.3C,,,,,,,
02/13/15    15:10:18,42 days 12:30:00,0.0V,5.2V,13.1V,13.2V,0.0A,0.0A,0.0A,-0.2A,,29.3C,,,,,,,
02/13/15    15:05:17,42 days 12:25:00,0.0V,5.2V,13.1V,13.2V,0.0A,0.0A,0.0A,-0.2A,,29.3C,,,,,,,
02/13/15    15:00:16,42 days 12:20:00,0.0V,5.2V,13.1V,13.2V,0.0A,0.0A,0.0A,-0.2A,,29.3C,,,,,,,
02/13/15    14:55:15,42 days 12:15:00,0.0V,5.2V,13.1V,13.2V,0.0A,0.0A,0.0A,-0.2A,,29.3C,,,,,,,
02/13/15    14:50:14,42 days 12:10:00,0.0V,5.2V,13.1V,13.2V,0.0A,0.0A,0.0A,-0.2A,,29.4C,,,,,,,
02/13/15    14:45:13,42 days 12:05:00,0.0V,5.2V,13.1V,13.2V,0.0A,0.0A,0.0A,0.0A,,29.4C,,,,,,,
02/13/15    14:40:12,42 days 12:00:00,0.0V,5.2V,13.1V,13.2V,0.0A,0.0A,0.0A,-0.2A,,29.4C,,,,,,,
02/13/15    14:35:11,42 days 11:54:59,0.0V,5.2V,13.1V,13.2V,0.0A,0.0A,0.0A,0.0A,,29.4C,,,,,,,
02/13/15    14:30:11,42 days 11:50:00,0.0V,5.2V,13.1V,13.2V,0.0A,0.0A,0.0A,0.0A,,29.5C,,,,,,,
02/13/15    14:25:09,42 days 11:44:59,0.0V,5.2V,13.1V,13.2V,0.0A,0.0A,0.0A,-0.2A,,29.5C,,,,,,,
02/13/15    14:20:09,42 days 11:40:00,0.0V,5.2V,13.1V,13.2V,0.0A,0.0A,0.0A,-0.2A,,29.5C,,,,,,,
02/13/15    14:15:08,42 days 11:35:00,0.0V,5.2V,13.1V,13.2V,0.0A,0.0A,0.0A,-0.2A,,29.5C,,,,,,,
02/13/15    14:10:07,42 days 11:30:00,0.0V,5.2V,13.1V,13.2V,0.0A,0.0A,0.0A,0.0A,,29.6C,,,,,,,
02/13/15    14:05:06,42 days 11:25:00,0.0V,5.2V,13.1V,13.2V,0.0A,0.0A,0.0A,-0.2A,,29.6C,,,,,,,
02/13/15    14:00:05,42 days 11:20:00,0.0V,5.2V,13.1V,13.2V,0.0A,0.0A,0.0A,-0.2A,,29.6C,,,,,,,
02/13/15    13:55:04,42 days 11:15:00,0.0V,5.2V,13.1V,13.2V,0.0A,0.0A,0.0A,-0.2A,,29.7C,,,,,,,
02/13/15    13:50:03,42 days 11:10:00,0.0V,5.2V,13.1V,13.2V,0.0A,0.0A,0.0A,0.0A,,29.7C,,,,,,,
02/13/15    13:45:02,42 days 11:05:00,0.0V,5.2V,13.1V,13.2V,0.0A,0.0A,0.0A,-0.2A,,29.7C,,,,,,,
02/13/15    13:40:01,42 days 11:00:00,0.0V,5.2V,13.1V,13.2V,0.0A,0.0A,0.0A,-0.2A,,29.7C,,,,,,,
02/13/15    13:35:00,42 days 10:55:00,0.0V,5.2V,13.1V,13.2V,0.0A,0.0A,0.0A,-0.2A,,29.7C,,,,,,,
02/13/15    13:29:59,42 days 10:50:00,0.0V,5.2V,13.1V,13.2V,0.0A,0.0A,0.0A,-0.2A,,29.8C,,,,,,,
02/13/15    13:24:58,42 days 10:45:00,0.0V,5.2V,13.1V,13.2V,0.0A,0.0A,0.0A,-0.2A,,29.8C,,,,,,,
02/13/15    13:19:57,42 days 10:40:00,0.0V,5.2V,13.1V,13.2V,0.0A,0.0A,0.0A,-0.2A,,29.8C,,,,,,,
02/13/15    13:14:56,42 days 10:35:00,0.0V,5.2V,13.1V,13.2V,0.0A,0.0A,0.0A,-0.2A,,29.8C,,,,,,,
02/13/15    13:09:55,42 days 10:30:00,0.0V,5.2V,13.1V,13.2V,0.0A,0.0A,0.0A,-0.2A,,29.8C,,,,,,,
02/13/15    13:04:54,42 days 10:25:00,0.0V,5.2V,13.1V,13.2V,0.0A,0.0A,0.0A,-0.2A,,29.9C,,,,,,,
02/13/15    12:59:53,42 days 10:20:00,0.0V,5.2V,13.1V,13.2V,0.0A,0.0A,0.0A,0.0A,,29.9C,,,,,,,
02/13/15    12:54:52,42 days 10:14:59,0.0V,5.2V,13.1V,13.2V,0.0A,0.0A,0.0A,-0.2A,,29.9C,,,,,,,
02/13/15    12:49:51,42 days 10:09:59,0.0V,5.2V,13.1V,13.2V,0.0A,0.0A,0.0A,-0.2A,,29.9C,,,,,,,
02/13/15    12:44:51,42 days 10:05:00,0.0V,5.2V,13.1V,13.2V,0.0A,0.0A,0.0A,-0.2A,,30.0C,,,,,,,
02/13/15    12:39:49,42 days 09:59:59,0.0V,5.2V,13.1V,13.2V,0.0A,0.0A,0.0A,-0.2A,,30.0C,,,,,,,
02/13/15    12:34:49,42 days 09:55:00,0.0V,5.2V,13.1V,13.2V,0.0A,0.0A,0.0A,-0.2A,,30.0C,,,,,,,
02/13/15    12:29:48,42 days 09:50:00,0.0V,5.2V,13.1V,13.2V,0.0A,0.0A,0.0A,0.0A,,30.0C,,,,,,,
02/13/15    12:24:47,42 days 09:45:00,0.0V,5.2V,13.1V,13.2V,0.0A,0.0A,0.0A,-0.2A,,30.1C,,,,,,,
02/13/15    12:19:46,42 days 09:40:00,0.0V,5.2V,13.1V,13.2V,0.0A,0.0A,0.0A,0.0A,,30.1C,,,,,,,
02/13/15    12:14:45,42 days 09:35:00,0.0V,5.2V,13.1V,13.2V,0.0A,0.0A,0.0A,-0.2A,,30.1C,,,,,,,
02/13/15    12:09:44,42 days 09:30:00,0.0V,5.2V,13.1V,13.2V,0.0A,0.0A,0.0A,0.0A,,30.1C,,,,,,,
02/13/15    12:04:43,42 days 09:25:00,0.0V,5.2V,13.1V,13.2V,0.0A,0.0A,0.0A,-0.2A,,30.2C,,,,,,,
02/13/15    11:59:42,42 days 09:20:00,0.0V,5.2V,13.1V,13.2V,0.0A,0.0A,0.0A,-0.2A,,30.2C,,,,,,,
02/13/15    11:54:41,42 days 09:15:00,0.0V,5.2V,13.1V,13.2V,0.0A,0.0A,0.0A,-0.2A,,30.2C,,,,,,,
02/13/15    11:49:39,42 days 09:09:59,0.0V,5.2V,13.1V,13.2V,0.0A,0.0A,0.0A,-0.2A,,30.3C,,,,,,,
02/13/15    11:44:39,42 days 09:05:00,0.0V,5.2V,13.1V,13.2V,0.0A,0.0A,0.0A,-0.2A,,30.3C,,,,,,,
02/13/15    11:39:37,42 days 08:59:59,0.0V,5.2V,13.1V,13.2V,0.0A,0.0A,0.0A,0.0A,,30.3C,,,,,,,
02/13/15    11:34:37,42 days 08:55:00,0.0V,5.2V,13.1V,13.2V,0.0A,0.0A,0.0A,-0.2A,,30.3C,,,,,,,
02/13/15    11:29:35,42 days 08:49:59,0.0V,5.2V,13.1V,13.2V,0.0A,0.0A,0.0A,-0.2A,,30.3C,,,,,,,
02/13/15    11:24:35,42 days 08:45:00,0.0V,5.2V,13.1V,13.2V,0.0A,0.0A,0.0A,0.0A,,30.4C,,,,,,,
02/13/15    11:19:34,42 days 08:40:00,0.0V,5.2V,13.1V,13.2V,0.0A,0.0A,0.0A,0.0A,,30.4C,,,,,,,
02/13/15    11:14:33,42 days 08:35:00,0.0V,5.2V,13.1V,13.2V,0.0A,0.0A,0.0A,0.0A,,30.4C,,,,,,,
02/13/15    11:09:32,42 days 08:30:00,0.0V,5.2V,13.1V,13.2V,0.0A,0.0A,0.0A,-0.2A,,30.4C,,,,,,,
02/13/15    11:04:30,42 days 08:24:59,0.0V,5.2V,13.1V,13.2V,0.0A,0.0A,0.0A,-0.2A,,30.5C,,,,,,,
02/13/15    10:59:30,42 days 08:20:00,0.0V,5.2V,13.1V,13.2V,0.0A,0.0A,0.0A,-0.2A,,30.5C,,,,,,,
02/13/15    10:54:28,42 days 08:14:59,0.0V,5.2V,13.1V,13.2V,0.0A,0.0A,0.0A,-0.2A,,30.5C,,,,,,,
02/13/15    10:49:28,42 days 08:10:00,0.0V,5.2V,13.1V,13.2V,0.0A,0.0A,0.0A,-0.2A,,30.5C,,,,,,,
02/13/15    10:44:26,42 days 08:04:59,0.0V,5.2V,13.1V,13.2V,0.0A,0.0A,0.0A,-0.2A,,30.5C,,,,,,,
02/13/15    10:39:26,42 days 08:00:00,0.0V,5.2V,13.0V,13.1V,0.0A,0.0A,0.2A,0.0A,,30.6C,,,,,,,
02/13/15    10:34:24,42 days 07:54:59,0.0V,4.8V,13.0V,13.1V,0.0A,0.0A,0.2A,-0.2A,,30.6C,,,,,,,
02/13/15    10:29:23,42 days 07:50:00,0.0V,4.8V,12.9V,13.0V,0.0A,0.1A,0.2A,0.0A,,30.6C,,,,,,,
02/13/15    10:24:22,42 days 07:45:00,0.0V,4.8V,12.9V,13.0V,0.0A,0.1A,0.2A,-0.2A,,30.6C,,,,,,,
02/13/15    10:19:21,42 days 07:40:00,0.0V,4.8V,12.9V,13.0V,0.0A,0.1A,0.2A,-0.2A,,30.6C,,,,,,,
02/13/15    10:14:20,42 days 07:34:59,0.0V,4.8V,12.9V,13.0V,0.0A,0.1A,0.2A,-0.2A,,30.6C,,,,,,,
02/13/15    10:09:20,42 days 07:30:00,0.0V,4.8V,12.9V,13.0V,0.0A,0.1A,0.2A,-0.2A,,30.6C,,,,,,,
02/13/15    10:04:18,42 days 07:24:59,0.0V,4.8V,12.9V,13.0V,0.0A,0.1A,0.2A,-0.2A,,30.6C,,,,,,,
02/13/15    09:59:18,42 days 07:20:00,0.0V,4.8V,12.9V,13.0V,0.0A,0.1A,0.2A,0.0A,,30.6C,,,,,,,
02/13/15    09:54:16,42 days 07:14:59,0.0V,4.8V,12.9V,13.0V,0.0A,0.1A,0.2A,-0.2A,,30.6C,,,,,,,
02/13/15    09:49:16,42 days 07:10:00,0.0V,4.8V,12.9V,13.0V,0.0A,0.1A,0.2A,-0.2A,,30.6C,,,,,,,
02/13/15    09:44:14,42 days 07:04:59,0.0V,4.8V,12.9V,13.0V,0.0A,0.1A,0.2A,-0.2A,,30.6C,,,,,,,
02/13/15    09:39:13,42 days 06:59:59,0.0V,4.8V,12.9V,13.0V,0.0A,0.1A,0.2A,-0.2A,,30.7C,,,,,,,
02/13/15    09:34:12,42 days 06:55:00,0.0V,4.8V,12.9V,13.0V,0.0A,0.1A,0.2A,-0.2A,,30.7C,,,,,,,
02/13/15    09:29:11,42 days 06:50:00,0.0V,4.8V,13.0V,13.0V,0.1A,0.0A,0.2A,-0.2A,,30.7C,,,,,,,
02/13/15    09:24:09,42 days 06:44:59,0.0V,4.8V,13.0V,13.0V,0.2A,0.0A,0.2A,0.0A,,30.7C,,,,,,,
02/13/15    09:19:09,42 days 06:40:00,0.0V,4.8V,13.0V,13.0V,0.1A,0.0A,0.2A,-0.2A,,30.7C,,,,,,,
02/13/15    09:14:07,42 days 06:34:59,0.0V,4.8V,13.0V,13.0V,0.1A,0.0A,0.2A,0.0A,,30.7C,,,,,,,
02/13/15    09:09:06,42 days 06:29:59,0.0V,4.8V,13.0V,13.0V,0.1A,0.0A,0.2A,-0.2A,,30.7C,,,,,,,
02/13/15    09:04:05,42 days 06:25:00,0.1V,4.8V,13.0V,13.0V,0.1A,0.0A,0.2A,-0.2A,,30.7C,,,,,,,
02/13/15    08:59:04,42 days 06:20:00,1.1V,4.8V,13.0V,13.0V,0.1A,0.0A,0.2A,-0.2A,,30.7C,,,,,,,
02/13/15    08:54:03,42 days 06:15:00,3.8V,4.8V,13.0V,13.0V,0.1A,0.0A,0.2A,-0.2A,,30.7C,,,,,,,
02/13/15    08:49:02,42 days 06:10:00,5.5V,4.8V,13.1V,13.2V,0.1A,0.0A,0.0A,-0.2A,,30.7C,,,,,,,
02/13/15    08:44:01,42 days 06:05:00,7.2V,4.8V,13.1V,13.2V,0.1A,0.0A,0.0A,-0.2A,,30.7C,,,,,,,
02/13/15    08:39:00,42 days 06:00:00,10.2V,4.8V,13.1V,13.2V,0.1A,0.0A,0.0A,-0.2A,,30.7C,,,,,,,
02/13/15    08:33:59,42 days 05:55:00,12.4V,4.8V,13.1V,13.2V,0.1A,0.0A,0.0A,-0.2A,,30.8C,,,,,,,
02/13/15    08:28:57,42 days 05:49:59,13.1V,4.8V,13.1V,13.2V,0.1A,0.0A,0.0A,-0.2A,,30.8C,,,,,,,
02/13/15    08:23:56,42 days 05:44:59,13.2V,4.8V,13.1V,13.2V,0.1A,0.0A,0.0A,-0.2A,,30.8C,,,,,,,
02/13/15    08:18:55,42 days 05:40:00,13.2V,4.8V,13.1V,13.2V,0.1A,0.0A,0.0A,-0.2A,,30.8C,,,,,,,
02/13/15    08:13:54,42 days 05:35:00,13.3V,4.8V,13.1V,13.2V,0.2A,0.0A,0.0A,0.0A,,30.7C,,,,,,,
02/13/15    08:08:53,42 days 05:30:00,13.4V,4.8V,13.1V,13.2V,0.2A,0.0A,0.0A,-0.2A,,30.8C,,,,,,,
02/13/15    08:03:52,42 days 05:25:00,13.6V,4.8V,13.1V,13.2V,0.2A,0.0A,0.0A,-0.2A,,30.7C,,,,,,,
02/13/15    07:58:51,42 days 05:20:00,13.7V,5.2V,13.1V,13.2V,0.0A,0.0A,0.0A,-0.2A,,30.7C,,,,,,,
02/13/15    07:53:50,42 days 05:15:00,13.7V,4.8V,13.1V,13.2V,0.2A,0.0A,0.0A,-0.2A,,30.7C,,,,,,,
02/13/15    07:48:48,42 days 05:09:59,13.7V,5.2V,13.2V,13.3V,0.0A,0.0A,0.0A,-0.2A,,30.7C,,,,,,,
02/13/15    07:43:48,42 days 05:05:00,13.8V,5.2V,13.2V,13.3V,0.0A,0.0A,0.0A,-0.2A,,30.7C,,,,,,,
02/13/15    07:38:46,42 days 04:59:59,13.8V,5.2V,13.2V,13.3V,0.0A,0.0A,0.0A,-0.2A,,30.7C,,,,,,,
02/13/15    07:33:46,42 days 04:55:00,13.8V,5.2V,13.2V,13.3V,0.0A,0.0A,0.0A,-0.2A,,30.7C,,,,,,,
02/13/15    07:28:44,42 days 04:49:59,13.8V,5.2V,13.2V,13.3V,0.0A,0.0A,0.0A,-0.2A,,30.7C,,,,,,,
02/13/15    07:23:43,42 days 04:44:59,14.1V,5.2V,13.2V,13.3V,0.0A,0.0A,0.0A,-0.2A,,30.7C,,,,,,,
02/13/15    07:18:42,42 days 04:40:00,13.9V,5.2V,13.2V,13.3V,0.0A,0.0A,0.0A,-0.2A,,30.7C,,,,,,,
02/13/15    07:13:41,42 days 04:34:59,13.8V,5.2V,13.2V,13.2V,0.0A,0.0A,0.0A,0.0A,,30.7C,,,,,,,
02/13/15    07:08:40,42 days 04:30:00,13.8V,5.2V,13.2V,13.2V,0.0A,0.0A,0.0A,-0.2A,,30.7C,,,,,,,
02/13/15    07:03:39,42 days 04:25:00,13.8V,5.2V,13.2V,13.2V,0.0A,0.0A,0.0A,-0.2A,,30.7C,,,,,,,
02/13/15    06:58:38,42 days 04:20:00,13.4V,5.2V,13.1V,13.2V,0.0A,0.0A,0.0A,-0.2A,,30.7C,,,,,,,
02/13/15    06:53:37,42 days 04:15:00,13.7V,5.2V,13.2V,13.2V,0.0A,0.0A,0.0A,-0.2A,,30.7C,,,,,,,
02/13/15    06:48:36,42 days 04:10:00,13.9V,5.2V,13.2V,13.2V,0.0A,0.0A,0.0A,-0.2A,,30.7C,,,,,,,
02/13/15    06:43:35,42 days 04:05:00,14.5V,5.2V,13.2V,13.2V,0.0A,0.0A,0.0A,-0.2A,,30.7C,,,,,,,
02/13/15    06:38:34,42 days 04:00:00,13.3V,5.2V,13.2V,13.2V,0.0A,0.0A,0.0A,-0.2A,,30.7C,,,,,,,
02/13/15    06:33:33,42 days 03:55:00,13.2V,5.2V,13.2V,13.2V,0.0A,0.0A,0.0A,0.0A,,30.7C,,,,,,,
02/13/15    06:28:32,42 days 03:50:00,10.1V,5.2V,13.2V,13.2V,0.0A,0.0A,0.0A,-0.2A,,30.7C,,,,,,,
02/13/15    06:23:30,42 days 03:44:59,11.3V,5.2V,13.2V,13.2V,0.0A,0.0A,0.0A,-0.2A,,30.7C,,,,,,,
02/13/15    06:18:29,42 days 03:39:59,13.2V,5.2V,13.2V,13.2V,0.0A,0.0A,0.0A,-0.2A,,30.7C,,,,,,,
02/13/15    06:13:28,42 days 03:35:00,13.4V,5.2V,13.2V,13.2V,0.0A,0.0A,0.0A,-0.2A,,30.7C,,,,,,,
02/13/15    06:08:27,42 days 03:30:00,13.3V,5.2V,13.2V,13.2V,0.0A,0.0A,0.0A,-0.2A,,30.7C,,,,,,,
02/13/15    06:03:26,42 days 03:25:00,14.7V,5.2V,13.2V,13.2V,0.0A,0.0A,0.0A,-0.2A,,30.7C,,,,,,,
02/13/15    05:58:25,42 days 03:20:00,13.8V,5.2V,13.2V,13.3V,0.0A,0.0A,0.0A,-0.2A,,30.8C,,,,,,,
02/13/15    05:53:24,42 days 03:15:00,13.8V,5.2V,13.2V,13.3V,0.0A,0.0A,0.0A,-0.2A,,30.8C,,,,,,,
02/13/15    05:48:23,42 days 03:10:00,13.8V,5.2V,13.2V,13.3V,0.0A,0.0A,0.0A,-0.2A,,30.8C,,,,,,,
02/13/15    05:43:21,42 days 03:04:59,13.9V,5.2V,13.3V,13.3V,0.0A,0.0A,0.0A,0.0A,,30.8C,,,,,,,
02/13/15    05:38:21,42 days 03:00:00,13.9V,5.2V,13.3V,13.4V,0.0A,0.0A,0.0A,-0.2A,,30.8C,,,,,,,
02/13/15    05:33:19,42 days 02:54:59,14.0V,5.2V,13.4V,13.5V,0.0A,0.0A,0.0A,-0.2A,,30.8C,,,,,,,
02/13/15    05:28:18,42 days 02:50:00,14.2V,5.2V,13.5V,13.6V,0.0A,0.0A,0.0A,-0.2A,,30.8C,,,,,,,
02/13/15    05:23:17,42 days 02:45:00,14.3V,5.2V,13.7V,13.8V,0.0A,0.0A,0.0A,-0.2A,,30.8C,,,,,,,
02/13/15    05:18:16,42 days 02:40:00,14.6V,5.2V,14.0V,14.1V,0.0A,0.0A,0.0A,-0.2A,,30.9C,,,,,,,
02/13/15    05:13:15,42 days 02:35:00,19.2V,5.2V,14.3V,14.4V,0.0A,0.0A,0.0A,-0.2A,,30.9C,,,,,,,
02/13/15    05:08:14,42 days 02:30:00,18.8V,5.2V,14.3V,14.4V,0.0A,0.0A,0.0A,-0.2A,,30.9C,,,,,,,
02/13/15    05:03:13,42 days 02:25:00,20.3V,4.8V,14.2V,14.3V,0.0A,0.0A,0.0A,0.0A,,31.0C,,,,,,,
02/13/15    04:58:12,42 days 02:20:00,20.0V,4.8V,14.2V,14.2V,0.0A,0.0A,0.0A,-0.2A,,31.0C,,,,,,,
02/13/15    04:53:11,42 days 02:15:00,19.7V,4.8V,14.1V,14.2V,0.1A,0.0A,0.0A,-0.2A,,31.0C,,,,,,,
02/13/15    04:48:10,42 days 02:10:00,18.4V,4.8V,14.2V,14.2V,0.1A,0.0A,0.0A,-0.2A,,31.1C,,,,,,,
02/13/15    04:43:08,42 days 02:04:59,20.0V,4.8V,14.1V,14.2V,0.1A,0.0A,0.0A,0.0A,,31.1C,,,,,,,
02/13/15    04:38:08,42 days 02:00:00,18.5V,4.8V,14.1V,14.2V,0.1A,0.0A,0.0A,-0.2A,,31.1C,,,,,,,
02/13/15    04:33:07,42 days 01:55:00,14.9V,4.8V,14.1V,14.2V,0.1A,0.0A,0.0A,-0.2A,,31.2C,,,,,,,
02/13/15    04:28:05,42 days 01:50:00,16.8V,4.8V,14.1V,14.2V,0.1A,0.0A,0.0A,-0.2A,,31.2C,,,,,,,
02/13/15    04:23:04,42 days 01:45:00,17.6V,4.8V,14.1V,14.2V,0.2A,0.0A,0.0A,-0.2A,,31.2C,,,,,,,
02/13/15    04:18:03,42 days 01:40:00,18.0V,4.8V,14.2V,14.2V,0.1A,0.0A,0.0A,-0.2A,,31.1C,,,,,,,
02/13/15    04:13:02,42 days 01:35:00,19.0V,4.8V,14.1V,14.2V,0.1A,0.0A,0.0A,-0.2A,,31.1C,,,,,,,
02/13/15    04:08:00,42 days 01:29:59,20.8V,4.8V,14.1V,14.2V,0.1A,0.0A,0.0A,-0.2A,,31.0C,,,,,,,
02/13/15    04:02:59,42 days 01:24:59,19.6V,4.8V,14.2V,14.3V,0.1A,0.0A,0.0A,-0.2A,,31.0C,,,,,,,
02/13/15    03:57:58,42 days 01:20:00,21.4V,4.8V,14.2V,14.3V,0.0A,0.0A,0.0A,-0.2A,,31.0C,,,,,,,
02/13/15    03:52:57,42 days 01:15:00,19.7V,4.8V,14.2V,14.2V,0.0A,0.0A,0.0A,-0.2A,,30.9C,,,,,,,
02/13/15    03:47:56,42 days 01:10:00,19.1V,4.8V,14.2V,14.2V,0.0A,0.0A,0.0A,-0.2A,,30.9C,,,,,,,
02/13/15    03:42:55,42 days 01:05:00,19.0V,4.8V,14.3V,14.3V,0.0A,0.0A,0.0A,-0.2A,,30.9C,,,,,,,
02/13/15    03:37:54,42 days 01:00:00,21.3V,4.8V,14.1V,14.2V,0.0A,0.0A,0.0A,-0.2A,,30.8C,,,,,,,
02/13/15    03:32:53,42 days 00:55:00,21.1V,4.8V,14.1V,14.2V,0.1A,0.0A,0.0A,-0.2A,,30.8C,,,,,,,
02/13/15    03:27:52,42 days 00:50:00,20.6V,4.8V,14.2V,14.3V,0.1A,0.0A,0.0A,-0.2A,,30.7C,,,,,,,
02/13/15    03:22:51,42 days 00:45:00,20.3V,4.8V,14.1V,14.2V,0.2A,0.0A,0.0A,-0.2A,,30.6C,,,,,,,
02/13/15    03:17:50,42 days 00:40:00,18.8V,4.8V,14.1V,14.2V,0.1A,0.0A,0.0A,0.0A,,30.6C,,,,,,,
02/13/15    03:12:49,42 days 00:35:00,21.3V,4.8V,14.1V,14.2V,0.2A,0.0A,0.0A,-0.2A,,30.5C,,,,,,,
02/13/15    03:07:48,42 days 00:30:00,21.0V,4.8V,14.1V,14.2V,0.2A,0.0A,0.0A,0.0A,,30.5C,,,,,,,
02/13/15    03:02:47,42 days 00:25:00,19.3V,4.8V,14.1V,14.2V,0.2A,0.0A,0.0A,-0.2A,,30.5C,,,,,,,
02/13/15    02:57:46,42 days 00:20:00,18.1V,4.8V,14.1V,14.2V,0.2A,0.0A,0.0A,-0.2A,,30.4C,,,,,,,
02/13/15    02:52:45,42 days 00:15:00,20.3V,4.8V,14.1V,14.2V,0.2A,0.0A,0.0A,-0.2A,,30.3C,,,,,,,
02/13/15    02:47:44,42 days 00:10:00,20.9V,4.8V,14.1V,14.2V,0.2A,0.0A,0.0A,-0.2A,,30.3C,,,,,,,
02/13/15    02:42:43,42 days 00:05:00,20.3V,4.8V,14.1V,14.2V,0.1A,0.0A,0.0A,-0.2A,,30.2C,,,,,,,
02/13/15    02:37:42,42 days 00:00:00,20.6V,4.8V,14.1V,14.2V,0.2A,0.0A,0.0A,-0.2A,,30.1C,,,,,,,
02/13/15    02:32:41,41 days 23:55:00,19.9V,4.8V,14.1V,14.2V,0.1A,0.0A,0.0A,0.0A,,30.1C,,,,,,,
02/13/15    02:27:40,41 days 23:50:00,18.5V,4.8V,14.2V,14.2V,0.1A,0.0A,0.0A,-0.2A,,30.1C,,,,,,,
02/13/15    02:22:39,41 days 23:45:00,19.7V,4.8V,14.1V,14.2V,0.2A,0.0A,0.0A,-0.2A,,30.0C,,,,,,,
02/13/15    02:17:38,41 days 23:40:00,15.1V,4.8V,13.8V,13.8V,0.2A,0.0A,0.0A,-0.2A,,30.0C,,,,,,,
02/13/15    02:12:37,41 days 23:35:00,18.3V,4.8V,14.1V,14.2V,0.2A,0.0A,0.0A,-0.2A,,29.9C,,,,,,,
02/13/15    02:07:36,41 days 23:30:00,18.3V,4.8V,14.1V,14.1V,0.1A,0.0A,0.0A,0.0A,,29.8C,,,,,,,
02/13/15    02:02:35,41 days 23:25:00,15.9V,4.8V,14.0V,14.1V,0.0A,0.0A,0.0A,-0.2A,,29.8C,,,,,,,
02/13/15    01:57:34,41 days 23:20:00,18.3V,4.8V,13.6V,13.7V,0.0A,0.0A,0.0A,-0.2A,,29.7C,,,,,,,
02/13/15    01:52:33,41 days 23:15:00,15.9V,4.8V,14.0V,14.0V,0.0A,0.0A,0.0A,-0.2A,,29.6C,,,,,,,
02/13/15    01:47:32,41 days 23:10:00,16.5V,4.8V,13.9V,14.0V,0.0A,0.0A,0.0A,0.0A,,29.6C,,,,,,,
02/13/15    01:42:31,41 days 23:05:00,15.1V,4.8V,13.5V,13.6V,0.0A,0.0A,0.0A,-0.2A,,29.5C,,,,,,,
02/13/15    01:37:30,41 days 23:00:00,16.9V,4.8V,13.9V,14.0V,0.0A,0.0A,0.0A,-0.2A,,29.5C,,,,,,,
02/13/15    01:32:29,41 days 22:55:00,15.7V,4.8V,13.8V,13.9V,0.0A,0.0A,0.0A,-0.2A,,29.4C,,,,,,,
02/13/15    01:27:28,41 days 22:50:00,15.2V,4.8V,13.6V,13.7V,0.0A,0.0A,0.0A,-0.2A,,29.4C,,,,,,,
02/13/15    01:22:27,41 days 22:45:00,15.5V,4.8V,13.8V,13.9V,0.0A,0.0A,0.0A,0.0A,,29.3C,,,,,,,
02/13/15    01:17:26,41 days 22:40:00,15.6V,4.8V,13.8V,13.9V,0.0A,0.0A,0.0A,-0.2A,,29.2C,,,,,,,
02/13/15    01:12:25,41 days 22:34:59,15.6V,4.8V,13.8V,13.8V,0.0A,0.0A,0.0A,-0.2A,,29.1C,,,,,,,
02/13/15    01:07:25,41 days 22:30:00,15.6V,4.8V,13.8V,13.9V,0.0A,0.0A,0.0A,0.0A,,29.0C,,,,,,,
02/13/15    01:02:23,41 days 22:24:59,15.6V,4.8V,13.8V,13.9V,0.0A,0.0A,0.0A,-0.2A,,28.9C,,,,,,,
02/13/15    00:57:23,41 days 22:20:00,15.7V,4.8V,13.8V,13.8V,0.0A,0.0A,0.0A,0.0A,,28.8C,,,,,,,
02/13/15    00:52:22,41 days 22:15:00,15.7V,4.8V,13.8V,13.8V,0.0A,0.0A,0.0A,0.0A,,28.7C,,,,,,,
02/13/15    00:47:21,41 days 22:10:00,15.8V,4.8V,13.7V,13.8V,0.0A,0.0A,0.0A,-0.2A,,28.6C,,,,,,,
02/13/15    00:42:20,41 days 22:05:00,20.7V,4.8V,13.4V,13.5V,0.0A,0.0A,0.0A,-0.2A,,28.6C,,,,,,,
02/13/15    00:37:19,41 days 22:00:00,15.6V,4.8V,13.7V,13.8V,0.0A,0.0A,0.0A,0.0A,,28.5C,,,,,,,
02/13/15    00:32:18,41 days 21:54:59,15.7V,4.8V,13.7V,13.8V,0.0A,0.0A,0.0A,-0.2A,,28.5C,,,,,,,
02/13/15    00:27:17,41 days 21:49:59,15.6V,4.8V,13.7V,13.8V,0.1A,0.0A,0.0A,-0.2A,,28.4C,,,,,,,
02/13/15    00:22:16,41 days 21:44:59,15.5V,4.8V,13.6V,13.7V,0.1A,0.0A,0.0A,-0.2A,,28.3C,,,,,,,
02/13/15    00:17:16,41 days 21:40:00,15.5V,4.8V,13.7V,13.7V,0.1A,0.0A,0.0A,0.0A,,28.2C,,,,,,,
02/13/15    00:12:15,41 days 21:35:00,15.4V,4.8V,13.6V,13.7V,0.1A,0.0A,0.0A,0.0A,,28.1C,,,,,,,
02/13/15    00:07:14,41 days 21:30:00,15.4V,4.8V,13.5V,13.6V,0.2A,0.0A,0.2A,-0.2A,,28.0C,,,,,,,
02/13/15    00:02:14,41 days 21:25:00,15.4V,4.8V,13.5V,13.6V,0.1A,0.0A,0.2A,-0.2A,,27.9C,,,,,,,
02/12/15    23:57:13,41 days 21:20:00,15.3V,4.8V,13.5V,13.5V,0.1A,0.0A,0.2A,-0.2A,,27.8C,,,,,,,
02/12/15    23:52:12,41 days 21:15:00,15.4V,4.8V,13.5V,13.5V,0.1A,0.0A,0.2A,-0.2A,,27.7C,,,,,,,
02/12/15    23:47:11,41 days 21:10:00,15.4V,4.8V,13.4V,13.5V,0.1A,0.0A,0.2A,-0.2A,,27.7C,,,,,,,
02/12/15    23:42:11,41 days 21:05:00,15.4V,4.8V,13.4V,13.5V,0.1A,0.0A,0.2A,0.0A,,27.6C,,,,,,,
02/12/15    23:37:10,41 days 21:00:00,15.4V,4.8V,13.4V,13.5V,0.1A,0.0A,0.2A,-0.2A,,27.5C,,,,,,,
02/12/15    23:32:09,41 days 20:55:00,15.3V,4.8V,13.4V,13.4V,0.1A,0.0A,0.2A,0.0A,,27.4C,,,,,,,
02/12/15    23:27:08,41 days 20:49:59,15.2V,4.8V,13.3V,13.4V,0.2A,0.0A,0.2A,-0.2A,,27.3C,,,,,,,
02/12/15    23:22:08,41 days 20:45:00,15.2V,4.8V,13.4V,13.4V,0.0A,0.0A,0.2A,-0.2A,,27.3C,,,,,,,
02/12/15    23:17:07,41 days 20:40:00,15.3V,4.8V,13.4V,13.4V,0.0A,0.0A,0.2A,-0.2A,,27.2C,,,,,,,
02/12/15    23:12:07,41 days 20:35:00,15.3V,4.8V,13.3V,13.4V,0.1A,0.0A,0.2A,-0.2A,,27.1C,,,,,,,
02/12/15    23:07:06,41 days 20:30:00,15.3V,4.8V,13.3V,13.3V,0.1A,0.0A,0.2A,0.0A,,27.1C,,,,,,,
02/12/15    23:02:05,41 days 20:24:59,15.2V,4.8V,13.2V,13.2V,0.1A,0.0A,0.2A,-0.2A,,27.0C,,,,,,,
02/12/15    22:57:05,41 days 20:20:00,15.2V,4.8V,13.2V,13.3V,0.1A,0.0A,0.2A,-0.2A,,26.9C,,,,,,,
02/12/15    22:52:04,41 days 20:15:00,15.3V,4.8V,13.2V,13.3V,0.1A,0.0A,0.1A,-0.2A,,26.9C,,,,,,,
02/12/15    22:47:03,41 days 20:09:59,15.2V,4.8V,13.2V,13.2V,0.1A,0.0A,0.2A,0.0A,,26.9C,,,,,,,
02/12/15    22:42:03,41 days 20:05:00,15.1V,4.8V,13.1V,13.2V,0.1A,0.0A,0.2A,-0.2A,,26.8C,,,,,,,
02/12/15    22:37:02,41 days 20:00:00,15.0V,4.8V,13.1V,13.2V,0.1A,0.0A,0.2A,0.0A,,26.8C,,,,,,,
02/12/15    22:32:02,41 days 19:55:00,15.0V,4.8V,13.1V,13.2V,0.1A,0.0A,0.2A,-0.2A,,26.7C,,,,,,,
02/12/15    22:27:01,41 days 19:50:00,15.1V,4.8V,13.1V,13.1V,0.1A,0.0A,0.2A,-0.2A,,26.7C,,,,,,,
02/12/15    22:22:00,41 days 19:44:59,15.0V,4.8V,13.1V,13.1V,0.1A,0.0A,0.2A,-0.2A,,26.6C,,,,,,,
02/12/15    22:16:59,41 days 19:39:59,14.9V,4.8V,13.0V,13.1V,0.1A,0.0A,0.1A,0.0A,,26.6C,,,,,,,
02/12/15    22:11:59,41 days 19:35:00,14.9V,4.8V,13.0V,13.1V,0.1A,0.0A,0.2A,-0.2A,,26.6C,,,,,,,
02/12/15    22:06:58,41 days 19:29:59,14.9V,4.8V,13.0V,13.1V,0.1A,0.0A,0.1A,0.0A,,26.5C,,,,,,,
02/12/15    22:01:58,41 days 19:25:00,14.8V,4.8V,13.0V,13.0V,0.1A,0.0A,0.2A,0.0A,,26.5C,,,,,,,
02/12/15    21:56:57,41 days 19:20:00,14.8V,4.8V,13.0V,13.0V,0.1A,0.0A,0.2A,-0.2A,,26.5C,,,,,,,
02/12/15    21:51:57,41 days 19:15:00,14.8V,4.8V,12.9V,13.0V,0.1A,0.0A,0.2A,-0.2A,,26.5C,,,,,,,
02/12/15    21:46:56,41 days 19:10:00,14.7V,4.8V,12.9V,13.0V,0.1A,0.0A,0.2A,-0.2A,,26.5C,,,,,,,
02/12/15    21:41:55,41 days 19:04:59,14.6V,4.8V,12.9V,13.0V,0.1A,0.0A,0.2A,-0.2A,,26.6C,,,,,,,
02/12/15    21:36:55,41 days 19:00:00,14.5V,4.8V,12.9V,12.9V,0.1A,0.0A,0.2A,-0.2A,,26.6C,,,,,,,
02/12/15    21:31:54,41 days 18:54:59,14.4V,4.8V,12.9V,12.9V,0.1A,0.0A,0.2A,-0.2A,,26.6C,,,,,,,
02/12/15    21:26:54,41 days 18:50:00,14.2V,4.8V,12.9V,12.9V,0.1A,0.0A,0.1A,-0.2A,,26.7C,,,,,,,
02/12/15    21:21:53,41 days 18:44:59,14.2V,4.8V,12.9V,12.9V,0.1A,0.0A,0.2A,-0.2A,,26.7C,,,,,,,
02/12/15    21:16:53,41 days 18:40:00,14.0V,4.8V,12.8V,12.9V,0.1A,0.0A,0.2A,-0.2A,,26.7C,,,,,,,
02/12/15    21:11:52,41 days 18:34:59,14.8V,4.8V,12.8V,12.9V,0.1A,0.0A,0.2A,-0.2A,,26.7C,,,,,,,
02/12/15    21:06:52,41 days 18:30:00,13.4V,4.8V,12.8V,12.9V,0.1A,0.0A,0.2A,-0.2A,,26.7C,,,,,,,
02/12/15    21:01:51,41 days 18:25:00,13.4V,4.8V,12.9V,12.9V,0.1A,0.0A,0.1A,-0.2A,,26.8C,,,,,,,
02/12/15    20:56:51,41 days 18:20:00,13.5V,4.8V,12.8V,12.9V,0.1A,0.0A,0.1A,0.0A,,26.8C,,,,,,,
02/12/15    20:51:50,41 days 18:15:00,13.4V,4.8V,12.8V,12.9V,0.1A,0.0A,0.2A,-0.2A,,26.9C,,,,,,,
02/12/15    20:46:50,41 days 18:10:00,13.4V,4.8V,12.8V,12.9V,0.1A,0.0A,0.2A,-0.2A,,26.9C,,,,,,,
02/12/15    20:41:49,41 days 18:05:00,13.4V,4.8V,12.8V,12.9V,0.1A,0.0A,0.2A,-0.2A,,26.9C,,,,,,,
02/12/15    20:36:48,41 days 17:59:59,13.2V,4.8V,12.8V,12.9V,0.1A,0.0A,0.2A,-0.2A,,27.0C,,,,,,,
02/12/15    20:31:48,41 days 17:55:00,12.9V,4.8V,12.8V,12.9V,0.1A,0.0A,0.2A,-0.2A,,27.0C,,,,,,,
02/12/15    20:26:47,41 days 17:50:00,12.2V,4.8V,12.9V,12.9V,0.1A,0.0A,0.2A,-0.2A,,27.0C,,,,,,,
02/12/15    20:21:46,41 days 17:44:59,9.4V,4.8V,12.9V,12.9V,0.0A,0.0A,0.1A,0.0A,,27.0C,,,,,,,
02/12/15    20:16:46,41 days 17:40:00,5.1V,4.8V,12.9V,12.9V,0.1A,0.0A,0.2A,-0.2A,,27.1C,,,,,,,
02/12/15    20:11:45,41 days 17:35:00,1.8V,4.8V,12.9V,12.9V,0.1A,0.0A,0.2A,0.0A,,27.1C,,,,,,,
02/12/15    20:06:45,41 days 17:30:00,0.5V,4.8V,12.9V,12.9V,0.1A,0.0A,0.2A,0.0A,,27.2C,,,,,,,
02/12/15    20:01:44,41 days 17:25:00,0.1V,4.8V,12.9V,12.9V,0.1A,0.0A,0.2A,-0.2A,,27.2C,,,,,,,
02/12/15    19:56:43,41 days 17:19:59,0.0V,4.8V,12.9V,13.0V,0.0A,0.0A,0.2A,-0.2A,,27.3C,,,,,,,
02/12/15    19:51:43,41 days 17:15:00,0.0V,4.8V,12.9V,13.0V,0.0A,0.0A,0.2A,0.0A,,27.4C,,,,,,,
02/12/15    19:46:42,41 days 17:09:59,0.0V,4.8V,12.9V,13.0V,0.0A,0.0A,0.2A,-0.2A,,27.4C,,,,,,,
02/12/15    19:41:42,41 days 17:05:00,0.0V,4.8V,12.9V,13.0V,0.0A,0.0A,0.2A,-0.2A,,27.5C,,,,,,,
02/12/15    19:36:41,41 days 17:00:00,0.0V,4.8V,13.1V,13.2V,0.0A,0.0A,0.0A,0.0A,,27.5C,,,,,,,
02/12/15    19:31:41,41 days 16:55:00,0.0V,4.8V,13.1V,13.2V,0.0A,0.0A,0.0A,0.0A,,27.5C,,,,,,,
02/12/15    19:26:40,41 days 16:50:00,0.0V,4.8V,13.1V,13.2V,0.0A,0.0A,0.0A,-0.2A,,27.5C,,,,,,,
02/12/15    19:21:40,41 days 16:45:00,0.0V,4.8V,13.1V,13.2V,0.0A,0.0A,0.0A,-0.2A,,27.5C,,,,,,,
02/12/15    19:16:39,41 days 16:40:00,0.0V,4.8V,13.1V,13.2V,0.0A,0.0A,0.0A,-0.2A,,27.5C,,,,,,,
02/12/15    19:11:38,41 days 16:35:00,0.0V,4.8V,13.1V,13.2V,0.0A,0.0A,0.0A,0.0A,,27.5C,,,,,,,
02/12/15    19:06:37,41 days 16:29:59,0.0V,4.8V,13.1V,13.2V,0.0A,0.0A,0.0A,-0.2A,,27.5C,,,,,,,
02/12/15    19:01:37,41 days 16:25:00,0.0V,4.8V,13.1V,13.2V,0.0A,0.0A,0.0A,-0.2A,,27.6C,,,,,,,
02/12/15    18:56:36,41 days 16:20:00,0.0V,4.8V,13.1V,13.2V,0.0A,0.0A,0.0A,0.0A,,27.6C,,,,,,,
02/12/15    18:51:36,41 days 16:15:00,0.0V,4.8V,13.1V,13.2V,0.0A,0.0A,0.0A,0.0A,,27.6C,,,,,,,
02/12/15    18:46:35,41 days 16:10:00,0.0V,4.8V,13.1V,13.2V,0.0A,0.0A,0.0A,-0.2A,,27.6C,,,,,,,
02/12/15    18:41:34,41 days 16:05:00,0.0V,4.8V,13.1V,13.2V,0.0A,0.0A,0.0A,-0.2A,,27.6C,,,,,,,
02/12/15    18:36:34,41 days 16:00:00,0.0V,4.8V,13.1V,13.2V,0.0A,0.0A,0.0A,0.0A,,27.7C,,,,,,,
02/12/15    18:31:33,41 days 15:54:59,0.0V,4.8V,13.1V,13.2V,0.0A,0.0A,0.0A,0.0A,,27.7C,,,,,,,
02/12/15    18:26:33,41 days 15:50:00,0.0V,4.8V,13.1V,13.2V,0.0A,0.0A,0.0A,0.0A,,27.7C,,,,,,,
02/12/15    18:21:32,41 days 15:44:59,0.0V,4.8V,13.1V,13.2V,0.0A,0.0A,0.0A,-0.2A,,27.7C,,,,,,,
02/12/15    18:16:32,41 days 15:40:00,0.0V,4.8V,13.1V,13.2V,0.0A,0.0A,0.0A,0.0A,,27.7C,,,,,,,
02/12/15    18:11:31,41 days 15:35:00,0.0V,4.8V,13.1V,13.2V,0.0A,0.0A,0.0A,-0.2A,,27.7C,,,,,,,
02/12/15    18:06:30,41 days 15:29:59,0.0V,4.8V,13.1V,13.2V,0.0A,0.0A,0.0A,-0.2A,,27.7C,,,,,,,
02/12/15    18:01:30,41 days 15:25:00,0.0V,4.8V,13.1V,13.2V,0.0A,0.0A,0.0A,0.0A,,27.8C,,,,,,,
02/12/15    17:56:29,41 days 15:20:00,0.0V,4.8V,13.1V,13.2V,0.0A,0.0A,0.0A,-0.2A,,27.8C,,,,,,,
02/12/15    17:51:29,41 days 15:15:00,0.0V,4.8V,13.1V,13.2V,0.0A,0.0A,0.0A,-0.2A,,27.8C,,,,,,,
02/12/15    17:46:28,41 days 15:10:00,0.0V,4.8V,13.1V,13.2V,0.0A,0.0A,0.0A,-0.2A,,27.8C,,,,,,,
02/12/15    17:41:27,41 days 15:04:59,0.0V,4.8V,13.1V,13.2V,0.0A,0.0A,0.0A,0.0A,,27.8C,,,,,,,
02/12/15    17:36:27,41 days 15:00:00,0.0V,4.8V,13.1V,13.2V,0.0A,0.0A,0.0A,0.0A,,27.8C,,,,,,,
02/12/15    17:31:26,41 days 14:55:00,0.0V,4.8V,13.1V,13.2V,0.0A,0.0A,0.0A,-0.2A,,27.8C,,,,,,,
02/12/15    17:26:25,41 days 14:49:59,0.0V,4.8V,13.1V,13.2V,0.0A,0.0A,0.0A,-0.2A,,27.8C,,,,,,,
02/12/15    17:21:25,41 days 14:45:00,0.0V,4.8V,13.1V,13.2V,0.0A,0.0A,0.0A,-0.2A,,27.8C,,,,,,,
02/12/15    17:16:24,41 days 14:40:00,0.0V,4.8V,13.1V,13.2V,0.0A,0.0A,0.0A,0.0A,,27.8C,,,,,,,
02/12/15    17:11:23,41 days 14:34:59,0.0V,4.8V,13.1V,13.2V,0.0A,0.0A,0.0A,-0.2A,,27.8C,,,,,,,
02/12/15    17:06:23,41 days 14:30:00,0.0V,4.8V,13.1V,13.2V,0.0A,0.0A,0.0A,-0.2A,,27.8C,,,,,,,
02/12/15    17:01:22,41 days 14:25:00,0.0V,4.8V,13.1V,13.2V,0.0A,0.0A,0.0A,0.0A,,27.9C,,,,,,,
02/12/15    16:56:21,41 days 14:20:00,0.0V,4.8V,13.1V,13.2V,0.0A,0.0A,0.0A,-0.2A,,27.9C,,,,,,,
02/12/15    16:51:20,41 days 14:14:59,0.0V,4.8V,13.1V,13.2V,0.0A,0.0A,0.0A,-0.2A,,27.9C,,,,,,,
02/12/15    16:46:20,41 days 14:10:00,0.0V,4.8V,13.1V,13.2V,0.0A,0.0A,0.0A,0.0A,,27.9C,,,,,,,
02/12/15    16:41:19,41 days 14:05:00,0.0V,4.8V,13.1V,13.2V,0.0A,0.0A,0.0A,-0.2A,,27.9C,,,,,,,
02/12/15    16:36:18,41 days 14:00:00,0.0V,4.8V,13.1V,13.2V,0.0A,0.0A,0.0A,-0.2A,,28.0C,,,,,,,
02/12/15    16:31:17,41 days 13:55:00,0.0V,4.8V,13.1V,13.2V,0.0A,0.0A,0.0A,0.0A,,28.0C,,,,,,,
02/12/15    16:26:16,41 days 13:50:00,0.0V,4.8V,13.1V,13.2V,0.0A,0.0A,0.0A,-0.2A,,28.0C,,,,,,,
02/12/15    16:21:15,41 days 13:45:00,0.0V,4.8V,13.1V,13.2V,0.0A,0.0A,0.0A,-0.2A,,28.0C,,,,,,,
02/12/15    16:16:15,41 days 13:40:00,0.0V,4.8V,13.1V,13.2V,0.0A,0.0A,0.0A,0.0A,,28.1C,,,,,,,
02/12/15    16:11:14,41 days 13:35:00,0.0V,4.8V,13.1V,13.2V,0.0A,0.0A,0.0A,0.0A,,28.1C,,,,,,,
02/12/15    16:06:13,41 days 13:30:00,0.0V,4.8V,13.1V,13.2V,0.0A,0.0A,0.0A,-0.2A,,28.1C,,,,,,,
02/12/15    16:01:12,41 days 13:25:00,0.0V,4.8V,13.1V,13.2V,0.0A,0.0A,0.0A,0.0A,,28.2C,,,,,,,
02/12/15    15:56:11,41 days 13:19:59,0.0V,4.8V,13.1V,13.2V,0.0A,0.0A,0.0A,0.0A,,28.2C,,,,,,,
02/12/15    15:51:10,41 days 13:14:59,0.0V,4.8V,13.1V,13.2V,0.0A,0.0A,0.0A,-0.2A,,28.2C,,,,,,,
02/12/15    15:46:10,41 days 13:10:00,0.0V,4.8V,13.1V,13.2V,0.0A,0.0A,0.0A,0.0A,,28.2C,,,,,,,
02/12/15    15:41:09,41 days 13:05:00,0.0V,4.8V,13.1V,13.2V,0.0A,0.0A,0.0A,0.0A,,28.3C,,,,,,,
02/12/15    15:36:08,41 days 12:59:59,0.0V,4.8V,13.1V,13.2V,0.0A,0.0A,0.0A,-0.2A,,28.3C,,,,,,,
02/12/15    15:31:07,41 days 12:54:59,0.0V,4.8V,13.1V,13.2V,0.0A,0.0A,0.0A,0.0A,,28.4C,,,,,,,
02/12/15    15:26:07,41 days 12:50:00,0.0V,4.8V,13.1V,13.2V,0.0A,0.0A,0.0A,0.0A,,28.4C,,,,,,,
02/12/15    15:21:06,41 days 12:45:00,0.0V,4.8V,13.1V,13.2V,0.0A,0.0A,0.0A,-0.2A,,28.4C,,,,,,,
02/12/15    15:16:05,41 days 12:39:59,0.0V,4.8V,13.1V,13.2V,0.0A,0.0A,0.0A,-0.2A,,28.4C,,,,,,,
02/12/15    15:11:04,41 days 12:34:59,0.0V,4.8V,13.1V,13.2V,0.0A,0.0A,0.0A,-0.2A,,28.5C,,,,,,,
02/12/15    15:06:04,41 days 12:30:00,0.0V,4.8V,13.1V,13.2V,0.0A,0.0A,0.0A,0.0A,,28.4C,,,,,,,
02/12/15    15:01:03,41 days 12:25:00,0.0V,4.8V,13.1V,13.2V,0.0A,0.0A,0.0A,-0.2A,,28.5C,,,,,,,
02/12/15    14:56:02,41 days 12:20:00,0.0V,4.8V,13.1V,13.2V,0.0A,0.0A,0.0A,0.0A,,28.5C,,,,,,,
02/12/15    14:51:01,41 days 12:15:00,0.0V,4.8V,13.1V,13.2V,0.0A,0.0A,0.0A,-0.2A,,28.5C,,,,,,,
02/12/15    14:46:00,41 days 12:09:59,0.0V,4.8V,13.0V,13.0V,0.0A,0.0A,0.2A,-0.2A,,28.5C,,,,,,,
02/12/15    14:41:00,41 days 12:05:00,0.0V,4.8V,12.9V,12.9V,0.0A,0.1A,0.2A,-0.2A,,28.5C,,,,,,,
02/12/15    14:35:59,41 days 12:00:00,0.0V,4.8V,13.1V,13.2V,0.0A,0.0A,0.0A,-0.2A,,28.5C,,,,,,,
02/12/15    14:30:58,41 days 11:55:00,0.0V,4.8V,13.1V,13.2V,0.0A,0.0A,0.0A,-0.2A,,28.5C,,,,,,,
02/12/15    14:25:57,41 days 11:49:59,0.0V,4.8V,13.1V,13.2V,0.0A,0.0A,0.0A,-0.2A,,28.5C,,,,,,,
02/12/15    14:20:57,41 days 11:45:00,0.0V,4.8V,13.1V,13.2V,0.0A,0.0A,0.0A,-0.2A,,28.6C,,,,,,,
02/12/15    14:15:56,41 days 11:40:00,0.0V,4.8V,13.1V,13.2V,0.0A,0.0A,0.0A,0.0A,,28.6C,,,,,,,
02/12/15    14:10:55,41 days 11:35:00,0.0V,4.8V,13.1V,13.2V,0.0A,0.0A,0.0A,0.0A,,28.7C,,,,,,,
02/12/15    14:05:54,41 days 11:30:00,0.0V,4.8V,13.1V,13.2V,0.0A,0.0A,0.0A,0.0A,,28.7C,,,,,,,
02/12/15    14:00:53,41 days 11:24:59,0.0V,4.8V,13.1V,13.2V,0.0A,0.0A,0.0A,-0.2A,,28.7C,,,,,,,
02/12/15    13:55:53,41 days 11:20:00,0.0V,4.8V,13.1V,13.2V,0.0A,0.0A,0.0A,0.0A,,28.8C,,,,,,,
02/12/15    13:50:52,41 days 11:15:00,0.0V,4.8V,13.1V,13.2V,0.0A,0.0A,0.0A,-0.2A,,28.8C,,,,,,,
02/12/15    13:45:51,41 days 11:10:00,0.0V,4.8V,13.1V,13.2V,0.0A,0.0A,0.0A,-0.2A,,28.9C,,,,,,,
02/12/15    13:40:51,41 days 11:05:00,0.0V,4.8V,13.1V,13.2V,0.0A,0.0A,0.0A,0.0A,,28.9C,,,,,,,
02/12/15    13:35:49,41 days 10:59:59,0.0V,4.8V,13.1V,13.2V,0.0A,0.0A,0.0A,0.0A,,28.9C,,,,,,,
02/12/15    13:30:49,41 days 10:55:00,0.0V,4.8V,13.1V,13.2V,0.0A,0.0A,0.0A,0.0A,,28.9C,,,,,,,
02/12/15    13:25:48,41 days 10:50:00,0.0V,4.8V,13.1V,13.2V,0.0A,0.0A,0.0A,-0.2A,,29.0C,,,,,,,
02/12/15    13:20:47,41 days 10:45:00,0.0V,4.8V,13.1V,13.2V,0.0A,0.0A,0.0A,0.0A,,29.0C,,,,,,,
02/12/15    13:15:46,41 days 10:40:00,0.0V,4.8V,13.1V,13.2V,0.0A,0.0A,0.0A,-0.2A,,29.0C,,,,,,,
02/12/15    13:10:45,41 days 10:35:00,0.0V,4.8V,13.1V,13.2V,0.0A,0.0A,0.0A,-0.2A,,29.1C,,,,,,,
02/12/15    13:05:44,41 days 10:30:00,0.0V,4.8V,13.1V,13.2V,0.0A,0.0A,0.0A,0.0A,,29.1C,,,,,,,
02/12/15    13:00:43,41 days 10:24:59,0.0V,4.8V,13.1V,13.2V,0.0A,0.0A,0.0A,0.0A,,29.1C,,,,,,,
02/12/15    12:55:42,41 days 10:19:59,0.0V,4.8V,13.1V,13.2V,0.0A,0.0A,0.0A,-0.2A,,29.2C,,,,,,,
02/12/15    12:50:41,41 days 10:14:59,0.0V,4.8V,13.1V,13.2V,0.0A,0.0A,0.0A,-0.2A,,29.2C,,,,,,,
02/12/15    12:45:41,41 days 10:10:00,0.0V,4.8V,13.1V,13.2V,0.0A,0.0A,0.0A,-0.2A,,29.3C,,,,,,,
02/12/15    12:40:39,41 days 10:04:59,0.0V,4.8V,13.1V,13.2V,0.0A,0.0A,0.0A,-0.2A,,29.4C,,,,,,,
02/12/15    12:35:39,41 days 10:00:00,0.0V,4.8V,13.1V,13.2V,0.0A,0.0A,0.0A,-0.2A,,29.4C,,,,,,,
02/12/15    12:30:37,41 days 09:54:59,0.0V,4.8V,13.1V,13.2V,0.0A,0.0A,0.0A,-0.2A,,29.5C,,,,,,,
02/12/15    12:25:37,41 days 09:50:00,0.0V,4.8V,13.1V,13.2V,0.0A,0.0A,0.0A,-0.2A,,29.5C,,,,,,,
02/12/15    12:20:36,41 days 09:45:00,0.0V,4.8V,13.1V,13.2V,0.0A,0.0A,0.0A,-0.2A,,29.6C,,,,,,,
02/12/15    12:15:35,41 days 09:40:00,0.0V,4.8V,13.1V,13.2V,0.0A,0.0A,0.0A,-0.2A,,29.6C,,,,,,,
02/12/15    12:10:34,41 days 09:35:00,0.0V,4.8V,13.1V,13.2V,0.0A,0.0A,0.0A,-0.2A,,29.6C,,,,,,,
02/12/15    12:05:33,41 days 09:30:00,0.0V,4.8V,13.1V,13.2V,0.0A,0.0A,0.0A,0.0A,,29.6C,,,,,,,
02/12/15    12:00:32,41 days 09:25:00,0.0V,4.8V,13.1V,13.2V,0.0A,0.0A,0.0A,0.0A,,29.6C,,,,,,,
02/12/15    11:55:31,41 days 09:20:00,0.0V,4.8V,13.1V,13.2V,0.0A,0.0A,0.0A,-0.2A,,29.6C,,,,,,,
02/12/15    11:50:30,41 days 09:15:00,0.0V,4.8V,13.1V,13.2V,0.0A,0.0A,0.0A,0.0A,,29.6C,,,,,,,
02/12/15    11:45:29,41 days 09:10:00,0.0V,4.8V,13.1V,13.2V,0.0A,0.0A,0.0A,-0.2A,,29.6C,,,,,,,
02/12/15    11:40:28,41 days 09:05:00,0.0V,4.8V,13.1V,13.2V,0.0A,0.0A,0.0A,0.0A,,29.6C,,,,,,,
02/12/15    11:35:27,41 days 09:00:00,0.0V,4.8V,13.1V,13.2V,0.0A,0.0A,0.0A,-0.2A,,29.7C,,,,,,,
02/12/15    11:30:26,41 days 08:55:00,0.0V,4.8V,13.1V,13.2V,0.0A,0.0A,0.0A,-0.2A,,29.7C,,,,,,,
02/12/15    11:25:25,41 days 08:49:59,0.0V,4.8V,13.1V,13.2V,0.0A,0.0A,0.0A,-0.2A,,29.7C,,,,,,,
02/12/15    11:20:24,41 days 08:44:59,0.0V,4.8V,13.1V,13.2V,0.0A,0.0A,0.0A,-0.2A,,29.7C,,,,,,,
02/12/15    11:15:24,41 days 08:40:00,0.0V,4.8V,13.1V,13.2V,0.0A,0.0A,0.0A,-0.2A,,29.7C,,,,,,,
02/12/15    11:10:22,41 days 08:34:59,0.0V,4.8V,13.1V,13.2V,0.0A,0.0A,0.0A,-0.2A,,29.7C,,,,,,,
02/12/15    11:05:22,41 days 08:30:00,0.0V,4.8V,13.1V,13.2V,0.0A,0.0A,0.0A,-0.2A,,29.7C,,,,,,,
02/12/15    11:00:20,41 days 08:24:59,0.0V,4.8V,13.1V,13.2V,0.0A,0.0A,0.0A,-0.2A,,29.7C,,,,,,,
02/12/15    10:55:19,41 days 08:19:59,0.0V,4.8V,13.1V,13.2V,0.0A,0.0A,0.0A,-0.2A,,29.8C,,,,,,,
02/12/15    10:50:18,41 days 08:14:59,0.0V,4.8V,13.1V,13.2V,0.0A,0.0A,0.0A,0.0A,,29.8C,,,,,,,
02/12/15    10:45:17,41 days 08:10:00,0.0V,4.8V,12.9V,13.0V,0.0A,0.1A,0.2A,0.0A,,29.8C,,,,,,,
02/12/15    10:40:16,41 days 08:05:00,0.0V,4.8V,12.9V,13.0V,0.0A,0.1A,0.2A,-0.2A,,29.8C,,,,,,,
02/12/15    10:35:15,41 days 08:00:00,0.0V,4.8V,12.9V,13.0V,0.0A,0.1A,0.2A,-0.2A,,29.8C,,,,,,,
02/12/15    10:30:14,41 days 07:55:00,0.0V,4.8V,12.9V,13.0V,0.1A,0.1A,0.2A,-0.2A,,29.9C,,,,,,,
02/12/15    10:25:13,41 days 07:50:00,0.0V,4.8V,12.9V,13.0V,0.1A,0.1A,0.2A,-0.2A,,29.9C,,,,,,,
02/12/15    10:20:12,41 days 07:45:00,0.0V,4.8V,12.9V,13.0V,0.1A,0.1A,0.2A,-0.2A,,29.9C,,,,,,,
02/12/15    10:15:11,41 days 07:40:00,0.0V,4.8V,12.9V,12.9V,0.1A,0.1A,0.2A,-0.2A,,29.9C,,,,,,,
02/12/15    10:10:10,41 days 07:35:00,0.0V,4.8V,12.9V,12.9V,0.2A,0.1A,0.2A,-0.2A,,30.0C,,,,,,,
02/12/15    10:05:09,41 days 07:30:00,0.0V,4.8V,12.9V,13.0V,0.1A,0.1A,0.2A,-0.2A,,30.0C,,,,,,,
02/12/15    10:00:08,41 days 07:25:00,0.0V,4.8V,12.9V,13.0V,0.1A,0.1A,0.2A,0.0A,,30.0C,,,,,,,
02/12/15    09:55:07,41 days 07:20:00,0.0V,4.8V,12.9V,13.0V,0.1A,0.1A,0.2A,-0.2A,,30.0C,,,,,,,
02/12/15    09:50:06,41 days 07:15:00,0.0V,4.8V,12.9V,13.0V,0.1A,0.1A,0.2A,-0.2A,,30.1C,,,,,,,
02/12/15    09:45:05,41 days 07:10:00,0.0V,4.8V,12.9V,13.0V,0.2A,0.1A,0.2A,-0.2A,,30.1C,,,,,,,
02/12/15    09:40:04,41 days 07:05:00,0.0V,4.8V,12.9V,13.0V,0.2A,0.1A,0.2A,-0.2A,,30.1C,,,,,,,
02/12/15    09:35:03,41 days 07:00:00,0.0V,4.8V,12.9V,12.9V,0.2A,0.1A,0.2A,0.0A,,30.1C,,,,,,,
02/12/15    09:30:02,41 days 06:55:00,0.0V,4.8V,12.9V,13.0V,0.1A,0.1A,0.2A,-0.2A,,30.2C,,,,,,,
02/12/15    09:25:01,41 days 06:50:00,0.0V,4.8V,12.9V,13.0V,0.2A,0.1A,0.2A,-0.2A,,30.2C,,,,,,,
02/12/15    09:20:00,41 days 06:45:00,0.0V,4.8V,12.9V,13.0V,0.1A,0.1A,0.2A,-0.2A,,30.2C,,,,,,,
02/12/15    09:14:59,41 days 06:40:00,0.2V,4.8V,12.9V,13.0V,0.1A,0.1A,0.2A,-0.2A,,30.3C,,,,,,,
02/12/15    09:09:58,41 days 06:35:00,0.8V,4.8V,12.9V,13.0V,0.1A,0.1A,0.2A,0.0A,,30.3C,,,,,,,
02/12/15    09:04:57,41 days 06:30:00,2.7V,4.8V,13.0V,13.1V,0.1A,0.0A,0.2A,0.0A,,30.3C,,,,,,,
02/12/15    08:59:56,41 days 06:25:00,6.1V,4.8V,13.0V,13.1V,0.2A,0.0A,0.2A,0.0A,,30.4C,,,,,,,
02/12/15    08:54:55,41 days 06:20:00,9.3V,4.8V,13.1V,13.2V,0.1A,0.0A,0.0A,-0.2A,,30.4C,,,,,,,
02/12/15    08:49:54,41 days 06:15:00,11.6V,4.8V,13.1V,13.2V,0.1A,0.0A,0.0A,0.0A,,30.4C,,,,,,,
02/12/15    08:44:53,41 days 06:10:00,13.1V,4.8V,13.1V,13.2V,0.1A,0.0A,0.0A,-0.2A,,30.4C,,,,,,,
02/12/15    08:39:52,41 days 06:05:00,13.7V,4.8V,13.1V,13.2V,0.1A,0.0A,0.0A,0.0A,,30.4C,,,,,,,
02/12/15    08:34:51,41 days 06:00:00,13.7V,4.8V,13.1V,13.2V,0.1A,0.0A,0.0A,0.0A,,30.4C,,,,,,,
02/12/15    08:29:50,41 days 05:55:00,13.8V,4.8V,13.2V,13.3V,0.1A,0.0A,0.0A,0.0A,,30.4C,,,,,,,
02/12/15    08:24:49,41 days 05:50:00,13.9V,4.8V,13.2V,13.3V,0.1A,0.0A,0.0A,-0.2A,,30.4C,,,,,,,
02/12/15    08:19:48,41 days 05:45:00,14.1V,4.8V,13.2V,13.3V,0.2A,0.0A,0.0A,-0.2A,,30.4C,,,,,,,
02/12/15    08:14:47,41 days 05:40:00,14.2V,4.8V,13.2V,13.3V,0.2A,0.0A,0.0A,-0.2A,,30.4C,,,,,,,
02/12/15    08:09:46,41 days 05:35:00,14.4V,4.8V,13.3V,13.4V,0.2A,0.0A,0.0A,-0.2A,,30.4C,,,,,,,
02/12/15    08:04:45,41 days 05:30:00,14.7V,4.8V,13.3V,13.4V,0.0A,0.0A,0.0A,-0.2A,,30.4C,,,,,,,
02/12/15    07:59:44,41 days 05:25:00,14.6V,4.8V,13.3V,13.4V,0.0A,0.0A,0.0A,-0.2A,,30.5C,,,,,,,
02/12/15    07:54:43,41 days 05:20:00,14.4V,4.8V,13.2V,13.3V,0.0A,0.0A,0.0A,-0.2A,,30.5C,,,,,,,
02/12/15    07:49:42,41 days 05:15:00,13.8V,4.8V,13.2V,13.3V,0.0A,0.0A,0.0A,0.0A,,30.5C,,,,,,,
02/12/15    07:44:41,41 days 05:10:00,13.7V,4.8V,13.1V,13.2V,0.0A,0.0A,0.0A,0.0A,,30.6C,,,,,,,
02/12/15    07:39:39,41 days 05:04:59,13.8V,4.8V,13.1V,13.2V,0.0A,0.0A,0.0A,0.0A,,30.7C,,,,,,,
02/12/15    07:34:39,41 days 05:00:00,14.7V,4.8V,13.1V,13.2V,0.0A,0.0A,0.0A,-0.2A,,30.7C,,,,,,,
02/12/15    07:29:37,41 days 04:54:59,13.7V,4.8V,13.1V,13.2V,0.2A,0.0A,0.0A,-0.2A,,30.8C,,,,,,,
02/12/15    07:24:36,41 days 04:50:00,13.7V,4.8V,13.1V,13.2V,0.2A,0.0A,0.0A,-0.2A,,30.8C,,,,,,,
02/12/15    07:19:35,41 days 04:45:00,13.7V,4.8V,13.1V,13.2V,0.1A,0.0A,0.0A,0.0A,,30.9C,,,,,,,
02/12/15    07:14:34,41 days 04:40:00,13.8V,4.8V,13.2V,13.3V,0.2A,0.0A,0.0A,-0.2A,,30.9C,,,,,,,
02/12/15    07:09:33,41 days 04:35:00,13.9V,4.8V,13.3V,13.4V,0.2A,0.0A,0.0A,-0.2A,,31.0C,,,,,,,
02/12/15    07:04:32,41 days 04:30:00,14.1V,4.8V,13.4V,13.5V,0.1A,0.0A,0.0A,-0.2A,,31.0C,,,,,,,
02/12/15    06:59:30,41 days 04:24:59,14.4V,4.8V,13.8V,13.9V,0.0A,0.0A,0.0A,0.0A,,31.1C,,,,,,,
02/12/15    06:54:29,41 days 04:19:59,14.5V,4.8V,13.9V,14.0V,0.0A,0.0A,0.0A,-0.2A,,31.2C,,,,,,,
02/12/15    06:49:28,41 days 04:15:00,14.7V,4.8V,14.1V,14.2V,0.0A,0.0A,0.0A,-0.2A,,31.3C,,,,,,,
02/12/15    06:44:27,41 days 04:10:00,17.2V,4.8V,14.3V,14.3V,0.0A,0.0A,0.0A,-0.2A,,31.3C,,,,,,,
02/12/15    06:39:25,41 days 04:04:59,15.2V,4.8V,14.2V,14.3V,0.0A,0.0A,0.0A,-0.2A,,31.3C,,,,,,,
02/12/15    06:34:24,41 days 03:59:59,19.0V,4.8V,14.2V,14.2V,0.0A,0.0A,0.0A,-0.2A,,31.4C,,,,,,,
02/12/15    06:29:23,41 days 03:54:59,16.3V,4.8V,14.3V,14.3V,0.0A,0.0A,0.0A,-0.2A,,31.4C,,,,,,,
02/12/15    06:24:22,41 days 03:50:00,20.6V,4.8V,14.3V,14.3V,0.0A,0.0A,0.0A,0.0A,,31.4C,,,,,,,
02/12/15    06:19:21,41 days 03:45:00,21.0V,4.8V,14.2V,14.3V,0.0A,0.0A,0.0A,-0.2A,,31.4C,,,,,,,
02/12/15    06:14:20,41 days 03:40:00,20.3V,4.8V,14.2V,14.3V,0.0A,0.0A,0.0A,-0.2A,,31.4C,,,,,,,
02/12/15    06:09:18,41 days 03:34:59,18.8V,4.8V,14.2V,14.3V,0.0A,0.0A,0.0A,-0.2A,,31.4C,,,,,,,
02/12/15    06:04:17,41 days 03:30:00,21.1V,4.8V,14.2V,14.2V,0.0A,0.0A,0.0A,-0.2A,,31.4C,,,,,,,
02/12/15    05:59:16,41 days 03:25:00,21.0V,4.8V,14.2V,14.3V,0.0A,0.0A,0.0A,-0.2A,,31.4C,,,,,,,
02/12/15    05:54:15,41 days 03:20:00,20.4V,4.8V,14.2V,14.3V,0.0A,0.0A,0.0A,0.0A,,31.4C,,,,,,,
02/12/15    05:49:14,41 days 03:15:00,18.6V,4.8V,14.2V,14.3V,0.0A,0.0A,0.0A,0.0A,,31.4C,,,,,,,
02/12/15    05:44:12,41 days 03:09:59,18.9V,4.8V,14.2V,14.3V,0.0A,0.0A,0.0A,0.0A,,31.4C,,,,,,,
02/12/15    05:39:11,41 days 03:05:00,19.0V,4.8V,14.2V,14.3V,0.0A,0.0A,0.0A,-0.2A,,31.4C,,,,,,,
02/12/15    05:34:10,41 days 03:00:00,19.5V,4.8V,14.2V,14.3V,0.0A,0.0A,0.0A,-0.2A,,31.4C,,,,,,,
02/12/15    05:29:09,41 days 02:55:00,21.5V,4.8V,14.2V,14.3V,0.0A,0.0A,0.0A,-0.2A,,31.4C,,,,,,,
02/12/15    05:24:07,41 days 02:49:59,17.7V,4.8V,14.2V,14.3V,0.0A,0.0A,0.0A,-0.2A,,31.4C,,,,,,,
02/12/15    05:19:06,41 days 02:44:59,17.0V,4.8V,14.2V,14.3V,0.0A,0.0A,0.0A,-0.2A,,31.4C,,,,,,,
02/12/15    05:14:05,41 days 02:40:00,18.4V,4.8V,14.2V,14.3V,0.0A,0.0A,0.0A,-0.2A,,31.3C,,,,,,,
02/12/15    05:09:04,41 days 02:35:00,21.0V,4.8V,14.2V,14.3V,0.0A,0.0A,0.0A,-0.2A,,31.3C,,,,,,,
02/12/15    05:04:02,41 days 02:29:59,20.3V,4.8V,14.2V,14.3V,0.0A,0.0A,0.0A,0.0A,,31.3C,,,,,,,
02/12/15    04:59:01,41 days 02:25:00,20.3V,4.8V,14.2V,14.3V,0.0A,0.0A,0.0A,-0.2A,,31.2C,,,,,,,
02/12/15    04:54:00,41 days 02:20:00,20.3V,4.8V,14.3V,14.3V,0.0A,0.0A,0.0A,0.0A,,31.2C,,,,,,,
02/12/15    04:48:59,41 days 02:15:00,19.9V,4.8V,14.2V,14.3V,0.0A,0.0A,0.0A,0.0A,,31.2C,,,,,,,
02/12/15    04:43:58,41 days 02:10:00,20.3V,4.8V,14.2V,14.3V,0.0A,0.0A,0.0A,-0.2A,,31.2C,,,,,,,
02/12/15    04:38:57,41 days 02:05:00,20.8V,4.8V,14.1V,14.2V,0.0A,0.0A,0.0A,-0.2A,,31.2C,,,,,,,
02/12/15    04:33:55,41 days 02:00:00,20.0V,4.8V,14.1V,14.2V,0.0A,0.0A,0.0A,-0.2A,,31.2C,,,,,,,
02/12/15    04:28:54,41 days 01:55:00,20.4V,4.8V,14.1V,14.2V,0.0A,0.0A,0.0A,0.0A,,31.1C,,,,,,,
02/12/15    04:23:53,41 days 01:50:00,19.5V,4.8V,14.2V,14.3V,0.0A,0.0A,0.0A,-0.2A,,31.1C,,,,,,,
02/12/15    04:18:52,41 days 01:45:00,19.6V,4.8V,14.3V,14.3V,0.0A,0.0A,0.0A,-0.2A,,31.0C,,,,,,,
02/12/15    04:13:50,41 days 01:39:59,20.3V,4.8V,14.1V,14.2V,0.0A,0.0A,0.0A,-0.2A,,31.0C,,,,,,,
02/12/15    04:08:49,41 days 01:35:00,20.1V,4.8V,14.1V,14.2V,0.0A,0.0A,0.0A,-0.2A,,31.0C,,,,,,,
02/12/15    04:03:48,41 days 01:30:00,19.9V,4.8V,14.1V,14.2V,0.0A,0.0A,0.0A,-0.2A,,30.9C,,,,,,,
02/12/15    03:58:47,41 days 01:25:00,19.4V,4.8V,14.2V,14.3V,0.0A,0.0A,0.0A,-0.2A,,30.9C,,,,,,,
02/12/15    03:53:46,41 days 01:20:00,18.8V,4.8V,14.2V,14.3V,0.0A,0.0A,0.0A,-0.2A,,30.8C,,,,,,,
02/12/15    03:48:45,41 days 01:15:00,18.1V,4.8V,14.2V,14.2V,0.0A,0.0A,0.0A,-0.2A,,30.7C,,,,,,,
02/12/15    03:43:44,41 days 01:10:00,15.7V,4.8V,14.1V,14.2V,0.0A,0.0A,0.0A,-0.2A,,30.6C,,,,,,,
02/12/15    03:38:43,41 days 01:05:00,15.5V,4.8V,14.0V,14.1V,0.0A,0.0A,0.0A,-0.2A,,30.5C,,,,,,,
02/12/15    03:33:42,41 days 01:00:00,15.5V,4.8V,14.0V,14.1V,0.0A,0.0A,0.0A,-0.2A,,30.5C,,,,,,,
02/12/15    03:28:40,41 days 00:54:59,15.5V,4.8V,13.9V,14.0V,0.0A,0.0A,0.0A,0.0A,,30.4C,,,,,,,
02/12/15    03:23:40,41 days 00:50:00,15.4V,4.8V,13.9V,14.0V,0.0A,0.0A,0.0A,-0.2A,,30.3C,,,,,,,
02/12/15    03:18:38,41 days 00:44:59,15.4V,4.8V,13.9V,14.0V,0.0A,0.0A,0.0A,0.0A,,30.3C,,,,,,,
02/12/15    03:13:38,41 days 00:40:00,15.5V,4.8V,13.9V,14.0V,0.0A,0.0A,0.0A,-0.2A,,30.2C,,,,,,,
02/12/15    03:08:36,41 days 00:34:59,15.6V,4.8V,13.9V,13.9V,0.0A,0.0A,0.0A,0.0A,,30.1C,,,,,,,
02/12/15    03:03:35,41 days 00:29:59,15.6V,4.8V,13.8V,13.9V,0.0A,0.0A,0.0A,-0.2A,,30.1C,,,,,,,
02/12/15    02:58:34,41 days 00:25:00,15.6V,4.8V,13.8V,13.9V,0.0A,0.0A,0.0A,-0.2A,,30.0C,,,,,,,
02/12/15    02:53:33,41 days 00:19:59,15.4V,4.8V,13.8V,13.9V,0.0A,0.0A,0.0A,0.0A,,30.0C,,,,,,,
02/12/15    02:48:32,41 days 00:14:59,15.3V,4.8V,13.8V,13.9V,0.0A,0.0A,0.0A,-0.2A,,29.9C,,,,,,,
02/12/15    02:43:31,41 days 00:09:59,15.5V,4.8V,13.8V,13.9V,0.0A,0.0A,0.0A,-0.2A,,29.9C,,,,,,,
02/12/15    02:38:30,41 days 00:04:59,15.3V,4.8V,13.8V,13.9V,0.0A,0.0A,0.0A,-0.2A,,29.8C,,,,,,,
02/12/15    02:33:30,41 days 00:00:00,15.3V,4.8V,13.8V,13.9V,0.0A,0.0A,0.0A,0.0A,,29.8C,,,,,,,
02/12/15    02:28:28,40 days 23:54:59,16.6V,4.8V,13.8V,13.9V,0.0A,0.0A,0.0A,-0.2A,,29.7C,,,,,,,
02/12/15    02:23:28,40 days 23:50:00,15.3V,4.8V,13.8V,13.9V,0.0A,0.0A,0.0A,-0.2A,,29.6C,,,,,,,
02/12/15    02:18:27,40 days 23:45:00,15.3V,4.8V,13.8V,13.8V,0.0A,0.0A,0.0A,-0.2A,,29.5C,,,,,,,
02/12/15    02:13:26,40 days 23:40:00,15.6V,4.8V,13.8V,13.9V,0.0A,0.0A,0.0A,-0.2A,,29.5C,,,,,,,
02/12/15    02:08:25,40 days 23:35:00,15.7V,4.8V,13.8V,13.9V,0.0A,0.0A,0.0A,-0.2A,,29.4C,,,,,,,
02/12/15    02:03:24,40 days 23:30:00,15.7V,4.8V,13.8V,13.8V,0.0A,0.0A,0.0A,0.0A,,29.3C,,,,,,,
02/12/15    01:58:23,40 days 23:24:59,15.7V,4.8V,13.7V,13.8V,0.0A,0.0A,0.0A,-0.2A,,29.2C,,,,,,,
02/12/15    01:53:22,40 days 23:19:59,15.6V,4.8V,13.7V,13.8V,0.0A,0.0A,0.0A,-0.2A,,29.2C,,,,,,,
02/12/15    01:48:21,40 days 23:14:59,15.6V,4.8V,13.7V,13.8V,0.0A,0.0A,0.0A,-0.2A,,29.1C,,,,,,,
02/12/15    01:43:21,40 days 23:10:00,15.7V,4.8V,13.7V,13.8V,0.0A,0.0A,0.0A,0.0A,,29.1C,,,,,,,
02/12/15    01:38:20,40 days 23:05:00,15.6V,4.8V,13.7V,13.8V,0.0A,0.0A,0.0A,-0.2A,,29.0C,,,,,,,
02/12/15    01:33:19,40 days 23:00:00,15.6V,4.8V,13.7V,13.8V,0.0A,0.0A,0.0A,0.0A,,29.0C,,,,,,,
02/12/15    01:28:19,40 days 22:55:00,15.4V,4.8V,13.6V,13.7V,0.0A,0.0A,0.0A,-0.2A,,28.9C,,,,,,,
02/12/15    01:23:17,40 days 22:49:59,15.8V,4.8V,13.7V,13.8V,0.0A,0.0A,0.0A,-0.2A,,28.8C,,,,,,,
02/12/15    01:18:17,40 days 22:45:00,15.5V,4.8V,13.7V,13.8V,0.0A,0.0A,0.0A,-0.2A,,28.7C,,,,,,,
02/12/15    01:13:16,40 days 22:40:00,20.5V,4.8V,13.3V,13.4V,0.0A,0.0A,0.0A,-0.2A,,28.6C,,,,,,,
02/12/15    01:08:15,40 days 22:35:00,15.4V,4.8V,13.6V,13.7V,0.0A,0.0A,0.0A,0.0A,,28.5C,,,,,,,
02/12/15    01:03:14,40 days 22:30:00,15.4V,4.8V,13.6V,13.7V,0.0A,0.0A,0.0A,-0.2A,,28.4C,,,,,,,
02/12/15    00:58:13,40 days 22:25:00,15.4V,4.8V,13.6V,13.7V,0.0A,0.0A,0.0A,-0.2A,,28.3C,,,,,,,
02/12/15    00:53:12,40 days 22:20:00,15.4V,4.8V,13.6V,13.7V,0.0A,0.0A,0.0A,-0.2A,,28.2C,,,,,,,
02/12/15    00:48:11,40 days 22:15:00,15.3V,4.8V,13.6V,13.7V,0.0A,0.0A,0.0A,-0.2A,,28.1C,,,,,,,
02/12/15    00:43:10,40 days 22:09:59,15.3V,4.8V,13.6V,13.7V,0.0A,0.0A,0.0A,0.0A,,28.0C,,,,,,,
02/12/15    00:38:10,40 days 22:05:00,15.3V,4.8V,13.6V,13.7V,0.0A,0.0A,0.0A,0.0A,,27.9C,,,,,,,
02/12/15    00:33:09,40 days 22:00:00,15.4V,4.8V,13.6V,13.7V,0.0A,0.0A,0.0A,0.0A,,27.9C,,,,,,,
02/12/15    00:28:08,40 days 21:55:00,15.4V,4.8V,13.5V,13.6V,0.0A,0.0A,0.0A,-0.2A,,27.8C,,,,,,,
02/12/15    00:23:07,40 days 21:49:59,15.4V,4.8V,13.5V,13.6V,0.1A,0.0A,0.0A,-0.2A,,27.7C,,,,,,,
02/12/15    00:18:07,40 days 21:45:00,15.3V,4.8V,13.5V,13.6V,0.1A,0.0A,0.0A,-0.2A,,27.6C,,,,,,,
02/12/15    00:13:06,40 days 21:40:00,15.2V,4.8V,13.5V,13.6V,0.1A,0.0A,0.0A,-0.2A,,27.5C,,,,,,,
02/12/15    00:08:05,40 days 21:35:00,16.7V,4.8V,13.4V,13.5V,0.1A,0.0A,0.0A,-0.2A,,27.4C,,,,,,,
02/12/15    00:03:04,40 days 21:29:59,15.3V,4.8V,13.5V,13.6V,0.1A,0.0A,0.0A,0.0A,,27.3C,,,,,,,
02/11/15    23:58:04,40 days 21:25:00,15.4V,4.8V,13.5V,13.6V,0.1A,0.0A,0.0A,-0.2A,,27.2C,,,,,,,
02/11/15    23:53:03,40 days 21:20:00,15.4V,4.8V,13.5V,13.6V,0.1A,0.0A,0.0A,0.0A,,27.1C,,,,,,,
02/11/15    23:48:03,40 days 21:15:00,15.3V,4.8V,13.5V,13.6V,0.1A,0.0A,-0.2A,-0.2A,,27.0C,,,,,,,
02/11/15    23:43:02,40 days 21:10:00,15.3V,4.8V,13.5V,13.5V,0.1A,0.0A,-0.2A,-0.2A,,26.9C,,,,,,,
02/11/15    23:38:01,40 days 21:05:00,15.3V,4.8V,13.4V,13.5V,0.1A,0.0A,-0.2A,0.0A,,26.8C,,,,,,,
02/11/15    23:33:00,40 days 20:59:59,15.3V,4.8V,13.4V,13.5V,0.1A,0.0A,-0.2A,-0.2A,,26.7C,,,,,,,
02/11/15    23:28:00,40 days 20:55:00,15.3V,4.8V,13.4V,13.5V,0.1A,0.0A,-0.2A,-0.2A,,26.6C,,,,,,,
02/11/15    23:23:00,40 days 20:50:00,15.4V,4.8V,13.4V,13.5V,0.1A,0.0A,-0.2A,0.0A,,26.5C,,,,,,,
02/11/15    23:17:59,40 days 20:45:00,15.4V,4.8V,13.4V,13.5V,0.1A,0.0A,-0.2A,-0.2A,,26.4C,,,,,,,
02/11/15    23:12:59,40 days 20:40:00,16.3V,4.8V,13.4V,13.4V,0.0A,0.0A,-0.2A,0.0A,,26.4C,,,,,,,
02/11/15    23:07:58,40 days 20:35:00,15.2V,4.8V,13.4V,13.5V,0.0A,0.0A,0.0A,0.0A,,26.3C,,,,,,,
02/11/15    23:02:58,40 days 20:30:00,15.3V,4.8V,13.4V,13.5V,0.0A,0.0A,0.0A,-0.2A,,26.2C,,,,,,,
02/11/15    22:57:57,40 days 20:25:00,15.3V,4.8V,13.4V,13.4V,0.0A,0.0A,0.0A,-0.2A,,26.1C,,,,,,,
02/11/15    22:52:57,40 days 20:20:00,15.3V,4.8V,13.3V,13.4V,0.0A,0.0A,0.0A,0.0A,,26.1C,,,,,,,
02/11/15    22:47:56,40 days 20:15:00,15.2V,4.8V,13.3V,13.4V,0.0A,0.0A,0.0A,-0.2A,,26.0C,,,,,,,
02/11/15    22:42:56,40 days 20:10:00,15.3V,4.8V,13.3V,13.4V,0.0A,0.0A,0.0A,-0.2A,,26.0C,,,,,,,
02/11/15    22:37:55,40 days 20:05:00,15.3V,4.8V,13.3V,13.3V,0.0A,0.0A,0.0A,-0.2A,,26.0C,,,,,,,
02/11/15    22:32:55,40 days 20:00:00,15.3V,4.8V,13.2V,13.3V,0.0A,0.0A,0.0A,-0.2A,,25.9C,,,,,,,
02/11/15    22:27:54,40 days 19:55:00,15.3V,4.8V,13.2V,13.3V,0.0A,0.0A,0.0A,0.0A,,25.9C,,,,,,,
02/11/15    22:22:54,40 days 19:50:00,15.2V,4.8V,13.1V,13.2V,0.1A,0.0A,0.0A,-0.2A,,25.9C,,,,,,,
02/11/15    22:17:53,40 days 19:45:00,14.9V,4.8V,13.1V,13.2V,0.1A,0.0A,0.0A,-0.2A,,25.9C,,,,,,,
02/11/15    22:12:53,40 days 19:40:00,15.0V,4.8V,13.1V,13.2V,0.1A,0.0A,0.0A,-0.2A,,25.8C,,,,,,,
02/11/15    22:07:52,40 days 19:35:00,14.9V,4.8V,13.1V,13.2V,0.1A,0.0A,0.0A,-0.2A,,25.8C,,,,,,,
02/11/15    22:02:52,40 days 19:30:00,14.8V,4.8V,13.1V,13.2V,0.0A,0.0A,0.0A,-0.2A,,25.8C,,,,,,,
02/11/15    21:57:51,40 days 19:25:00,14.8V,4.8V,13.1V,13.1V,0.0A,0.0A,0.0A,-0.2A,,25.8C,,,,,,,
02/11/15    21:52:51,40 days 19:20:00,14.7V,4.8V,13.0V,13.1V,0.0A,0.0A,0.0A,0.0A,,25.8C,,,,,,,
02/11/15    21:47:50,40 days 19:15:00,14.7V,4.8V,13.0V,13.1V,0.0A,0.0A,0.0A,0.0A,,25.8C,,,,,,,
02/11/15    21:42:50,40 days 19:10:00,14.7V,4.8V,13.0V,13.1V,0.0A,0.0A,0.0A,-0.2A,,25.9C,,,,,,,
02/11/15    21:37:49,40 days 19:05:00,14.6V,4.8V,13.0V,13.0V,0.0A,0.0A,0.0A,-0.2A,,25.9C,,,,,,,
02/11/15    21:32:49,40 days 19:00:00,14.6V,4.8V,12.9V,13.0V,0.0A,0.0A,0.0A,0.0A,,25.9C,,,,,,,
02/11/15    21:27:48,40 days 18:55:00,14.4V,4.8V,12.9V,13.0V,0.0A,0.0A,0.0A,0.0A,,26.0C,,,,,,,
02/11/15    21:22:48,40 days 18:50:00,14.1V,4.8V,12.9V,12.9V,0.0A,0.0A,0.0A,0.0A,,26.0C,,,,,,,
02/11/15    21:17:47,40 days 18:45:00,14.0V,4.8V,12.9V,12.9V,0.0A,0.0A,0.0A,-0.2A,,26.0C,,,,,,,
02/11/15    21:12:47,40 days 18:40:00,13.7V,4.8V,12.8V,12.9V,0.0A,0.0A,0.0A,0.0A,,26.0C,,,,,,,
02/11/15    21:07:46,40 days 18:35:00,13.4V,4.8V,12.8V,12.9V,0.0A,0.0A,0.0A,0.0A,,26.1C,,,,,,,
02/11/15    21:02:45,40 days 18:29:59,13.4V,4.8V,12.8V,12.9V,0.0A,0.0A,0.0A,-0.2A,,26.1C,,,,,,,
02/11/15    20:57:45,40 days 18:25:00,13.4V,4.8V,12.8V,12.9V,0.0A,0.0A,0.0A,-0.2A,,26.1C,,,,,,,
02/11/15    20:52:44,40 days 18:19:59,13.4V,4.8V,12.8V,12.9V,0.0A,0.0A,0.0A,-0.2A,,26.1C,,,,,,,
02/11/15    20:47:44,40 days 18:15:00,13.4V,4.8V,12.8V,12.9V,0.0A,0.0A,0.0A,0.0A,,26.1C,,,,,,,
02/11/15    20:42:43,40 days 18:09:59,13.4V,4.8V,12.8V,12.9V,0.0A,0.0A,0.0A,0.0A,,26.2C,,,,,,,
02/11/15    20:37:43,40 days 18:05:00,13.4V,4.8V,12.8V,12.9V,0.0A,0.0A,0.0A,0.0A,,26.2C,,,,,,,
02/11/15    20:32:42,40 days 17:59:59,12.9V,4.8V,12.8V,12.9V,0.0A,0.0A,0.0A,-0.2A,,26.2C,,,,,,,
02/11/15    20:27:42,40 days 17:55:00,12.9V,4.8V,12.8V,12.9V,0.0A,0.0A,0.0A,-0.2A,,26.2C,,,,,,,
02/11/15    20:22:41,40 days 17:50:00,12.2V,4.8V,12.8V,12.9V,0.0A,0.0A,0.0A,-0.2A,,26.2C,,,,,,,
02/11/15    20:17:41,40 days 17:45:00,6.6V,4.8V,12.8V,12.9V,0.0A,0.0A,0.0A,-0.2A,,26.3C,,,,,,,
02/11/15    20:12:40,40 days 17:40:00,2.4V,4.8V,12.8V,12.9V,0.0A,0.0A,0.0A,-0.2A,,26.3C,,,,,,,
02/11/15    20:07:40,40 days 17:35:00,0.6V,4.8V,12.8V,12.9V,0.0A,0.0A,0.0A,0.0A,,26.3C,,,,,,,
02/11/15    20:02:39,40 days 17:30:00,0.1V,4.8V,12.8V,12.9V,0.0A,0.0A,0.0A,-0.2A,,26.3C,,,,,,,
02/11/15    19:57:39,40 days 17:25:00,0.0V,4.8V,12.8V,12.9V,0.0A,0.0A,0.0A,-0.2A,,26.3C,,,,,,,
02/11/15    19:52:38,40 days 17:20:00,0.0V,4.8V,12.8V,12.9V,0.0A,0.0A,0.0A,-0.2A,,26.4C,,,,,,,
02/11/15    19:47:38,40 days 17:15:00,0.0V,4.8V,12.8V,12.9V,0.0A,0.0A,0.0A,0.0A,,26.4C,,,,,,,
02/11/15    19:42:37,40 days 17:10:00,0.0V,4.8V,12.8V,12.9V,0.0A,0.0A,0.0A,-0.2A,,26.4C,,,,,,,
02/11/15    19:37:37,40 days 17:05:00,0.0V,4.8V,12.8V,12.9V,0.0A,0.0A,0.0A,-0.2A,,26.5C,,,,,,,
02/11/15    19:32:36,40 days 16:59:59,0.0V,4.8V,12.8V,12.9V,0.0A,0.0A,0.0A,-0.2A,,26.5C,,,,,,,
02/11/15    19:27:36,40 days 16:55:00,0.0V,4.8V,12.8V,12.9V,0.0A,0.0A,0.0A,0.0A,,26.5C,,,,,,,
02/11/15    19:22:35,40 days 16:50:00,0.0V,4.8V,12.8V,12.9V,0.0A,0.0A,0.0A,-0.2A,,26.6C,,,,,,,
02/11/15    19:17:35,40 days 16:45:00,0.0V,4.8V,12.8V,12.9V,0.0A,0.0A,0.0A,0.0A,,26.6C,,,,,,,
02/11/15    19:12:34,40 days 16:40:00,0.0V,4.8V,12.8V,12.9V,0.0A,0.0A,0.0A,0.0A,,26.6C,,,,,,,
02/11/15    19:07:34,40 days 16:35:00,0.0V,4.8V,12.8V,12.9V,0.0A,0.0A,-0.2A,-0.2A,,26.6C,,,,,,,
02/11/15    19:02:33,40 days 16:30:00,0.0V,4.8V,12.8V,12.9V,0.0A,0.0A,0.0A,0.0A,,26.7C,,,,,,,
02/11/15    18:57:33,40 days 16:25:00,0.0V,4.8V,12.8V,12.9V,0.0A,0.0A,-0.2A,0.0A,,26.7C,,,,,,,
02/11/15    18:52:32,40 days 16:20:00,0.0V,4.8V,12.8V,12.9V,0.0A,0.0A,-0.2A,0.0A,,26.8C,,,,,,,
02/11/15    18:47:31,40 days 16:14:59,0.0V,4.8V,12.8V,12.9V,0.0A,0.0A,-0.2A,-0.2A,,26.8C,,,,,,,
02/11/15    18:42:31,40 days 16:10:00,0.0V,4.8V,12.8V,12.9V,0.0A,0.0A,-0.2A,-0.2A,,26.8C,,,,,,,
02/11/15    18:37:30,40 days 16:05:00,0.0V,4.8V,12.8V,12.9V,0.0A,0.0A,-0.2A,-0.2A,,26.8C,,,,,,,
02/11/15    18:32:30,40 days 16:00:00,0.0V,4.8V,12.8V,12.9V,0.0A,0.0A,-0.2A,-0.2A,,26.8C,,,,,,,
02/11/15    18:27:29,40 days 15:55:00,0.0V,4.8V,12.8V,12.9V,0.0A,0.0A,-0.2A,-0.2A,,26.8C,,,,,,,
02/11/15    18:22:29,40 days 15:50:00,0.0V,4.8V,12.5V,12.6V,0.0A,0.1A,0.2A,0.0A,,26.8C,,,,,,,
02/11/15    18:17:28,40 days 15:45:00,0.0V,4.8V,12.5V,12.6V,0.0A,0.1A,0.1A,-0.2A,,26.9C,,,,,,,
02/11/15    18:12:27,40 days 15:40:00,0.0V,4.8V,12.6V,12.6V,0.0A,0.1A,0.1A,-0.2A,,26.9C,,,,,,,
02/11/15    18:07:27,40 days 15:35:00,0.0V,4.8V,12.6V,12.6V,0.0A,0.1A,0.2A,-0.2A,,26.9C,,,,,,,
02/11/15    18:02:26,40 days 15:30:00,0.0V,4.8V,12.6V,12.6V,0.0A,0.1A,0.2A,0.0A,,26.9C,,,,,,,
02/11/15    17:57:25,40 days 15:24:59,0.0V,4.8V,12.6V,12.6V,0.0A,0.1A,0.2A,-0.2A,,26.9C,,,,,,,
02/11/15    17:52:25,40 days 15:20:00,0.0V,4.8V,12.6V,12.7V,0.0A,0.1A,0.2A,-0.2A,,26.9C,,,,,,,
02/11/15    17:47:24,40 days 15:14:59,0.0V,4.8V,12.6V,12.7V,0.0A,0.1A,0.2A,0.0A,,27.0C,,,,,,,
02/11/15    17:42:24,40 days 15:10:00,0.0V,4.8V,12.6V,12.7V,0.0A,0.1A,0.2A,-0.2A,,27.0C,,,,,,,
02/11/15    17:37:23,40 days 15:04:59,0.0V,4.8V,12.6V,12.7V,0.0A,0.1A,0.2A,0.0A,,27.0C,,,,,,,
02/11/15    17:32:23,40 days 15:00:00,0.0V,4.8V,12.6V,12.7V,0.0A,0.1A,0.2A,-0.2A,,27.0C,,,,,,,
02/11/15    17:27:22,40 days 14:54:59,0.0V,4.8V,12.6V,12.7V,0.0A,0.1A,0.1A,-0.2A,,27.0C,,,,,,,
02/11/15    17:22:22,40 days 14:50:00,0.0V,4.8V,12.6V,12.7V,0.0A,0.1A,0.2A,-0.2A,,27.0C,,,,,,,
02/11/15    17:17:21,40 days 14:44:59,0.0V,4.8V,12.6V,12.7V,0.0A,0.1A,0.2A,0.0A,,27.1C,,,,,,,
02/11/15    17:12:21,40 days 14:40:00,0.0V,4.8V,12.6V,12.7V,0.0A,0.1A,0.2A,-0.2A,,27.1C,,,,,,,
02/11/15    17:07:20,40 days 14:35:00,0.0V,4.8V,12.6V,12.7V,0.0A,0.1A,0.2A,-0.2A,,27.1C,,,,,,,
02/11/15    17:02:20,40 days 14:30:00,0.0V,4.8V,12.6V,12.7V,0.0A,0.1A,0.2A,0.0A,,27.1C,,,,,,,
02/11/15    16:57:19,40 days 14:25:00,0.0V,4.8V,12.6V,12.7V,0.0A,0.1A,0.2A,-0.2A,,27.1C,,,,,,,
02/11/15    16:52:19,40 days 14:20:00,0.0V,4.8V,12.6V,12.7V,0.0A,0.1A,0.2A,0.0A,,27.1C,,,,,,,
02/11/15    16:47:18,40 days 14:15:00,0.0V,4.8V,12.6V,12.7V,0.0A,0.1A,0.2A,-0.2A,,27.1C,,,,,,,
02/11/15    16:42:18,40 days 14:10:00,0.0V,4.8V,12.6V,12.7V,0.0A,0.1A,0.2A,-0.2A,,27.1C,,,,,,,
02/11/15    16:37:17,40 days 14:05:00,0.0V,4.8V,12.6V,12.7V,0.0A,0.1A,0.2A,-0.2A,,27.2C,,,,,,,
02/11/15    16:32:16,40 days 13:59:59,0.0V,4.8V,12.6V,12.7V,0.0A,0.1A,0.2A,-0.2A,,27.2C,,,,,,,
02/11/15    16:27:16,40 days 13:55:00,0.0V,4.8V,12.7V,12.7V,0.0A,0.1A,0.2A,0.0A,,27.2C,,,,,,,
02/11/15    16:22:15,40 days 13:49:59,0.0V,4.8V,12.7V,12.7V,0.0A,0.1A,0.2A,-0.2A,,27.2C,,,,,,,
02/11/15    16:17:15,40 days 13:45:00,0.0V,4.8V,12.7V,12.7V,0.0A,0.1A,0.2A,-0.2A,,27.2C,,,,,,,
02/11/15    16:12:14,40 days 13:39:59,0.0V,4.8V,12.7V,12.7V,0.0A,0.1A,0.2A,-0.2A,,27.3C,,,,,,,
02/11/15    16:07:14,40 days 13:35:00,0.0V,4.8V,12.7V,12.7V,0.0A,0.1A,0.2A,-0.2A,,27.3C,,,,,,,
02/11/15    16:02:13,40 days 13:30:00,0.0V,4.8V,12.7V,12.7V,0.0A,0.1A,0.2A,0.0A,,27.3C,,,,,,,
02/11/15    15:57:13,40 days 13:25:00,0.0V,4.8V,12.7V,12.7V,0.0A,0.1A,0.2A,0.0A,,27.3C,,,,,,,
02/11/15    15:52:12,40 days 13:20:00,0.0V,4.8V,12.7V,12.7V,0.0A,0.1A,0.2A,-0.2A,,27.3C,,,,,,,
02/11/15    15:47:11,40 days 13:15:00,0.0V,4.8V,12.7V,12.8V,0.0A,0.1A,0.2A,0.0A,,27.4C,,,,,,,
02/11/15    15:42:11,40 days 13:10:00,0.0V,4.8V,12.7V,12.8V,0.0A,0.1A,0.2A,0.0A,,27.4C,,,,,,,
02/11/15    15:37:10,40 days 13:05:00,0.0V,4.8V,12.7V,12.8V,0.0A,0.1A,0.2A,-0.2A,,27.4C,,,,,,,
02/11/15    15:32:09,40 days 12:59:59,0.0V,4.8V,12.7V,12.8V,0.0A,0.1A,0.2A,-0.2A,,27.4C,,,,,,,
02/11/15    15:27:09,40 days 12:55:00,0.0V,4.8V,12.7V,12.8V,0.0A,0.1A,0.2A,-0.2A,,27.4C,,,,,,,
02/11/15    15:22:08,40 days 12:50:00,0.0V,4.8V,12.7V,12.8V,0.0A,0.1A,0.2A,-0.2A,,27.5C,,,,,,,
02/11/15    15:17:07,40 days 12:45:00,0.0V,4.8V,12.7V,12.8V,0.0A,0.1A,0.2A,0.0A,,27.5C,,,,,,,
02/11/15    15:12:06,40 days 12:39:59,0.0V,4.8V,12.7V,12.8V,0.0A,0.1A,0.2A,0.0A,,27.5C,,,,,,,
02/11/15    15:07:06,40 days 12:35:00,0.0V,4.8V,12.7V,12.8V,0.0A,0.1A,0.2A,-0.2A,,27.5C,,,,,,,
02/11/15    15:02:05,40 days 12:30:00,0.0V,4.8V,12.7V,12.8V,0.0A,0.1A,0.2A,-0.2A,,27.5C,,,,,,,
02/11/15    14:57:04,40 days 12:25:00,0.0V,4.8V,12.7V,12.8V,0.0A,0.1A,0.2A,0.0A,,27.5C,,,,,,,
02/11/15    14:52:03,40 days 12:19:59,0.0V,4.8V,12.7V,12.8V,0.0A,0.1A,0.2A,-0.2A,,27.5C,,,,,,,
02/11/15    14:47:03,40 days 12:15:00,0.0V,4.8V,12.7V,12.8V,0.0A,0.1A,0.2A,-0.2A,,27.6C,,,,,,,
02/11/15    14:42:02,40 days 12:10:00,0.0V,4.8V,12.7V,12.8V,0.0A,0.1A,0.2A,0.0A,,27.6C,,,,,,,
02/11/15    14:37:01,40 days 12:05:00,0.0V,4.8V,12.7V,12.8V,0.0A,0.1A,0.2A,0.0A,,27.6C,,,,,,,
02/11/15    14:32:00,40 days 11:59:59,0.0V,4.8V,12.7V,12.8V,0.0A,0.1A,0.2A,-0.2A,,27.6C,,,,,,,
02/11/15    14:27:00,40 days 11:55:00,0.0V,4.8V,12.7V,12.8V,0.0A,0.1A,0.2A,-0.2A,,27.6C,,,,,,,
02/11/15    14:21:59,40 days 11:50:00,0.0V,4.8V,12.7V,12.8V,0.0A,0.1A,0.2A,-0.2A,,27.7C,,,,,,,
02/11/15    14:16:58,40 days 11:45:00,0.0V,4.8V,12.7V,12.8V,0.0A,0.1A,0.2A,-0.2A,,27.7C,,,,,,,
02/11/15    14:11:58,40 days 11:40:00,0.0V,4.8V,12.7V,12.8V,0.0A,0.1A,0.2A,-0.2A,,27.7C,,,,,,,
02/11/15    14:06:56,40 days 11:34:59,0.0V,4.8V,12.7V,12.8V,0.0A,0.1A,0.2A,-0.2A,,27.7C,,,,,,,
02/11/15    14:01:56,40 days 11:30:00,0.0V,4.8V,12.7V,12.8V,0.0A,0.1A,0.2A,-0.2A,,27.7C,,,,,,,
02/11/15    13:56:55,40 days 11:25:00,0.0V,4.8V,12.7V,12.8V,0.0A,0.1A,0.2A,-0.2A,,27.7C,,,,,,,
02/11/15    13:51:54,40 days 11:20:00,0.0V,4.8V,12.7V,12.8V,0.0A,0.1A,0.2A,0.0A,,27.7C,,,,,,,
02/11/15    13:46:53,40 days 11:14:59,0.0V,4.8V,12.7V,12.8V,0.0A,0.1A,0.2A,0.0A,,27.7C,,,,,,,
02/11/15    13:41:53,40 days 11:10:00,0.0V,4.8V,12.7V,12.8V,0.0A,0.1A,0.2A,-0.2A,,27.7C,,,,,,,
02/11/15    13:36:52,40 days 11:05:00,0.0V,4.8V,12.7V,12.8V,0.0A,0.1A,0.2A,0.0A,,27.8C,,,,,,,
02/11/15    13:31:51,40 days 11:00:00,0.0V,4.8V,12.7V,12.8V,0.0A,0.1A,0.2A,0.0A,,27.8C,,,,,,,
02/11/15    13:26:50,40 days 10:54:59,0.0V,4.8V,12.7V,12.8V,0.0A,0.1A,0.2A,-0.2A,,27.8C,,,,,,,
02/11/15    13:21:49,40 days 10:49:59,0.0V,4.8V,12.7V,12.8V,0.0A,0.1A,0.2A,0.0A,,27.8C,,,,,,,
02/11/15    13:16:48,40 days 10:44:59,0.0V,4.8V,12.7V,12.8V,0.0A,0.1A,0.2A,-0.2A,,27.8C,,,,,,,
02/11/15    13:11:48,40 days 10:40:00,0.0V,4.8V,12.8V,12.8V,0.0A,0.1A,0.2A,0.0A,,27.8C,,,,,,,
02/11/15    13:06:47,40 days 10:35:00,0.0V,4.8V,12.8V,12.8V,0.0A,0.1A,0.2A,0.0A,,27.8C,,,,,,,
02/11/15    13:01:47,40 days 10:30:00,0.0V,4.8V,12.8V,12.8V,0.0A,0.1A,0.2A,-0.2A,,27.8C,,,,,,,
02/11/15    12:56:46,40 days 10:25:00,0.0V,4.8V,12.8V,12.9V,0.0A,0.1A,0.2A,0.0A,,27.8C,,,,,,,
02/11/15    12:51:45,40 days 10:20:00,0.0V,4.8V,12.8V,12.9V,0.0A,0.1A,0.2A,0.0A,,27.8C,,,,,,,
02/11/15    12:46:44,40 days 10:14:59,0.0V,4.8V,12.8V,12.9V,0.0A,0.1A,0.2A,-0.2A,,27.8C,,,,,,,
02/11/15    12:41:44,40 days 10:10:00,0.0V,4.8V,12.8V,12.9V,0.0A,0.1A,0.2A,-0.2A,,27.8C,,,,,,,
02/11/15    12:36:43,40 days 10:05:00,0.0V,4.8V,12.8V,12.9V,0.0A,0.1A,0.2A,-0.2A,,27.8C,,,,,,,
02/11/15    12:31:42,40 days 09:59:59,0.0V,4.8V,12.8V,12.9V,0.0A,0.1A,0.2A,-0.2A,,27.8C,,,,,,,
02/11/15    12:26:41,40 days 09:54:59,0.0V,4.8V,12.8V,12.9V,0.0A,0.1A,0.2A,-0.2A,,27.9C,,,,,,,
02/11/15    12:21:41,40 days 09:50:00,0.0V,4.8V,12.8V,12.9V,0.0A,0.1A,0.2A,-0.2A,,27.9C,,,,,,,
02/11/15    12:16:40,40 days 09:44:59,0.0V,4.8V,12.8V,12.9V,0.0A,0.1A,0.2A,-0.2A,,27.9C,,,,,,,
02/11/15    12:11:40,40 days 09:40:00,0.0V,4.8V,12.8V,12.9V,0.0A,0.1A,0.2A,-0.2A,,27.9C,,,,,,,
02/11/15    12:06:39,40 days 09:35:00,0.0V,4.8V,12.8V,12.9V,0.0A,0.1A,0.2A,0.0A,,27.9C,,,,,,,
02/11/15    12:01:38,40 days 09:30:00,0.0V,4.8V,12.8V,12.9V,0.0A,0.1A,0.2A,-0.2A,,27.9C,,,,,,,
02/11/15    11:56:38,40 days 09:25:00,0.0V,4.8V,12.8V,12.9V,0.0A,0.1A,0.2A,-0.2A,,27.9C,,,,,,,
02/11/15    11:51:37,40 days 09:20:00,0.0V,4.8V,12.9V,12.9V,0.0A,0.1A,0.2A,0.0A,,27.9C,,,,,,,
02/11/15    11:46:36,40 days 09:15:00,0.0V,4.8V,12.9V,12.9V,0.0A,0.1A,0.2A,-0.2A,,27.9C,,,,,,,
02/11/15    11:41:35,40 days 09:09:59,0.0V,4.8V,12.9V,12.9V,0.0A,0.1A,0.2A,-0.2A,,27.9C,,,,,,,
02/11/15    11:36:35,40 days 09:05:00,0.0V,4.8V,12.9V,12.9V,0.0A,0.1A,0.2A,-0.2A,,27.9C,,,,,,,
02/11/15    11:31:34,40 days 09:00:00,0.0V,4.8V,12.9V,12.9V,0.0A,0.1A,0.2A,0.0A,,27.9C,,,,,,,
02/11/15    11:26:33,40 days 08:54:59,0.0V,4.8V,12.9V,12.9V,0.0A,0.1A,0.2A,0.0A,,27.9C,,,,,,,
02/11/15    11:21:32,40 days 08:49:59,0.0V,4.8V,12.9V,12.9V,0.0A,0.1A,0.2A,-0.2A,,27.9C,,,,,,,
02/11/15    11:16:32,40 days 08:45:00,0.0V,4.8V,12.9V,13.0V,0.0A,0.1A,0.2A,0.0A,,27.9C,,,,,,,
02/11/15    11:11:31,40 days 08:40:00,0.0V,4.8V,12.9V,13.0V,0.0A,0.1A,0.2A,0.0A,,27.9C,,,,,,,
02/11/15    11:06:30,40 days 08:34:59,0.0V,4.8V,12.9V,13.0V,0.0A,0.1A,0.2A,0.0A,,27.9C,,,,,,,
02/11/15    11:01:29,40 days 08:29:59,0.0V,4.8V,12.9V,13.0V,0.0A,0.1A,0.2A,-0.2A,,27.9C,,,,,,,
02/11/15    10:56:29,40 days 08:25:00,0.0V,4.8V,12.9V,13.0V,0.0A,0.1A,0.2A,-0.2A,,27.8C,,,,,,,
02/11/15    10:51:28,40 days 08:20:00,0.0V,4.8V,12.9V,13.0V,0.0A,0.1A,0.2A,-0.2A,,27.8C,,,,,,,
02/11/15    10:46:27,40 days 08:15:00,0.0V,4.8V,12.9V,13.0V,0.0A,0.1A,0.2A,0.0A,,27.8C,,,,,,,
02/11/15    10:41:26,40 days 08:09:59,0.0V,4.8V,12.9V,13.0V,0.0A,0.1A,0.2A,-0.2A,,27.8C,,,,,,,
02/11/15    10:36:26,40 days 08:05:00,0.0V,4.8V,12.9V,13.0V,0.0A,0.1A,0.2A,0.0A,,27.7C,,,,,,,
02/11/15    10:31:25,40 days 08:00:00,0.0V,4.8V,12.9V,13.0V,0.0A,0.1A,0.2A,-0.2A,,27.7C,,,,,,,
02/11/15    10:26:24,40 days 07:54:59,0.0V,4.8V,12.9V,13.0V,0.0A,0.1A,0.2A,-0.2A,,27.7C,,,,,,,
02/11/15    10:21:23,40 days 07:49:59,0.0V,4.8V,12.9V,13.0V,0.1A,0.1A,0.2A,0.0A,,27.7C,,,,,,,
02/11/15    10:16:23,40 days 07:45:00,0.0V,4.8V,12.9V,13.0V,0.1A,0.1A,0.2A,-0.2A,,27.7C,,,,,,,
02/11/15    10:11:22,40 days 07:39:59,0.0V,4.8V,12.9V,13.0V,0.1A,0.1A,0.2A,-0.2A,,27.7C,,,,,,,
02/11/15    10:06:22,40 days 07:35:00,0.0V,4.8V,12.9V,13.0V,0.1A,0.1A,0.2A,0.0A,,27.7C,,,,,,,
02/11/15    10:01:21,40 days 07:30:00,0.0V,4.8V,12.9V,13.0V,0.1A,0.1A,0.2A,-0.2A,,27.7C,,,,,,,
02/11/15    09:56:21,40 days 07:25:00,0.0V,4.8V,12.9V,13.0V,0.0A,0.1A,0.2A,0.0A,,27.7C,,,,,,,
02/11/15    09:51:20,40 days 07:20:00,0.0V,4.8V,12.9V,13.0V,0.1A,0.1A,0.2A,-0.2A,,27.7C,,,,,,,
02/11/15    09:46:19,40 days 07:15:00,0.0V,4.8V,12.9V,13.0V,0.1A,0.1A,0.2A,0.0A,,27.7C,,,,,,,
02/11/15    09:41:19,40 days 07:10:00,0.0V,4.8V,12.9V,13.0V,0.1A,0.1A,0.2A,-0.2A,,27.7C,,,,,,,
02/11/15    09:36:18,40 days 07:05:00,0.0V,4.8V,12.9V,13.0V,0.1A,0.1A,0.2A,0.0A,,27.7C,,,,,,,
02/11/15    09:31:17,40 days 07:00:00,0.0V,4.8V,12.9V,13.0V,0.1A,0.1A,0.2A,-0.2A,,27.7C,,,,,,,
02/11/15    09:26:16,40 days 06:54:59,0.0V,4.8V,12.9V,12.9V,0.2A,0.1A,0.2A,0.0A,,27.7C,,,,,,,
02/11/15    09:21:16,40 days 06:50:00,0.0V,4.8V,12.9V,12.9V,0.2A,0.1A,0.2A,0.0A,,27.7C,,,,,,,
02/11/15    09:16:15,40 days 06:45:00,0.0V,4.8V,12.8V,12.9V,0.2A,0.1A,0.2A,-0.2A,,27.7C,,,,,,,
02/11/15    09:11:14,40 days 06:39:59,0.1V,5.2V,13.1V,13.2V,0.0A,0.0A,0.0A,-0.2A,,27.7C,,,,,,,
