01/18/15    15:22:14,16 days 17:00:00,0.0V,5.2V,13.2V,13.2V,0.0A,0.0A,0.0A,-0.2A,,29.9C,,,,,,,
01/18/15    15:17:15,16 days 16:55:00,0.0V,5.2V,13.2V,13.2V,0.0A,0.0A,0.0A,0.0A,,29.9C,,,,,,,
01/18/15    15:12:16,16 days 16:50:00,0.0V,5.2V,13.2V,13.2V,0.0A,0.0A,0.0A,-0.2A,,29.9C,,,,,,,
01/18/15    15:07:17,16 days 16:44:59,0.0V,5.2V,13.2V,13.2V,0.0A,0.0A,0.0A,-0.2A,,30.0C,,,,,,,
01/18/15    15:02:18,16 days 16:39:59,0.0V,5.2V,13.2V,13.2V,0.0A,0.0A,0.0A,-0.2A,,30.0C,,,,,,,
01/18/15    14:57:20,16 days 16:35:00,0.0V,5.2V,13.2V,13.2V,0.0A,0.0A,0.0A,-0.2A,,30.0C,,,,,,,
01/18/15    14:52:20,16 days 16:29:59,0.0V,5.2V,13.2V,13.2V,0.0A,0.0A,0.0A,-0.2A,,30.0C,,,,,,,
01/18/15    14:47:22,16 days 16:25:00,0.0V,5.2V,13.2V,13.2V,0.0A,0.0A,0.0A,-0.2A,,30.0C,,,,,,,
01/18/15    14:42:23,16 days 16:20:00,0.0V,5.2V,13.2V,13.2V,0.0A,0.0A,0.0A,-0.2A,,30.1C,,,,,,,
01/18/15    14:37:24,16 days 16:15:00,0.0V,5.2V,13.2V,13.2V,0.0A,0.0A,0.0A,0.0A,,30.1C,,,,,,,
01/18/15    14:32:25,16 days 16:10:00,0.0V,5.2V,13.2V,13.2V,0.0A,0.0A,0.0A,-0.2A,,30.1C,,,,,,,
01/18/15    14:27:26,16 days 16:05:00,0.0V,5.2V,13.2V,13.2V,0.0A,0.0A,0.0A,-0.2A,,30.1C,,,,,,,
01/18/15    14:22:27,16 days 15:59:59,0.0V,5.2V,13.2V,13.2V,0.0A,0.0A,0.0A,-0.2A,,30.2C,,,,,,,
01/18/15    14:17:29,16 days 15:55:00,0.0V,5.2V,13.2V,13.2V,0.0A,0.0A,0.0A,0.0A,,30.2C,,,,,,,
01/18/15    14:12:30,16 days 15:50:00,0.0V,5.2V,13.2V,13.2V,0.0A,0.0A,0.0A,-0.2A,,30.3C,,,,,,,
01/18/15    14:07:31,16 days 15:45:00,0.0V,5.2V,13.2V,13.2V,0.0A,0.0A,0.0A,0.0A,,30.3C,,,,,,,
01/18/15    14:02:32,16 days 15:40:00,0.0V,5.2V,13.2V,13.2V,0.0A,0.0A,0.0A,-0.2A,,30.4C,,,,,,,
01/18/15    13:57:33,16 days 15:34:59,0.0V,5.2V,13.2V,13.2V,0.0A,0.0A,0.0A,-0.2A,,30.4C,,,,,,,
01/18/15    13:52:34,16 days 15:29:59,0.0V,5.2V,13.2V,13.2V,0.0A,0.0A,0.0A,-0.2A,,30.4C,,,,,,,
01/18/15    13:47:36,16 days 15:25:00,0.0V,5.2V,13.2V,13.2V,0.0A,0.0A,0.0A,-0.2A,,30.5C,,,,,,,
01/18/15    13:42:37,16 days 15:20:00,0.0V,5.2V,13.2V,13.2V,0.0A,0.0A,0.0A,0.0A,,30.6C,,,,,,,
01/18/15    13:37:38,16 days 15:15:00,0.0V,5.2V,13.2V,13.2V,0.0A,0.0A,0.0A,0.0A,,30.6C,,,,,,,
01/18/15    13:32:39,16 days 15:09:59,0.0V,5.2V,13.2V,13.2V,0.0A,0.0A,0.0A,-0.2A,,30.7C,,,,,,,
01/18/15    13:27:41,16 days 15:05:00,0.0V,5.2V,13.2V,13.2V,0.0A,0.0A,0.0A,0.0A,,30.8C,,,,,,,
01/18/15    13:22:41,16 days 14:59:59,0.0V,5.2V,13.2V,13.2V,0.0A,0.0A,0.0A,-0.2A,,30.8C,,,,,,,
01/18/15    13:17:43,16 days 14:55:00,0.0V,5.2V,13.2V,13.2V,0.0A,0.0A,0.0A,-0.2A,,30.9C,,,,,,,
01/18/15    13:12:44,16 days 14:50:00,0.0V,5.2V,13.2V,13.2V,0.0A,0.0A,0.0A,-0.2A,,30.9C,,,,,,,
01/18/15    13:07:45,16 days 14:44:59,0.0V,5.2V,13.2V,13.2V,0.0A,0.0A,0.0A,-0.2A,,30.9C,,,,,,,
01/18/15    13:02:46,16 days 14:39:59,0.0V,5.2V,13.2V,13.2V,0.0A,0.0A,0.0A,0.0A,,30.9C,,,,,,,
01/18/15    12:57:48,16 days 14:35:00,0.0V,5.2V,13.2V,13.2V,0.0A,0.0A,0.0A,-0.2A,,30.9C,,,,,,,
01/18/15    12:52:49,16 days 14:30:00,0.0V,5.2V,13.2V,13.2V,0.0A,0.0A,0.0A,-0.2A,,31.0C,,,,,,,
01/18/15    12:47:50,16 days 14:25:00,0.0V,5.2V,13.2V,13.2V,0.0A,0.0A,0.0A,-0.2A,,31.0C,,,,,,,
01/18/15    12:42:52,16 days 14:20:00,0.0V,5.2V,13.2V,13.2V,0.0A,0.0A,0.0A,-0.2A,,31.0C,,,,,,,
01/18/15    12:37:53,16 days 14:15:00,0.0V,5.2V,13.2V,13.2V,0.0A,0.0A,0.0A,-0.2A,,31.0C,,,,,,,
01/18/15    12:32:54,16 days 14:10:00,0.0V,5.2V,13.2V,13.2V,0.0A,0.0A,0.0A,-0.2A,,31.0C,,,,,,,
01/18/15    12:27:55,16 days 14:05:00,0.0V,5.2V,13.2V,13.2V,0.0A,0.0A,0.0A,-0.2A,,31.0C,,,,,,,
01/18/15    12:22:56,16 days 14:00:00,0.0V,5.2V,13.2V,13.2V,0.0A,0.0A,0.0A,-0.2A,,31.0C,,,,,,,
01/18/15    12:17:57,16 days 13:55:00,0.0V,5.2V,13.2V,13.2V,0.0A,0.0A,0.0A,-0.2A,,31.0C,,,,,,,
01/18/15    12:12:58,16 days 13:49:59,0.0V,5.2V,13.2V,13.2V,0.0A,0.0A,0.0A,-0.2A,,31.0C,,,,,,,
01/18/15    12:07:59,16 days 13:44:59,0.0V,5.2V,13.2V,13.2V,0.0A,0.0A,0.0A,-0.2A,,31.0C,,,,,,,
01/18/15    12:03:01,16 days 13:40:00,0.0V,5.2V,13.2V,13.2V,0.0A,0.0A,0.0A,0.0A,,31.0C,,,,,,,
01/18/15    11:58:02,16 days 13:35:00,0.0V,5.2V,13.2V,13.2V,0.0A,0.0A,0.0A,0.0A,,31.0C,,,,,,,
01/18/15    11:53:03,16 days 13:30:00,0.0V,5.2V,13.2V,13.2V,0.0A,0.0A,0.0A,-0.2A,,31.0C,,,,,,,
01/18/15    11:48:04,16 days 13:25:00,0.0V,5.2V,13.2V,13.2V,0.0A,0.0A,0.0A,-0.2A,,31.0C,,,,,,,
01/18/15    11:43:05,16 days 13:20:00,0.0V,5.2V,13.2V,13.2V,0.0A,0.0A,0.0A,-0.2A,,31.0C,,,,,,,
01/18/15    11:38:06,16 days 13:14:59,0.0V,5.2V,13.2V,13.2V,0.0A,0.0A,0.0A,-0.2A,,31.0C,,,,,,,
01/18/15    11:33:08,16 days 13:10:00,0.0V,5.2V,13.2V,13.2V,0.0A,0.0A,0.0A,0.0A,,31.0C,,,,,,,
01/18/15    11:28:08,16 days 13:04:59,0.0V,5.2V,13.2V,13.2V,0.0A,0.0A,0.0A,0.0A,,31.0C,,,,,,,
01/18/15    11:23:10,16 days 13:00:00,0.0V,5.2V,13.2V,13.2V,0.0A,0.0A,0.0A,-0.2A,,31.0C,,,,,,,
01/18/15    11:18:11,16 days 12:55:00,0.0V,5.2V,13.2V,13.2V,0.0A,0.0A,0.0A,-0.2A,,31.0C,,,,,,,
01/18/15    11:13:12,16 days 12:50:00,0.0V,5.2V,13.2V,13.2V,0.0A,0.0A,0.0A,-0.2A,,31.0C,,,,,,,
01/18/15    11:08:13,16 days 12:44:59,0.0V,5.2V,13.2V,13.2V,0.0A,0.0A,0.0A,-0.2A,,31.0C,,,,,,,
01/18/15    11:03:15,16 days 12:40:00,0.0V,5.2V,13.2V,13.2V,0.0A,0.0A,0.0A,-0.2A,,31.0C,,,,,,,
01/18/15    10:58:15,16 days 12:34:59,0.0V,5.2V,13.2V,13.2V,0.0A,0.0A,0.0A,0.0A,,31.0C,,,,,,,
01/18/15    10:53:17,16 days 12:30:00,0.0V,5.2V,13.2V,13.2V,0.0A,0.0A,0.0A,-0.2A,,30.9C,,,,,,,
01/18/15    10:48:18,16 days 12:25:00,0.0V,5.2V,13.2V,13.2V,0.0A,0.0A,0.0A,-0.2A,,30.9C,,,,,,,
01/18/15    10:43:19,16 days 12:20:00,0.0V,5.2V,13.2V,13.2V,0.0A,0.0A,0.0A,-0.2A,,30.9C,,,,,,,
01/18/15    10:38:21,16 days 12:15:00,0.0V,5.2V,13.2V,13.2V,0.0A,0.0A,0.0A,-0.2A,,30.9C,,,,,,,
01/18/15    10:33:22,16 days 12:10:00,0.0V,5.2V,13.2V,13.2V,0.0A,0.0A,0.0A,0.0A,,30.9C,,,,,,,
01/18/15    10:28:23,16 days 12:05:00,0.0V,5.2V,13.2V,13.2V,0.0A,0.0A,0.0A,0.0A,,30.8C,,,,,,,
01/18/15    10:23:24,16 days 12:00:00,0.0V,5.2V,13.1V,13.1V,0.0A,0.2A,0.0A,-0.2A,,30.8C,,,,,,,
01/18/15    10:18:25,16 days 11:55:00,0.0V,5.2V,13.1V,13.1V,0.0A,0.2A,0.0A,0.0A,,30.9C,,,,,,,
01/18/15    10:13:26,16 days 11:49:59,0.0V,5.2V,13.1V,13.1V,0.0A,0.2A,0.0A,-0.2A,,30.9C,,,,,,,
01/18/15    10:08:28,16 days 11:45:00,0.0V,5.2V,13.1V,13.1V,0.0A,0.2A,0.0A,-0.2A,,31.0C,,,,,,,
01/18/15    10:03:29,16 days 11:40:00,0.0V,5.2V,13.1V,13.1V,0.0A,0.2A,0.0A,-0.2A,,31.0C,,,,,,,
01/18/15    09:58:30,16 days 11:35:00,0.0V,5.2V,13.1V,13.1V,0.0A,0.2A,0.0A,-0.2A,,31.0C,,,,,,,
01/18/15    09:53:31,16 days 11:29:59,0.0V,5.2V,13.1V,13.1V,0.0A,0.2A,0.0A,0.0A,,31.1C,,,,,,,
01/18/15    09:48:33,16 days 11:25:00,0.0V,5.2V,13.1V,13.1V,0.0A,0.2A,0.0A,-0.2A,,31.1C,,,,,,,
01/18/15    09:43:34,16 days 11:20:00,0.0V,5.2V,13.1V,13.1V,0.0A,0.2A,0.0A,-0.2A,,31.1C,,,,,,,
01/18/15    09:38:35,16 days 11:15:00,0.0V,5.2V,13.1V,13.1V,0.0A,0.2A,0.0A,-0.2A,,31.2C,,,,,,,
01/18/15    09:33:36,16 days 11:10:00,0.0V,5.2V,13.1V,13.1V,0.0A,0.2A,0.0A,-0.2A,,31.2C,,,,,,,
01/18/15    09:28:37,16 days 11:04:59,0.0V,5.2V,13.1V,13.1V,0.0A,0.2A,0.0A,-0.2A,,31.3C,,,,,,,
01/18/15    09:23:38,16 days 10:59:59,0.0V,5.2V,13.1V,13.1V,0.0A,0.2A,0.0A,-0.2A,,31.3C,,,,,,,
01/18/15    09:18:40,16 days 10:55:00,0.0V,5.2V,13.1V,13.1V,0.0A,0.2A,0.0A,-0.2A,,31.4C,,,,,,,
01/18/15    09:13:41,16 days 10:50:00,0.0V,5.2V,13.1V,13.1V,0.0A,0.2A,0.0A,-0.2A,,31.4C,,,,,,,
01/18/15    09:08:42,16 days 10:44:59,0.0V,5.2V,13.1V,13.1V,0.0A,0.2A,0.0A,-0.2A,,31.5C,,,,,,,
01/18/15    09:03:43,16 days 10:39:59,0.0V,5.2V,13.1V,13.1V,0.0A,0.2A,0.0A,-0.2A,,31.5C,,,,,,,
01/18/15    08:58:45,16 days 10:35:00,0.0V,5.2V,13.1V,13.1V,0.0A,0.2A,0.0A,-0.2A,,31.6C,,,,,,,
01/18/15    08:53:46,16 days 10:30:00,0.0V,5.2V,13.1V,13.1V,0.0A,0.2A,0.0A,-0.2A,,31.6C,,,,,,,
01/18/15    08:48:47,16 days 10:25:00,0.0V,4.8V,13.1V,13.1V,0.0A,0.2A,0.0A,-0.2A,,31.7C,,,,,,,
01/18/15    08:43:48,16 days 10:19:59,0.0V,4.8V,13.1V,13.1V,0.0A,0.2A,0.0A,-0.2A,,31.7C,,,,,,,
01/18/15    08:38:50,16 days 10:15:00,0.0V,4.8V,13.1V,13.1V,0.0A,0.2A,0.0A,0.0A,,31.7C,,,,,,,
01/18/15    08:33:51,16 days 10:10:00,0.0V,4.8V,13.1V,13.1V,0.0A,0.2A,0.0A,-0.2A,,31.8C,,,,,,,
01/18/15    08:28:52,16 days 10:05:00,0.0V,4.8V,13.1V,13.1V,0.1A,0.2A,0.0A,-0.2A,,31.8C,,,,,,,
01/18/15    08:23:54,16 days 10:00:00,0.0V,4.8V,13.1V,13.1V,0.1A,0.2A,0.0A,-0.2A,,31.8C,,,,,,,
01/18/15    08:18:55,16 days 09:55:00,0.0V,4.8V,13.0V,13.1V,0.1A,0.2A,0.0A,-0.2A,,31.8C,,,,,,,
01/18/15    08:13:56,16 days 09:50:00,0.0V,4.8V,13.0V,13.1V,0.1A,0.2A,0.0A,0.0A,,31.9C,,,,,,,
01/18/15    08:08:57,16 days 09:45:00,0.1V,4.8V,13.0V,13.1V,0.1A,0.2A,0.0A,-0.2A,,32.0C,,,,,,,
01/18/15    08:03:58,16 days 09:40:00,0.4V,4.7V,13.2V,13.2V,0.2A,0.0A,0.0A,-0.2A,,32.1C,,,,,,,
01/18/15    07:58:59,16 days 09:34:59,1.4V,4.7V,13.2V,13.2V,0.2A,0.0A,0.0A,-0.2A,,32.2C,,,,,,,
01/18/15    07:54:01,16 days 09:30:00,3.7V,4.7V,13.1V,13.2V,0.2A,0.0A,0.0A,-0.2A,,32.2C,,,,,,,
01/18/15    07:49:01,16 days 09:24:59,7.7V,4.7V,13.1V,13.2V,0.3A,0.0A,0.0A,-0.2A,,32.3C,,,,,,,
01/18/15    07:44:03,16 days 09:20:00,11.9V,4.7V,13.1V,13.2V,0.4A,0.0A,0.0A,-0.2A,,32.4C,,,,,,,
01/18/15    07:39:04,16 days 09:15:00,13.0V,4.7V,13.1V,13.2V,0.4A,0.0A,0.0A,-0.2A,,32.5C,,,,,,,
01/18/15    07:34:05,16 days 09:10:00,13.1V,4.7V,13.1V,13.2V,0.4A,0.0A,0.0A,-0.2A,,32.6C,,,,,,,
01/18/15    07:29:06,16 days 09:04:59,13.5V,4.7V,13.1V,13.2V,0.4A,0.0A,0.0A,-0.2A,,32.6C,,,,,,,
01/18/15    07:24:08,16 days 09:00:00,13.6V,4.7V,13.1V,13.2V,0.4A,0.0A,0.0A,-0.2A,,32.7C,,,,,,,
01/18/15    07:19:09,16 days 08:55:00,13.6V,4.7V,13.1V,13.2V,0.4A,0.0A,0.0A,-0.2A,,32.8C,,,,,,,
01/18/15    07:14:10,16 days 08:50:00,13.7V,4.7V,13.2V,13.2V,0.4A,0.0A,0.0A,-0.2A,,32.9C,,,,,,,
01/18/15    07:09:11,16 days 08:45:00,13.7V,4.7V,13.2V,13.2V,0.4A,0.0A,0.0A,-0.2A,,32.9C,,,,,,,
01/18/15    07:04:13,16 days 08:40:00,13.7V,4.7V,13.2V,13.2V,0.4A,0.0A,0.0A,-0.2A,,32.9C,,,,,,,
01/18/15    06:59:13,16 days 08:34:59,13.7V,4.7V,13.2V,13.2V,0.4A,0.0A,0.0A,-0.2A,,32.9C,,,,,,,
01/18/15    06:54:15,16 days 08:30:00,14.7V,4.7V,13.3V,13.4V,0.4A,0.0A,0.0A,-0.2A,,32.9C,,,,,,,
01/18/15    06:49:16,16 days 08:25:00,15.1V,4.7V,13.7V,13.7V,0.4A,0.0A,0.0A,-0.2A,,32.9C,,,,,,,
01/18/15    06:44:17,16 days 08:19:59,15.4V,4.7V,13.9V,13.9V,0.4A,0.0A,0.0A,0.0A,,32.9C,,,,,,,
01/18/15    06:39:18,16 days 08:14:59,15.7V,4.7V,14.1V,14.1V,0.4A,0.0A,0.0A,-0.2A,,32.9C,,,,,,,
01/18/15    06:34:20,16 days 08:10:00,19.5V,4.7V,14.3V,14.3V,0.4A,0.0A,0.0A,-0.2A,,32.9C,,,,,,,
01/18/15    06:29:21,16 days 08:05:00,20.2V,4.7V,14.2V,14.3V,0.4A,0.0A,0.0A,-0.2A,,32.9C,,,,,,,
01/18/15    06:24:22,16 days 07:59:59,20.3V,4.7V,14.2V,14.3V,0.4A,0.0A,0.0A,-0.2A,,32.9C,,,,,,,
01/18/15    06:19:23,16 days 07:54:59,20.6V,4.7V,14.2V,14.2V,0.4A,0.0A,0.0A,-0.2A,,32.9C,,,,,,,
01/18/15    06:14:25,16 days 07:50:00,20.4V,4.7V,14.2V,14.3V,0.4A,0.0A,0.0A,-0.2A,,32.8C,,,,,,,
01/18/15    06:09:26,16 days 07:45:00,20.4V,4.7V,14.2V,14.3V,0.4A,0.0A,0.0A,-0.2A,,32.8C,,,,,,,
01/18/15    06:04:27,16 days 07:39:59,20.7V,4.7V,14.2V,14.3V,0.4A,0.0A,0.0A,-0.2A,,32.8C,,,,,,,
01/18/15    05:59:29,16 days 07:35:00,15.7V,4.7V,13.9V,14.0V,0.4A,0.0A,0.0A,0.0A,,32.7C,,,,,,,
01/18/15    05:54:30,16 days 07:30:00,20.9V,4.7V,14.2V,14.2V,0.4A,0.0A,0.0A,-0.2A,,32.7C,,,,,,,
01/18/15    05:49:31,16 days 07:25:00,20.6V,4.7V,14.2V,14.3V,0.4A,0.0A,0.0A,-0.2A,,32.7C,,,,,,,
01/18/15    05:44:32,16 days 07:20:00,20.7V,4.7V,14.2V,14.3V,0.4A,0.0A,0.0A,-0.2A,,32.7C,,,,,,,
01/18/15    05:39:34,16 days 07:15:00,20.4V,4.7V,14.3V,14.3V,0.4A,0.0A,0.0A,-0.2A,,32.7C,,,,,,,
01/18/15    05:34:35,16 days 07:10:00,20.9V,4.7V,14.2V,14.2V,0.4A,0.0A,0.0A,-0.2A,,32.7C,,,,,,,
01/18/15    05:29:36,16 days 07:05:00,20.7V,4.7V,14.2V,14.3V,0.4A,0.0A,0.0A,-0.2A,,32.6C,,,,,,,
01/18/15    05:24:37,16 days 07:00:00,20.7V,4.7V,14.2V,14.3V,0.4A,0.0A,0.0A,0.0A,,32.6C,,,,,,,
01/18/15    05:19:39,16 days 06:55:00,20.9V,4.7V,14.2V,14.2V,0.4A,0.0A,0.0A,-0.2A,,32.6C,,,,,,,
01/18/15    05:14:40,16 days 06:50:00,21.2V,4.7V,14.2V,14.3V,0.4A,0.0A,0.0A,-0.2A,,32.5C,,,,,,,
01/18/15    05:09:41,16 days 06:45:00,14.6V,4.7V,14.0V,14.0V,0.4A,0.0A,0.0A,-0.2A,,32.5C,,,,,,,
01/18/15    05:04:42,16 days 06:40:00,20.8V,4.7V,14.2V,14.3V,0.4A,0.0A,0.0A,-0.2A,,32.4C,,,,,,,
01/18/15    04:59:44,16 days 06:35:00,21.2V,4.7V,14.2V,14.3V,0.4A,0.0A,0.0A,-0.2A,,32.4C,,,,,,,
01/18/15    04:54:45,16 days 06:30:00,20.2V,4.7V,14.2V,14.2V,0.4A,0.0A,0.0A,-0.2A,,32.3C,,,,,,,
01/18/15    04:49:46,16 days 06:25:00,20.3V,4.7V,14.2V,14.3V,0.2A,0.0A,0.0A,-0.2A,,32.3C,,,,,,,
01/18/15    04:44:47,16 days 06:19:59,20.6V,4.7V,14.2V,14.3V,0.3A,0.0A,0.0A,-0.2A,,32.2C,,,,,,,
01/18/15    04:39:49,16 days 06:15:00,20.5V,4.7V,14.2V,14.3V,0.3A,0.0A,0.0A,-0.2A,,32.2C,,,,,,,
01/18/15    04:34:50,16 days 06:10:00,20.7V,4.7V,14.2V,14.2V,0.3A,0.0A,0.0A,-0.2A,,32.2C,,,,,,,
01/18/15    04:29:51,16 days 06:04:59,20.5V,4.7V,14.2V,14.3V,0.3A,0.0A,0.0A,-0.2A,,32.1C,,,,,,,
01/18/15    04:24:52,16 days 05:59:59,20.6V,4.7V,14.2V,14.3V,0.3A,0.0A,0.0A,-0.2A,,32.1C,,,,,,,
01/18/15    04:19:54,16 days 05:55:00,20.6V,4.7V,14.2V,14.3V,0.3A,0.0A,0.0A,-0.2A,,32.1C,,,,,,,
01/18/15    04:14:55,16 days 05:50:00,20.7V,4.7V,14.2V,14.3V,0.3A,0.0A,0.0A,-0.2A,,32.1C,,,,,,,
01/18/15    04:09:57,16 days 05:45:00,21.1V,4.7V,14.2V,14.2V,0.3A,0.0A,0.0A,-0.2A,,32.1C,,,,,,,
01/18/15    04:04:58,16 days 05:40:00,20.7V,4.7V,14.2V,14.3V,0.3A,0.0A,0.0A,-0.2A,,32.0C,,,,,,,
01/18/15    03:59:59,16 days 05:35:00,20.8V,4.7V,14.2V,14.3V,0.3A,0.0A,0.0A,-0.2A,,32.0C,,,,,,,
01/18/15    03:55:01,16 days 05:30:00,21.8V,4.7V,14.2V,14.3V,0.3A,0.0A,0.0A,-0.2A,,31.9C,,,,,,,
01/18/15    03:50:02,16 days 05:25:00,15.3V,4.7V,14.2V,14.2V,0.3A,0.0A,0.0A,-0.2A,,31.9C,,,,,,,
01/18/15    03:45:03,16 days 05:20:00,17.9V,4.7V,14.2V,14.3V,0.3A,0.0A,0.0A,-0.2A,,31.8C,,,,,,,
01/18/15    03:40:04,16 days 05:15:00,19.5V,4.7V,14.2V,14.3V,0.3A,0.0A,0.0A,-0.2A,,31.7C,,,,,,,
01/18/15    03:35:06,16 days 05:10:00,21.0V,4.7V,14.2V,14.3V,0.3A,0.0A,0.0A,-0.2A,,31.7C,,,,,,,
01/18/15    03:30:07,16 days 05:05:00,19.5V,4.7V,14.2V,14.3V,0.2A,0.0A,0.0A,-0.2A,,31.7C,,,,,,,
01/18/15    03:25:08,16 days 05:00:00,18.7V,5.2V,14.3V,14.4V,0.0A,0.0A,0.0A,-0.2A,,31.7C,,,,,,,
01/18/15    03:20:09,16 days 04:54:59,20.3V,5.2V,14.3V,14.4V,0.0A,0.0A,0.0A,-0.2A,,31.6C,,,,,,,
01/18/15    03:15:11,16 days 04:50:00,20.2V,5.2V,14.3V,14.4V,0.0A,0.0A,0.0A,-0.2A,,31.6C,,,,,,,
01/18/15    03:10:12,16 days 04:45:00,20.3V,5.2V,14.3V,14.4V,0.0A,0.0A,0.0A,0.0A,,31.5C,,,,,,,
01/18/15    03:05:13,16 days 04:40:00,20.4V,5.2V,14.3V,14.4V,0.0A,0.0A,0.0A,-0.2A,,31.5C,,,,,,,
01/18/15    03:00:14,16 days 04:34:59,20.4V,5.2V,14.3V,14.4V,0.0A,0.0A,0.0A,-0.2A,,31.4C,,,,,,,
01/18/15    02:55:16,16 days 04:30:00,20.4V,5.2V,14.3V,14.4V,0.0A,0.0A,0.0A,-0.2A,,31.4C,,,,,,,
01/18/15    02:50:17,16 days 04:25:00,20.3V,5.2V,14.3V,14.4V,0.0A,0.0A,0.0A,-0.2A,,31.4C,,,,,,,
01/18/15    02:45:18,16 days 04:20:00,20.3V,5.2V,14.3V,14.4V,0.0A,0.0A,0.0A,-0.2A,,31.3C,,,,,,,
01/18/15    02:40:19,16 days 04:14:59,20.5V,5.2V,14.3V,14.4V,0.0A,0.0A,0.0A,0.0A,,31.3C,,,,,,,
01/18/15    02:35:21,16 days 04:10:00,21.1V,5.2V,14.3V,14.4V,0.0A,0.0A,0.0A,-0.2A,,31.3C,,,,,,,
01/18/15    02:30:21,16 days 04:04:59,19.2V,5.2V,14.3V,14.4V,0.0A,0.0A,0.0A,0.0A,,31.3C,,,,,,,
01/18/15    02:25:23,16 days 04:00:00,22.5V,5.2V,14.3V,14.3V,0.0A,0.0A,0.0A,-0.2A,,31.3C,,,,,,,
01/18/15    02:20:24,16 days 03:55:00,20.6V,5.2V,14.3V,14.4V,0.0A,0.0A,0.0A,-0.2A,,31.4C,,,,,,,
01/18/15    02:15:25,16 days 03:49:59,20.5V,5.2V,14.3V,14.4V,0.0A,0.0A,0.0A,-0.2A,,31.4C,,,,,,,
01/18/15    02:10:26,16 days 03:44:59,20.6V,5.2V,14.3V,14.4V,0.0A,0.0A,0.0A,-0.2A,,31.4C,,,,,,,
01/18/15    02:05:28,16 days 03:40:00,19.6V,5.2V,14.3V,14.4V,0.0A,0.0A,0.0A,-0.2A,,31.4C,,,,,,,
01/18/15    02:00:29,16 days 03:35:00,19.1V,5.2V,14.3V,14.4V,0.0A,0.0A,0.0A,-0.2A,,31.4C,,,,,,,
01/18/15    01:55:30,16 days 03:30:00,20.6V,5.2V,14.3V,14.4V,0.0A,0.0A,0.0A,-0.2A,,31.3C,,,,,,,
01/18/15    01:50:32,16 days 03:25:00,20.6V,5.2V,14.3V,14.4V,0.0A,0.0A,0.0A,-0.2A,,31.3C,,,,,,,
01/18/15    01:45:33,16 days 03:20:00,20.7V,5.2V,14.3V,14.4V,0.0A,0.0A,0.0A,-0.2A,,31.2C,,,,,,,
01/18/15    01:40:34,16 days 03:15:00,21.1V,5.2V,14.3V,14.4V,0.0A,0.0A,0.0A,-0.2A,,31.2C,,,,,,,
01/18/15    01:35:35,16 days 03:10:00,19.3V,5.2V,14.3V,14.4V,0.0A,0.0A,0.0A,-0.2A,,31.2C,,,,,,,
01/18/15    01:30:36,16 days 03:05:00,20.9V,5.2V,14.3V,14.4V,0.0A,0.0A,0.0A,0.0A,,31.1C,,,,,,,
01/18/15    01:25:37,16 days 02:59:59,20.9V,5.2V,14.3V,14.4V,0.0A,0.0A,0.0A,-0.2A,,31.1C,,,,,,,
01/18/15    01:20:39,16 days 02:55:00,20.8V,5.2V,14.3V,14.4V,0.0A,0.0A,0.0A,-0.2A,,31.1C,,,,,,,
01/18/15    01:15:39,16 days 02:49:59,20.9V,5.2V,14.3V,14.4V,0.0A,0.0A,0.0A,0.0A,,31.0C,,,,,,,
01/18/15    01:10:41,16 days 02:45:00,20.7V,5.2V,14.3V,14.4V,0.0A,0.0A,0.0A,-0.2A,,30.9C,,,,,,,
01/18/15    01:05:42,16 days 02:40:00,20.6V,5.2V,14.3V,14.4V,0.0A,0.0A,0.0A,-0.2A,,30.9C,,,,,,,
01/18/15    01:00:43,16 days 02:35:00,20.5V,5.2V,14.3V,14.3V,0.0A,0.0A,0.0A,0.0A,,30.8C,,,,,,,
01/18/15    00:55:44,16 days 02:30:00,20.2V,5.2V,14.3V,14.4V,0.0A,0.0A,0.0A,-0.2A,,30.7C,,,,,,,
01/18/15    00:50:45,16 days 02:24:59,18.4V,5.1V,14.3V,14.3V,0.0A,0.0A,0.0A,-0.2A,,30.6C,,,,,,,
01/18/15    00:45:46,16 days 02:19:59,15.5V,5.1V,13.9V,13.9V,0.0A,0.0A,0.0A,-0.2A,,30.5C,,,,,,,
01/18/15    00:40:48,16 days 02:15:00,15.8V,5.2V,14.0V,14.0V,0.0A,0.0A,0.0A,-0.2A,,30.4C,,,,,,,
01/18/15    00:35:49,16 days 02:10:00,15.7V,5.2V,13.9V,14.0V,0.0A,0.0A,0.0A,-0.2A,,30.3C,,,,,,,
01/18/15    00:30:50,16 days 02:05:00,15.7V,5.2V,13.9V,13.9V,0.0A,0.0A,0.0A,-0.2A,,30.2C,,,,,,,
01/18/15    00:25:51,16 days 02:00:00,16.0V,5.2V,13.9V,13.9V,0.0A,0.0A,0.0A,-0.2A,,30.1C,,,,,,,
01/18/15    00:20:52,16 days 01:54:59,16.1V,5.2V,13.9V,13.9V,0.0A,0.0A,0.0A,-0.2A,,30.1C,,,,,,,
01/18/15    00:15:53,16 days 01:49:59,15.3V,5.2V,13.6V,13.6V,0.0A,0.0A,0.0A,0.0A,,30.0C,,,,,,,
01/18/15    00:10:55,16 days 01:45:00,15.9V,5.2V,13.9V,13.9V,0.0A,0.0A,0.0A,-0.2A,,29.9C,,,,,,,
01/18/15    00:05:55,16 days 01:39:59,15.6V,5.2V,13.6V,13.6V,0.0A,0.0A,0.0A,-0.2A,,29.9C,,,,,,,
01/18/15    00:00:57,16 days 01:35:00,15.3V,5.2V,13.6V,13.6V,0.0A,0.0A,0.0A,-0.2A,,29.9C,,,,,,,
01/17/15    23:55:58,16 days 01:30:00,15.9V,5.2V,13.8V,13.8V,0.0A,0.0A,0.0A,-0.2A,,29.9C,,,,,,,
01/17/15    23:50:59,16 days 01:25:00,15.1V,5.2V,13.5V,13.5V,0.0A,0.0A,0.0A,-0.2A,,29.9C,,,,,,,
01/17/15    23:46:00,16 days 01:20:00,16.0V,5.2V,13.8V,13.8V,0.0A,0.0A,0.0A,-0.2A,,29.9C,,,,,,,
01/17/15    23:41:01,16 days 01:15:00,15.5V,5.2V,13.6V,13.6V,0.0A,0.0A,0.0A,-0.2A,,29.8C,,,,,,,
01/17/15    23:36:03,16 days 01:10:00,14.6V,5.2V,13.5V,13.5V,0.0A,0.0A,0.0A,-0.2A,,29.7C,,,,,,,
01/17/15    23:31:04,16 days 01:05:00,15.6V,5.2V,13.7V,13.7V,0.0A,0.0A,0.0A,-0.2A,,29.7C,,,,,,,
01/17/15    23:26:05,16 days 01:00:00,16.1V,5.2V,13.8V,13.8V,0.0A,0.0A,0.0A,-0.2A,,29.6C,,,,,,,
01/17/15    23:21:06,16 days 00:55:00,15.5V,5.2V,13.5V,13.5V,0.0A,0.0A,0.0A,-0.2A,,29.5C,,,,,,,
01/17/15    23:16:07,16 days 00:50:00,15.6V,5.2V,13.7V,13.7V,0.0A,0.0A,0.0A,0.0A,,29.4C,,,,,,,
01/17/15    23:11:08,16 days 00:45:00,15.6V,5.2V,13.7V,13.7V,0.0A,0.0A,0.0A,-0.2A,,29.4C,,,,,,,
01/17/15    23:06:09,16 days 00:40:00,15.9V,5.2V,13.7V,13.7V,0.0A,0.0A,0.0A,0.0A,,29.4C,,,,,,,
01/17/15    23:01:10,16 days 00:34:59,15.0V,5.2V,13.4V,13.5V,0.0A,0.0A,0.0A,-0.2A,,29.3C,,,,,,,
01/17/15    22:56:12,16 days 00:30:00,16.7V,5.2V,13.5V,13.5V,0.0A,0.0A,0.0A,-0.2A,,29.3C,,,,,,,
01/17/15    22:51:13,16 days 00:25:00,14.9V,5.2V,13.4V,13.5V,0.0A,0.0A,0.0A,-0.2A,,29.2C,,,,,,,
01/17/15    22:46:14,16 days 00:20:00,14.8V,5.2V,13.4V,13.4V,0.0A,0.0A,0.0A,-0.2A,,29.2C,,,,,,,
01/17/15    22:41:15,16 days 00:15:00,15.2V,5.2V,13.4V,13.4V,0.0A,0.0A,0.0A,-0.2A,,29.1C,,,,,,,
01/17/15    22:36:16,16 days 00:10:00,15.6V,5.2V,13.6V,13.6V,0.0A,0.0A,0.0A,0.0A,,29.0C,,,,,,,
01/17/15    22:31:17,16 days 00:04:59,20.7V,5.2V,13.4V,13.5V,0.0A,0.0A,0.0A,-0.2A,,28.9C,,,,,,,
01/17/15    22:26:19,16 days 00:00:00,15.6V,5.2V,13.6V,13.6V,0.0A,0.0A,0.0A,0.0A,,28.8C,,,,,,,
01/17/15    22:21:19,15 days 23:54:59,15.5V,5.2V,13.6V,13.6V,0.0A,0.0A,0.0A,-0.2A,,28.7C,,,,,,,
01/17/15    22:16:21,15 days 23:50:00,15.5V,5.2V,13.6V,13.6V,0.0A,0.0A,0.0A,-0.2A,,28.6C,,,,,,,
01/17/15    22:11:22,15 days 23:45:00,15.5V,5.2V,13.5V,13.6V,0.0A,0.0A,0.0A,-0.2A,,28.5C,,,,,,,
01/17/15    22:06:23,15 days 23:40:00,15.4V,5.2V,13.5V,13.5V,0.0A,0.0A,0.0A,-0.2A,,28.4C,,,,,,,
01/17/15    22:01:24,15 days 23:35:00,15.2V,5.2V,13.5V,13.5V,0.0A,0.0A,0.0A,0.0A,,28.3C,,,,,,,
01/17/15    21:56:25,15 days 23:30:00,15.3V,5.2V,13.5V,13.5V,0.0A,0.0A,0.0A,-0.2A,,28.2C,,,,,,,
01/17/15    21:51:26,15 days 23:24:59,15.2V,5.2V,13.4V,13.5V,0.0A,0.0A,0.0A,-0.2A,,28.2C,,,,,,,
01/17/15    21:46:28,15 days 23:20:00,15.2V,5.2V,13.4V,13.4V,0.0A,0.0A,0.0A,-0.2A,,28.1C,,,,,,,
01/17/15    21:41:28,15 days 23:14:59,15.2V,5.2V,13.4V,13.4V,0.0A,0.0A,0.0A,-0.2A,,28.0C,,,,,,,
01/17/15    21:36:30,15 days 23:10:00,15.1V,5.2V,13.4V,13.4V,0.0A,0.0A,0.0A,-0.2A,,28.0C,,,,,,,
01/17/15    21:31:31,15 days 23:05:00,15.2V,5.2V,13.4V,13.4V,0.0A,0.0A,0.0A,0.0A,,27.9C,,,,,,,
01/17/15    21:26:32,15 days 23:00:00,15.2V,5.2V,13.3V,13.3V,0.0A,0.0A,0.0A,0.0A,,27.9C,,,,,,,
01/17/15    21:21:33,15 days 22:55:00,15.2V,5.2V,13.3V,13.3V,0.0A,0.0A,0.0A,-0.2A,,27.9C,,,,,,,
01/17/15    21:16:34,15 days 22:50:00,14.7V,5.2V,13.2V,13.2V,0.0A,0.0A,0.0A,-0.2A,,27.9C,,,,,,,
01/17/15    21:11:35,15 days 22:45:00,14.8V,5.2V,13.2V,13.3V,0.0A,0.0A,0.0A,-0.2A,,27.8C,,,,,,,
01/17/15    21:06:36,15 days 22:39:59,15.4V,5.2V,13.3V,13.3V,0.0A,0.0A,0.0A,-0.2A,,27.8C,,,,,,,
01/17/15    21:01:38,15 days 22:35:00,15.2V,5.2V,13.3V,13.3V,0.0A,0.0A,0.0A,-0.2A,,27.7C,,,,,,,
01/17/15    20:56:39,15 days 22:30:00,14.7V,5.2V,13.2V,13.2V,0.0A,0.0A,0.0A,0.0A,,27.7C,,,,,,,
01/17/15    20:51:40,15 days 22:25:00,14.7V,5.2V,13.2V,13.2V,0.0A,0.0A,0.0A,-0.2A,,27.7C,,,,,,,
01/17/15    20:46:41,15 days 22:20:00,14.7V,5.2V,13.2V,13.2V,0.0A,0.0A,0.0A,-0.2A,,27.7C,,,,,,,
01/17/15    20:41:42,15 days 22:15:00,21.0V,5.2V,13.1V,13.1V,0.0A,0.0A,0.0A,-0.2A,,27.6C,,,,,,,
01/17/15    20:36:43,15 days 22:10:00,14.7V,5.2V,13.1V,13.2V,0.0A,0.0A,0.0A,0.0A,,27.6C,,,,,,,
01/17/15    20:31:44,15 days 22:05:00,14.7V,5.2V,13.1V,13.2V,0.0A,0.0A,0.0A,-0.2A,,27.6C,,,,,,,
01/17/15    20:26:45,15 days 21:59:59,14.6V,5.2V,13.1V,13.1V,0.0A,0.0A,0.0A,0.0A,,27.6C,,,,,,,
01/17/15    20:21:46,15 days 21:54:59,14.5V,5.2V,13.1V,13.1V,0.0A,0.0A,0.0A,0.0A,,27.6C,,,,,,,
01/17/15    20:16:47,15 days 21:49:59,14.2V,5.2V,13.1V,13.1V,0.0A,0.0A,0.0A,-0.2A,,27.6C,,,,,,,
01/17/15    20:11:49,15 days 21:45:00,14.1V,5.2V,13.1V,13.1V,0.0A,0.0A,0.0A,-0.2A,,27.7C,,,,,,,
01/17/15    20:06:50,15 days 21:40:00,13.8V,5.2V,13.0V,13.1V,0.0A,0.0A,0.0A,0.0A,,27.7C,,,,,,,
01/17/15    20:01:51,15 days 21:35:00,13.5V,5.2V,13.0V,13.1V,0.0A,0.0A,0.0A,0.0A,,27.7C,,,,,,,
01/17/15    19:56:51,15 days 21:29:59,13.5V,5.2V,13.0V,13.1V,0.0A,0.0A,0.0A,-0.2A,,27.8C,,,,,,,
01/17/15    19:51:53,15 days 21:25:00,13.5V,5.2V,13.0V,13.1V,0.0A,0.0A,0.0A,0.0A,,27.8C,,,,,,,
01/17/15    19:46:53,15 days 21:19:59,13.5V,5.2V,13.0V,13.1V,0.0A,0.0A,0.0A,-0.2A,,27.9C,,,,,,,
01/17/15    19:41:54,15 days 21:14:59,13.5V,5.2V,13.0V,13.1V,0.0A,0.0A,0.0A,0.0A,,28.0C,,,,,,,
01/17/15    19:36:55,15 days 21:09:59,13.5V,5.2V,13.0V,13.1V,0.0A,0.0A,0.0A,-0.2A,,28.1C,,,,,,,
01/17/15    19:31:56,15 days 21:05:00,13.5V,5.2V,13.0V,13.0V,0.0A,0.0A,0.0A,-0.2A,,28.2C,,,,,,,
01/17/15    19:26:57,15 days 21:00:00,13.5V,5.2V,13.0V,13.0V,0.0A,0.0A,0.0A,0.0A,,28.2C,,,,,,,
01/17/15    19:21:58,15 days 20:55:00,13.5V,5.2V,13.0V,13.0V,0.0A,0.0A,0.0A,-0.2A,,28.3C,,,,,,,
01/17/15    19:16:59,15 days 20:50:00,13.5V,5.2V,13.0V,13.0V,0.0A,0.0A,0.0A,-0.2A,,28.4C,,,,,,,
01/17/15    19:12:00,15 days 20:45:00,13.5V,5.2V,13.0V,13.0V,0.0A,0.0A,0.0A,0.0A,,28.4C,,,,,,,
01/17/15    19:07:01,15 days 20:40:00,13.1V,5.2V,13.0V,13.0V,0.0A,0.0A,0.0A,-0.2A,,28.5C,,,,,,,
01/17/15    19:02:02,15 days 20:34:59,12.9V,5.2V,13.0V,13.0V,0.0A,0.0A,0.0A,-0.2A,,28.6C,,,,,,,
01/17/15    18:57:04,15 days 20:30:00,10.2V,5.2V,13.0V,13.0V,0.0A,0.0A,0.0A,-0.2A,,28.7C,,,,,,,
01/17/15    18:52:04,15 days 20:24:59,4.8V,5.2V,13.0V,13.0V,0.0A,0.0A,0.0A,-0.2A,,28.7C,,,,,,,
01/17/15    18:47:06,15 days 20:20:00,1.5V,5.2V,13.0V,13.1V,0.0A,0.0A,0.0A,-0.2A,,28.8C,,,,,,,
01/17/15    18:42:06,15 days 20:14:59,0.3V,5.2V,13.0V,13.1V,0.0A,0.0A,0.0A,-0.2A,,28.9C,,,,,,,
01/17/15    18:37:08,15 days 20:10:00,0.0V,5.2V,13.0V,13.1V,0.0A,0.0A,0.0A,-0.2A,,28.9C,,,,,,,
01/17/15    18:32:09,15 days 20:05:00,0.0V,5.2V,13.0V,13.1V,0.0A,0.0A,0.0A,-0.2A,,28.9C,,,,,,,
01/17/15    18:27:10,15 days 20:00:00,0.0V,5.2V,13.0V,13.1V,0.0A,0.0A,0.0A,-0.2A,,29.0C,,,,,,,
01/17/15    18:22:11,15 days 19:55:00,0.0V,5.2V,13.0V,13.1V,0.0A,0.0A,0.0A,-0.2A,,29.0C,,,,,,,
01/17/15    18:17:12,15 days 19:50:00,0.0V,5.2V,13.0V,13.1V,0.0A,0.0A,0.0A,-0.2A,,29.1C,,,,,,,
01/17/15    18:12:13,15 days 19:45:00,0.0V,5.2V,13.0V,13.1V,0.0A,0.0A,0.0A,-0.2A,,29.1C,,,,,,,
01/17/15    18:07:14,15 days 19:40:00,0.0V,5.2V,13.0V,13.1V,0.0A,0.0A,0.0A,-0.2A,,29.1C,,,,,,,
01/17/15    18:02:15,15 days 19:34:59,0.0V,5.2V,13.0V,13.1V,0.0A,0.0A,0.0A,-0.2A,,29.2C,,,,,,,
01/17/15    17:57:17,15 days 19:30:00,0.0V,5.2V,13.0V,13.1V,0.0A,0.0A,0.0A,-0.2A,,29.2C,,,,,,,
01/17/15    17:52:17,15 days 19:24:59,0.0V,5.2V,13.0V,13.1V,0.0A,0.0A,0.0A,-0.2A,,29.2C,,,,,,,
01/17/15    17:47:19,15 days 19:20:00,0.0V,5.2V,13.0V,13.1V,0.0A,0.0A,0.0A,0.0A,,29.3C,,,,,,,
01/17/15    17:42:20,15 days 19:15:00,0.0V,5.2V,13.0V,13.1V,0.0A,0.0A,0.0A,0.0A,,29.3C,,,,,,,
01/17/15    17:37:21,15 days 19:10:00,0.0V,5.2V,13.0V,13.1V,0.0A,0.0A,0.0A,-0.2A,,29.3C,,,,,,,
01/17/15    17:32:22,15 days 19:04:59,0.0V,5.2V,13.0V,13.1V,0.0A,0.0A,0.0A,-0.2A,,29.4C,,,,,,,
01/17/15    17:27:24,15 days 19:00:00,0.0V,5.2V,13.0V,13.1V,0.0A,0.0A,0.0A,-0.2A,,29.4C,,,,,,,
01/17/15    17:22:25,15 days 18:55:00,0.0V,5.2V,13.0V,13.1V,0.0A,0.0A,0.0A,-0.2A,,29.5C,,,,,,,
01/17/15    17:17:26,15 days 18:50:00,0.0V,5.2V,13.0V,13.1V,0.0A,0.0A,0.0A,-0.2A,,29.5C,,,,,,,
01/17/15    17:12:27,15 days 18:45:00,0.0V,5.2V,13.0V,13.1V,0.0A,0.0A,0.0A,-0.2A,,29.5C,,,,,,,
01/17/15    17:07:28,15 days 18:40:00,0.0V,5.2V,13.0V,13.1V,0.0A,0.0A,0.0A,-0.2A,,29.6C,,,,,,,
01/17/15    17:02:29,15 days 18:34:59,0.0V,5.2V,13.0V,13.1V,0.0A,0.0A,0.0A,-0.2A,,29.6C,,,,,,,
01/17/15    16:57:31,15 days 18:30:00,0.0V,5.2V,13.0V,13.1V,0.0A,0.0A,0.0A,-0.2A,,29.6C,,,,,,,
01/17/15    16:52:32,15 days 18:25:00,0.0V,5.2V,13.0V,13.1V,0.0A,0.0A,0.0A,-0.2A,,29.7C,,,,,,,
01/17/15    16:47:33,15 days 18:20:00,0.0V,5.2V,13.0V,13.1V,0.0A,0.0A,0.0A,-0.2A,,29.7C,,,,,,,
01/17/15    16:42:34,15 days 18:14:59,0.0V,5.2V,13.0V,13.1V,0.0A,0.0A,0.0A,-0.2A,,29.7C,,,,,,,
01/17/15    16:37:36,15 days 18:10:00,0.0V,5.2V,13.0V,13.1V,0.0A,0.0A,0.0A,-0.2A,,29.8C,,,,,,,
01/17/15    16:32:37,15 days 18:05:00,0.0V,5.2V,13.1V,13.1V,0.0A,0.0A,0.0A,-0.2A,,29.8C,,,,,,,
01/17/15    16:27:38,15 days 18:00:00,0.0V,5.2V,13.1V,13.1V,0.0A,0.0A,0.0A,-0.2A,,29.8C,,,,,,,
01/17/15    16:22:39,15 days 17:55:00,0.0V,5.2V,13.1V,13.1V,0.0A,0.0A,0.0A,0.0A,,29.8C,,,,,,,
01/17/15    16:17:40,15 days 17:49:59,0.0V,5.2V,13.1V,13.1V,0.0A,0.0A,0.0A,-0.2A,,29.8C,,,,,,,
01/17/15    16:12:42,15 days 17:45:00,0.0V,5.2V,13.1V,13.1V,0.0A,0.0A,0.0A,-0.2A,,29.9C,,,,,,,
01/17/15    16:07:43,15 days 17:40:00,0.0V,5.2V,13.1V,13.1V,0.0A,0.0A,0.0A,-0.2A,,29.9C,,,,,,,
01/17/15    16:02:44,15 days 17:35:00,0.0V,5.2V,13.1V,13.1V,0.0A,0.0A,0.0A,0.0A,,29.9C,,,,,,,
01/17/15    15:57:45,15 days 17:30:00,0.0V,5.2V,13.1V,13.1V,0.0A,0.0A,0.0A,-0.2A,,30.0C,,,,,,,
01/17/15    15:52:47,15 days 17:25:00,0.0V,5.2V,13.1V,13.1V,0.0A,0.0A,0.0A,-0.2A,,30.0C,,,,,,,
01/17/15    15:47:48,15 days 17:20:00,0.0V,5.2V,13.1V,13.1V,0.0A,0.0A,0.0A,-0.2A,,30.1C,,,,,,,
01/17/15    15:42:49,15 days 17:15:00,0.0V,5.2V,13.1V,13.1V,0.0A,0.0A,0.0A,-0.2A,,30.1C,,,,,,,
01/17/15    15:37:50,15 days 17:09:59,0.0V,5.2V,13.1V,13.1V,0.0A,0.0A,0.0A,-0.2A,,30.1C,,,,,,,
01/17/15    15:32:52,15 days 17:05:00,0.0V,5.2V,13.1V,13.1V,0.0A,0.0A,0.0A,0.0A,,30.2C,,,,,,,
01/17/15    15:27:53,15 days 17:00:00,0.0V,5.2V,13.1V,13.1V,0.0A,0.0A,0.0A,0.0A,,30.2C,,,,,,,
01/17/15    15:22:54,15 days 16:55:00,0.0V,5.2V,13.1V,13.1V,0.0A,0.0A,0.0A,-0.2A,,30.2C,,,,,,,
01/17/15    15:17:55,15 days 16:50:00,0.0V,5.2V,13.1V,13.1V,0.0A,0.0A,0.0A,-0.2A,,30.3C,,,,,,,
01/17/15    15:12:56,15 days 16:44:59,0.0V,5.2V,13.1V,13.1V,0.0A,0.0A,0.0A,-0.2A,,30.3C,,,,,,,
01/17/15    15:07:57,15 days 16:39:59,0.0V,5.2V,13.1V,13.1V,0.0A,0.0A,0.0A,-0.2A,,30.3C,,,,,,,
01/17/15    15:02:59,15 days 16:35:00,0.0V,5.2V,13.1V,13.1V,0.0A,0.0A,0.0A,-0.2A,,30.4C,,,,,,,
01/17/15    14:58:00,15 days 16:30:00,0.0V,5.2V,13.1V,13.1V,0.0A,0.0A,0.0A,0.0A,,30.4C,,,,,,,
01/17/15    14:53:01,15 days 16:24:59,0.0V,5.2V,13.1V,13.1V,0.0A,0.0A,0.0A,0.0A,,30.4C,,,,,,,
01/17/15    14:48:03,15 days 16:20:00,0.0V,5.2V,13.1V,13.1V,0.0A,0.0A,0.0A,-0.2A,,30.4C,,,,,,,
01/17/15    14:43:04,15 days 16:15:00,0.0V,5.2V,13.1V,13.1V,0.0A,0.0A,0.0A,-0.2A,,30.5C,,,,,,,
01/17/15    14:38:06,15 days 16:10:00,0.0V,5.2V,13.1V,13.1V,0.0A,0.0A,0.0A,-0.2A,,30.5C,,,,,,,
01/17/15    14:33:07,15 days 16:05:00,0.0V,5.2V,13.1V,13.1V,0.0A,0.0A,0.0A,-0.2A,,30.5C,,,,,,,
01/17/15    14:28:08,15 days 16:00:00,0.0V,5.2V,13.1V,13.1V,0.0A,0.0A,0.0A,-0.2A,,30.6C,,,,,,,
01/17/15    14:23:09,15 days 15:55:00,0.0V,5.2V,13.1V,13.1V,0.0A,0.0A,0.0A,-0.2A,,30.6C,,,,,,,
01/17/15    14:18:11,15 days 15:50:00,0.0V,5.2V,13.1V,13.1V,0.0A,0.0A,0.0A,0.0A,,30.7C,,,,,,,
01/17/15    14:13:12,15 days 15:45:00,0.0V,5.2V,13.1V,13.1V,0.0A,0.0A,0.0A,0.0A,,30.7C,,,,,,,
01/17/15    14:08:13,15 days 15:40:00,0.0V,5.2V,13.1V,13.1V,0.0A,0.0A,0.0A,0.0A,,30.7C,,,,,,,
01/17/15    14:03:14,15 days 15:35:00,0.0V,5.2V,13.1V,13.1V,0.0A,0.0A,0.0A,-0.2A,,30.8C,,,,,,,
01/17/15    13:58:16,15 days 15:30:00,0.0V,5.2V,13.1V,13.1V,0.0A,0.0A,0.0A,-0.2A,,30.8C,,,,,,,
01/17/15    13:53:17,15 days 15:25:00,0.0V,5.2V,12.9V,13.0V,0.0A,0.2A,0.0A,-0.2A,,30.8C,,,,,,,
01/17/15    13:48:18,15 days 15:20:00,0.0V,5.2V,12.9V,13.0V,0.0A,0.2A,0.0A,-0.2A,,30.8C,,,,,,,
01/17/15    13:43:19,15 days 15:14:59,0.0V,5.2V,12.9V,13.0V,0.0A,0.2A,0.0A,-0.2A,,30.9C,,,,,,,
01/17/15    13:38:21,15 days 15:10:00,0.0V,5.2V,12.9V,13.0V,0.0A,0.2A,0.0A,-0.2A,,30.9C,,,,,,,
01/17/15    13:33:22,15 days 15:05:00,0.0V,5.2V,13.0V,13.0V,0.0A,0.2A,0.0A,-0.2A,,30.9C,,,,,,,
01/17/15    13:28:23,15 days 15:00:00,0.0V,5.2V,13.0V,13.0V,0.0A,0.2A,0.0A,-0.2A,,30.9C,,,,,,,
01/17/15    13:23:24,15 days 14:55:00,0.0V,5.2V,13.0V,13.0V,0.0A,0.2A,0.0A,-0.2A,,30.9C,,,,,,,
01/17/15    13:18:26,15 days 14:50:00,0.0V,5.2V,13.0V,13.0V,0.0A,0.2A,0.0A,-0.2A,,30.9C,,,,,,,
01/17/15    13:13:26,15 days 14:44:59,0.0V,5.2V,13.0V,13.0V,0.0A,0.2A,0.0A,-0.2A,,30.9C,,,,,,,
01/17/15    13:08:28,15 days 14:40:00,0.0V,5.2V,13.0V,13.0V,0.0A,0.2A,0.0A,-0.2A,,30.9C,,,,,,,
01/17/15    13:03:29,15 days 14:35:00,0.0V,5.2V,13.0V,13.0V,0.0A,0.2A,0.0A,-0.2A,,31.0C,,,,,,,
01/17/15    12:58:30,15 days 14:30:00,0.0V,5.2V,13.0V,13.0V,0.0A,0.2A,0.0A,0.0A,,31.0C,,,,,,,
01/17/15    12:53:31,15 days 14:24:59,0.0V,5.2V,13.0V,13.0V,0.0A,0.2A,0.0A,-0.2A,,31.0C,,,,,,,
01/17/15    12:48:33,15 days 14:20:00,0.0V,5.2V,13.0V,13.0V,0.0A,0.2A,0.0A,0.0A,,31.0C,,,,,,,
01/17/15    12:43:33,15 days 14:14:59,0.0V,5.2V,13.0V,13.0V,0.0A,0.2A,0.0A,0.0A,,31.0C,,,,,,,
01/17/15    12:38:35,15 days 14:10:00,0.0V,5.2V,13.0V,13.1V,0.0A,0.2A,0.0A,0.0A,,31.0C,,,,,,,
01/17/15    12:33:36,15 days 14:04:59,0.0V,5.2V,13.0V,13.1V,0.0A,0.2A,0.0A,0.0A,,31.1C,,,,,,,
01/17/15    12:28:37,15 days 13:59:59,0.0V,5.2V,13.0V,13.1V,0.0A,0.2A,0.0A,-0.2A,,31.1C,,,,,,,
01/17/15    12:23:39,15 days 13:55:00,0.0V,5.2V,13.0V,13.1V,0.0A,0.2A,0.0A,-0.2A,,31.1C,,,,,,,
01/17/15    12:18:40,15 days 13:50:00,0.0V,5.2V,13.0V,13.1V,0.0A,0.2A,0.0A,-0.2A,,31.1C,,,,,,,
01/17/15    12:13:41,15 days 13:45:00,0.0V,5.2V,13.0V,13.1V,0.0A,0.2A,0.0A,-0.2A,,31.1C,,,,,,,
01/17/15    12:08:42,15 days 13:39:59,0.0V,5.2V,13.0V,13.1V,0.0A,0.2A,0.0A,-0.2A,,31.1C,,,,,,,
01/17/15    12:03:44,15 days 13:35:00,0.0V,5.2V,13.0V,13.1V,0.0A,0.2A,0.0A,-0.2A,,31.0C,,,,,,,
01/17/15    11:58:45,15 days 13:30:00,0.0V,5.2V,13.0V,13.1V,0.0A,0.2A,0.0A,-0.2A,,31.0C,,,,,,,
01/17/15    11:53:46,15 days 13:25:00,0.0V,5.2V,13.0V,13.1V,0.0A,0.2A,0.0A,-0.2A,,31.0C,,,,,,,
01/17/15    11:48:47,15 days 13:19:59,0.0V,5.2V,13.0V,13.1V,0.0A,0.2A,0.0A,-0.2A,,31.0C,,,,,,,
01/17/15    11:43:49,15 days 13:15:00,0.0V,5.2V,13.0V,13.1V,0.0A,0.2A,0.0A,-0.2A,,31.0C,,,,,,,
01/17/15    11:38:50,15 days 13:10:00,0.0V,5.2V,13.0V,13.1V,0.0A,0.2A,0.0A,-0.2A,,31.0C,,,,,,,
01/17/15    11:33:51,15 days 13:05:00,0.0V,5.2V,13.1V,13.1V,0.0A,0.2A,0.0A,-0.2A,,31.1C,,,,,,,
01/17/15    11:28:52,15 days 13:00:00,0.0V,5.2V,13.1V,13.1V,0.0A,0.2A,0.0A,-0.2A,,31.1C,,,,,,,
01/17/15    11:23:54,15 days 12:55:00,0.0V,5.2V,13.1V,13.1V,0.0A,0.2A,0.0A,-0.2A,,31.1C,,,,,,,
01/17/15    11:18:54,15 days 12:49:59,0.0V,5.2V,13.1V,13.1V,0.0A,0.2A,0.0A,-0.2A,,31.2C,,,,,,,
01/17/15    11:13:56,15 days 12:45:00,0.0V,5.2V,13.1V,13.1V,0.0A,0.2A,0.0A,0.0A,,31.2C,,,,,,,
01/17/15    11:08:57,15 days 12:40:00,0.0V,5.2V,13.1V,13.1V,0.0A,0.2A,0.0A,-0.2A,,31.2C,,,,,,,
01/17/15    11:03:58,15 days 12:35:00,0.0V,5.2V,13.1V,13.1V,0.0A,0.2A,0.0A,-0.2A,,31.3C,,,,,,,
01/17/15    10:58:59,15 days 12:29:59,0.0V,5.2V,13.1V,13.1V,0.0A,0.2A,0.0A,-0.2A,,31.3C,,,,,,,
01/17/15    10:54:01,15 days 12:25:00,0.0V,5.2V,13.1V,13.1V,0.0A,0.2A,0.0A,-0.2A,,31.3C,,,,,,,
01/17/15    10:49:02,15 days 12:20:00,0.0V,5.2V,13.1V,13.1V,0.0A,0.2A,0.0A,-0.2A,,31.4C,,,,,,,
01/17/15    10:44:03,15 days 12:15:00,0.0V,5.2V,13.1V,13.1V,0.0A,0.2A,0.0A,-0.2A,,31.4C,,,,,,,
01/17/15    10:39:04,15 days 12:09:59,0.0V,5.2V,13.1V,13.1V,0.0A,0.2A,0.0A,-0.2A,,31.4C,,,,,,,
01/17/15    10:34:06,15 days 12:05:00,0.0V,5.2V,13.1V,13.1V,0.0A,0.2A,0.0A,-0.2A,,31.4C,,,,,,,
01/17/15    10:29:07,15 days 12:00:00,0.0V,5.2V,13.1V,13.1V,0.0A,0.2A,0.0A,-0.2A,,31.4C,,,,,,,
01/17/15    10:24:08,15 days 11:55:00,0.0V,5.2V,13.1V,13.1V,0.0A,0.2A,0.0A,-0.2A,,31.5C,,,,,,,
01/17/15    10:19:09,15 days 11:50:00,0.0V,5.2V,13.1V,13.1V,0.0A,0.2A,0.0A,-0.2A,,31.5C,,,,,,,
01/17/15    10:14:10,15 days 11:44:59,0.0V,5.2V,13.1V,13.1V,0.0A,0.2A,0.0A,-0.2A,,31.5C,,,,,,,
01/17/15    10:09:12,15 days 11:40:00,0.0V,5.2V,13.1V,13.1V,0.0A,0.2A,0.0A,-0.2A,,31.5C,,,,,,,
01/17/15    10:04:13,15 days 11:35:00,0.0V,5.2V,13.1V,13.1V,0.0A,0.2A,0.0A,-0.2A,,31.5C,,,,,,,
01/17/15    09:59:14,15 days 11:30:00,0.0V,5.2V,13.1V,13.1V,0.0A,0.2A,0.0A,-0.2A,,31.6C,,,,,,,
01/17/15    09:54:15,15 days 11:25:00,0.0V,5.2V,13.1V,13.1V,0.0A,0.2A,0.0A,-0.2A,,31.6C,,,,,,,
01/17/15    09:49:17,15 days 11:20:00,0.0V,5.2V,13.1V,13.1V,0.0A,0.2A,0.0A,-0.2A,,31.6C,,,,,,,
01/17/15    09:44:18,15 days 11:15:00,0.0V,5.2V,13.1V,13.1V,0.0A,0.2A,0.0A,-0.2A,,31.6C,,,,,,,
01/17/15    09:39:19,15 days 11:10:00,0.0V,5.2V,13.1V,13.1V,0.0A,0.2A,0.0A,0.0A,,31.7C,,,,,,,
01/17/15    09:34:20,15 days 11:05:00,0.0V,5.2V,13.1V,13.1V,0.0A,0.2A,0.0A,-0.2A,,31.7C,,,,,,,
01/17/15    09:29:21,15 days 11:00:00,0.0V,5.2V,13.1V,13.1V,0.0A,0.2A,0.0A,-0.2A,,31.7C,,,,,,,
01/17/15    09:24:22,15 days 10:54:59,0.0V,5.2V,13.1V,13.1V,0.0A,0.2A,0.0A,-0.2A,,31.7C,,,,,,,
01/17/15    09:19:24,15 days 10:50:00,0.0V,5.2V,13.1V,13.1V,0.0A,0.2A,0.0A,0.0A,,31.7C,,,,,,,
01/17/15    09:14:25,15 days 10:45:00,0.0V,5.2V,13.1V,13.1V,0.0A,0.2A,0.0A,0.0A,,31.7C,,,,,,,
01/17/15    09:09:26,15 days 10:40:00,0.0V,5.2V,13.1V,13.1V,0.0A,0.2A,0.0A,-0.2A,,31.8C,,,,,,,
01/17/15    09:04:27,15 days 10:34:59,0.0V,4.7V,13.0V,13.0V,0.4A,0.2A,0.0A,-0.2A,,31.8C,,,,,,,
01/17/15    08:59:29,15 days 10:30:00,0.0V,4.7V,13.0V,13.0V,0.4A,0.2A,0.0A,-0.2A,,31.9C,,,,,,,
01/17/15    08:54:30,15 days 10:25:00,0.0V,4.7V,13.0V,13.0V,0.4A,0.2A,0.0A,-0.2A,,31.9C,,,,,,,
01/17/15    08:49:31,15 days 10:20:00,0.0V,4.7V,13.0V,13.0V,0.4A,0.2A,0.0A,-0.2A,,31.9C,,,,,,,
01/17/15    08:44:32,15 days 10:14:59,0.0V,4.7V,13.0V,13.0V,0.4A,0.2A,0.0A,-0.2A,,31.9C,,,,,,,
01/17/15    08:39:34,15 days 10:10:00,0.0V,4.7V,13.0V,13.1V,0.4A,0.2A,0.0A,-0.2A,,31.9C,,,,,,,
01/17/15    08:34:35,15 days 10:05:00,0.0V,4.7V,13.0V,13.1V,0.4A,0.2A,0.0A,-0.2A,,32.0C,,,,,,,
01/17/15    08:29:36,15 days 10:00:00,0.0V,4.7V,13.0V,13.1V,0.5A,0.2A,0.0A,-0.2A,,32.0C,,,,,,,
01/17/15    08:24:37,15 days 09:54:59,0.0V,4.7V,13.0V,13.1V,0.5A,0.2A,0.0A,-0.2A,,32.0C,,,,,,,
01/17/15    08:19:39,15 days 09:50:00,0.0V,4.7V,13.0V,13.1V,0.5A,0.2A,0.0A,-0.2A,,32.0C,,,,,,,
01/17/15    08:14:40,15 days 09:45:00,0.1V,4.7V,13.0V,13.1V,0.5A,0.2A,0.0A,-0.2A,,32.0C,,,,,,,
01/17/15    08:09:41,15 days 09:39:59,0.2V,5.2V,13.2V,13.3V,0.0A,0.0A,0.0A,-0.2A,,32.0C,,,,,,,
01/17/15    08:04:43,15 days 09:35:00,0.6V,5.2V,13.2V,13.3V,0.0A,0.0A,0.0A,0.0A,,32.1C,,,,,,,
01/17/15    07:59:44,15 days 09:30:00,2.0V,5.2V,13.2V,13.3V,0.0A,0.0A,0.0A,-0.2A,,32.1C,,,,,,,
01/17/15    07:54:46,15 days 09:25:00,6.4V,5.2V,13.2V,13.3V,0.0A,0.0A,0.0A,-0.2A,,32.2C,,,,,,,
01/17/15    07:49:46,15 days 09:19:59,11.1V,5.2V,13.2V,13.3V,0.0A,0.0A,0.0A,-0.2A,,32.2C,,,,,,,
01/17/15    07:44:48,15 days 09:15:00,13.1V,5.2V,13.2V,13.3V,0.0A,0.0A,0.0A,-0.2A,,32.2C,,,,,,,
01/17/15    07:39:49,15 days 09:10:00,13.4V,5.2V,13.2V,13.3V,0.0A,0.0A,0.0A,-0.2A,,32.3C,,,,,,,
01/17/15    07:34:50,15 days 09:05:00,13.7V,5.2V,13.2V,13.3V,0.0A,0.0A,0.0A,-0.2A,,32.3C,,,,,,,
01/17/15    07:29:51,15 days 08:59:59,13.8V,5.2V,13.3V,13.3V,0.0A,0.0A,0.0A,-0.2A,,32.3C,,,,,,,
01/17/15    07:24:53,15 days 08:55:00,13.8V,5.2V,13.3V,13.3V,0.0A,0.0A,0.0A,-0.2A,,32.4C,,,,,,,
01/17/15    07:19:54,15 days 08:50:00,13.9V,5.2V,13.4V,13.4V,0.0A,0.0A,0.0A,-0.2A,,32.5C,,,,,,,
01/17/15    07:14:56,15 days 08:45:00,14.0V,5.2V,13.4V,13.5V,0.0A,0.0A,0.0A,-0.2A,,32.6C,,,,,,,
01/17/15    07:09:57,15 days 08:40:00,14.0V,5.2V,13.5V,13.6V,0.0A,0.0A,0.0A,-0.2A,,32.7C,,,,,,,
01/17/15    07:04:58,15 days 08:35:00,14.2V,5.2V,13.7V,13.7V,0.0A,0.0A,0.0A,-0.2A,,32.7C,,,,,,,
01/17/15    06:59:59,15 days 08:29:59,14.4V,5.2V,13.9V,13.9V,0.0A,0.0A,0.0A,-0.2A,,32.7C,,,,,,,
01/17/15    06:55:01,15 days 08:25:00,15.2V,5.2V,14.2V,14.2V,0.0A,0.0A,0.0A,-0.2A,,32.7C,,,,,,,
01/17/15    06:50:02,15 days 08:20:00,20.5V,5.2V,14.3V,14.4V,0.0A,0.0A,0.0A,-0.2A,,32.7C,,,,,,,
01/17/15    06:45:03,15 days 08:14:59,20.6V,5.2V,14.3V,14.4V,0.0A,0.0A,0.0A,-0.2A,,32.7C,,,,,,,
01/17/15    06:40:04,15 days 08:09:59,20.7V,5.2V,14.3V,14.4V,0.0A,0.0A,0.0A,0.0A,,32.7C,,,,,,,
01/17/15    06:35:06,15 days 08:05:00,20.7V,5.2V,14.3V,14.4V,0.0A,0.0A,0.0A,-0.2A,,32.7C,,,,,,,
01/17/15    06:30:07,15 days 08:00:00,20.7V,5.2V,14.3V,14.4V,0.0A,0.0A,0.0A,-0.2A,,32.6C,,,,,,,
01/17/15    06:25:08,15 days 07:54:59,20.8V,5.2V,14.3V,14.4V,0.0A,0.0A,0.0A,-0.2A,,32.6C,,,,,,,
01/17/15    06:20:09,15 days 07:49:59,20.9V,5.2V,14.3V,14.4V,0.0A,0.0A,0.0A,-0.2A,,32.6C,,,,,,,
01/17/15    06:15:11,15 days 07:45:00,20.8V,5.2V,14.3V,14.4V,0.0A,0.0A,0.0A,-0.2A,,32.6C,,,,,,,
01/17/15    06:10:12,15 days 07:40:00,20.8V,5.2V,14.3V,14.4V,0.0A,0.0A,0.0A,-0.2A,,32.5C,,,,,,,
01/17/15    06:05:14,15 days 07:35:00,20.8V,5.2V,14.3V,14.4V,0.0A,0.0A,0.0A,-0.2A,,32.5C,,,,,,,
01/17/15    06:00:14,15 days 07:29:59,20.9V,5.2V,14.3V,14.4V,0.0A,0.0A,0.0A,-0.2A,,32.5C,,,,,,,
01/17/15    05:55:16,15 days 07:25:00,20.9V,5.2V,14.3V,14.4V,0.0A,0.0A,0.0A,-0.2A,,32.5C,,,,,,,
01/17/15    05:50:17,15 days 07:19:59,20.8V,5.2V,14.3V,14.4V,0.0A,0.0A,0.0A,-0.2A,,32.5C,,,,,,,
01/17/15    05:45:19,15 days 07:15:00,21.0V,5.2V,14.3V,14.4V,0.0A,0.0A,0.0A,-0.2A,,32.4C,,,,,,,
01/17/15    05:40:20,15 days 07:10:00,20.9V,5.2V,14.3V,14.4V,0.0A,0.0A,0.0A,0.0A,,32.4C,,,,,,,
01/17/15    05:35:21,15 days 07:05:00,20.9V,5.2V,14.3V,14.4V,0.0A,0.0A,0.0A,-0.2A,,32.4C,,,,,,,
01/17/15    05:30:23,15 days 07:00:00,20.8V,5.2V,14.3V,14.4V,0.0A,0.0A,0.0A,-0.2A,,32.3C,,,,,,,
01/17/15    05:25:24,15 days 06:55:00,20.9V,5.2V,14.3V,14.4V,0.0A,0.0A,0.0A,-0.2A,,32.3C,,,,,,,
01/17/15    05:20:25,15 days 06:50:00,20.9V,5.2V,14.3V,14.4V,0.0A,0.0A,0.0A,-0.2A,,32.3C,,,,,,,
01/17/15    05:15:26,15 days 06:44:59,20.8V,5.2V,14.3V,14.4V,0.0A,0.0A,0.0A,-0.2A,,32.3C,,,,,,,
01/17/15    05:10:28,15 days 06:40:00,20.9V,5.2V,14.3V,14.4V,0.0A,0.0A,0.0A,-0.2A,,32.2C,,,,,,,
01/17/15    05:05:29,15 days 06:35:00,20.8V,5.2V,14.3V,14.4V,0.0A,0.0A,0.0A,-0.2A,,32.2C,,,,,,,
01/17/15    05:00:31,15 days 06:30:00,20.9V,5.2V,14.3V,14.4V,0.0A,0.0A,0.0A,-0.2A,,32.2C,,,,,,,
01/17/15    04:55:32,15 days 06:25:00,20.9V,5.2V,14.3V,14.4V,0.0A,0.0A,0.0A,-0.2A,,32.1C,,,,,,,
01/17/15    04:50:33,15 days 06:20:00,20.8V,5.2V,14.3V,14.4V,0.0A,0.0A,0.0A,-0.2A,,32.1C,,,,,,,
01/17/15    04:45:34,15 days 06:14:59,20.9V,5.2V,14.3V,14.4V,0.0A,0.0A,0.0A,-0.2A,,32.1C,,,,,,,
01/17/15    04:40:36,15 days 06:10:00,21.0V,5.2V,14.3V,14.4V,0.0A,0.0A,0.0A,-0.2A,,32.0C,,,,,,,
01/17/15    04:35:37,15 days 06:04:59,20.9V,5.2V,14.3V,14.4V,0.0A,0.0A,0.0A,-0.2A,,32.0C,,,,,,,
01/17/15    04:30:39,15 days 06:00:00,20.9V,5.2V,14.3V,14.4V,0.0A,0.0A,0.0A,-0.2A,,32.0C,,,,,,,
01/17/15    04:25:40,15 days 05:55:00,20.8V,5.2V,14.3V,14.4V,0.0A,0.0A,0.0A,-0.2A,,32.0C,,,,,,,
01/17/15    04:20:41,15 days 05:49:59,21.0V,5.2V,14.3V,14.4V,0.0A,0.0A,0.0A,-0.2A,,31.9C,,,,,,,
01/17/15    04:15:42,15 days 05:44:59,20.9V,5.2V,14.3V,14.4V,0.0A,0.0A,0.0A,-0.2A,,31.9C,,,,,,,
01/17/15    04:10:44,15 days 05:40:00,20.9V,5.2V,14.3V,14.4V,0.0A,0.0A,0.0A,-0.2A,,31.9C,,,,,,,
01/17/15    04:05:45,15 days 05:34:59,20.9V,5.2V,14.3V,14.4V,0.0A,0.0A,0.0A,-0.2A,,31.8C,,,,,,,
01/17/15    04:00:47,15 days 05:30:00,20.9V,5.2V,14.3V,14.4V,0.0A,0.0A,0.0A,-0.2A,,31.8C,,,,,,,
01/17/15    03:55:48,15 days 05:25:00,20.7V,5.2V,14.3V,14.4V,0.0A,0.0A,0.0A,-0.2A,,31.8C,,,,,,,
01/17/15    03:50:49,15 days 05:19:59,20.9V,5.2V,14.3V,14.4V,0.0A,0.0A,0.0A,-0.2A,,31.7C,,,,,,,
01/17/15    03:45:50,15 days 05:14:59,21.3V,5.2V,14.3V,14.4V,0.0A,0.0A,0.0A,-0.2A,,31.7C,,,,,,,
01/17/15    03:40:52,15 days 05:10:00,19.1V,5.2V,14.3V,14.4V,0.0A,0.0A,0.0A,-0.2A,,31.7C,,,,,,,
01/17/15    03:35:53,15 days 05:05:00,20.8V,5.2V,14.3V,14.4V,0.0A,0.0A,0.0A,-0.2A,,31.6C,,,,,,,
01/17/15    03:30:54,15 days 04:59:59,20.4V,5.2V,14.3V,14.4V,0.0A,0.0A,0.0A,-0.2A,,31.6C,,,,,,,
01/17/15    03:25:56,15 days 04:55:00,20.3V,5.2V,14.3V,14.4V,0.0A,0.0A,0.0A,-0.2A,,31.5C,,,,,,,
01/17/15    03:20:57,15 days 04:50:00,20.5V,5.2V,14.3V,14.4V,0.0A,0.0A,0.0A,-0.2A,,31.5C,,,,,,,
01/17/15    03:15:58,15 days 04:45:00,20.8V,5.2V,14.3V,14.4V,0.0A,0.0A,0.0A,-0.2A,,31.4C,,,,,,,
01/17/15    03:10:59,15 days 04:40:00,20.7V,5.2V,14.3V,14.4V,0.0A,0.0A,0.0A,-0.2A,,31.4C,,,,,,,
01/17/15    03:06:01,15 days 04:35:00,20.5V,5.2V,14.3V,14.4V,0.0A,0.0A,0.0A,-0.2A,,31.3C,,,,,,,
01/17/15    03:01:02,15 days 04:30:00,20.7V,5.2V,14.3V,14.4V,0.0A,0.0A,0.0A,-0.2A,,31.3C,,,,,,,
01/17/15    02:56:03,15 days 04:25:00,20.9V,5.2V,14.3V,14.4V,0.0A,0.0A,0.0A,-0.2A,,31.3C,,,,,,,
01/17/15    02:51:04,15 days 04:19:59,20.6V,5.2V,14.3V,14.4V,0.0A,0.0A,0.0A,-0.2A,,31.2C,,,,,,,
01/17/15    02:46:06,15 days 04:15:00,20.7V,5.2V,14.3V,14.4V,0.0A,0.0A,0.0A,-0.2A,,31.2C,,,,,,,
01/17/15    02:41:07,15 days 04:10:00,20.5V,5.2V,14.3V,14.4V,0.0A,0.0A,0.0A,-0.2A,,31.1C,,,,,,,
01/17/15    02:36:08,15 days 04:04:59,20.7V,5.2V,14.3V,14.4V,0.0A,0.0A,0.0A,-0.2A,,31.1C,,,,,,,
01/17/15    02:31:09,15 days 03:59:59,20.9V,5.2V,14.3V,14.4V,0.0A,0.0A,0.0A,-0.2A,,31.0C,,,,,,,
01/17/15    02:26:11,15 days 03:55:00,20.8V,5.2V,14.3V,14.4V,0.0A,0.0A,0.0A,-0.2A,,31.0C,,,,,,,
01/17/15    02:21:12,15 days 03:49:59,20.8V,5.2V,14.3V,14.4V,0.0A,0.0A,0.0A,-0.2A,,30.9C,,,,,,,
01/17/15    02:16:14,15 days 03:45:00,20.9V,5.2V,14.3V,14.4V,0.0A,0.0A,0.0A,-0.2A,,30.9C,,,,,,,
01/17/15    02:11:15,15 days 03:40:00,20.8V,5.2V,14.3V,14.4V,0.0A,0.0A,0.0A,-0.2A,,30.9C,,,,,,,
01/17/15    02:06:16,15 days 03:35:00,20.9V,5.2V,14.3V,14.4V,0.0A,0.0A,0.0A,-0.2A,,30.8C,,,,,,,
01/17/15    02:01:17,15 days 03:30:00,20.7V,5.2V,14.3V,14.4V,0.0A,0.0A,0.0A,-0.2A,,30.8C,,,,,,,
01/17/15    01:56:19,15 days 03:25:00,20.8V,5.2V,14.3V,14.4V,0.0A,0.0A,0.0A,-0.2A,,30.7C,,,,,,,
01/17/15    01:51:20,15 days 03:20:00,20.7V,5.2V,14.3V,14.4V,0.0A,0.0A,0.0A,-0.2A,,30.7C,,,,,,,
01/17/15    01:46:21,15 days 03:15:00,20.7V,5.2V,14.3V,14.4V,0.0A,0.0A,0.0A,-0.2A,,30.6C,,,,,,,
01/17/15    01:41:22,15 days 03:09:59,20.8V,5.2V,14.3V,14.4V,0.0A,0.0A,0.0A,-0.2A,,30.6C,,,,,,,
01/17/15    01:36:24,15 days 03:05:00,20.8V,5.2V,14.3V,14.4V,0.0A,0.0A,0.0A,-0.2A,,30.6C,,,,,,,
01/17/15    01:31:25,15 days 03:00:00,20.9V,5.2V,14.3V,14.4V,0.0A,0.0A,0.0A,-0.2A,,30.5C,,,,,,,
01/17/15    01:26:26,15 days 02:55:00,21.1V,5.2V,14.3V,14.4V,0.0A,0.0A,0.0A,-0.2A,,30.5C,,,,,,,
01/17/15    01:21:27,15 days 02:49:59,21.0V,5.2V,14.3V,14.4V,0.0A,0.0A,0.0A,0.0A,,30.5C,,,,,,,
01/17/15    01:16:29,15 days 02:45:00,20.9V,5.2V,14.3V,14.4V,0.0A,0.0A,0.0A,-0.2A,,30.4C,,,,,,,
01/17/15    01:11:30,15 days 02:40:00,20.9V,5.2V,14.3V,14.4V,0.0A,0.0A,0.0A,-0.2A,,30.4C,,,,,,,
01/17/15    01:06:31,15 days 02:34:59,21.0V,5.2V,14.3V,14.4V,0.0A,0.0A,0.0A,-0.2A,,30.3C,,,,,,,
01/17/15    01:01:33,15 days 02:30:00,21.0V,5.2V,14.3V,14.4V,0.0A,0.0A,0.0A,-0.2A,,30.3C,,,,,,,
01/17/15    00:56:34,15 days 02:25:00,21.0V,5.2V,14.3V,14.4V,0.0A,0.0A,0.0A,-0.2A,,30.2C,,,,,,,
01/17/15    00:51:35,15 days 02:20:00,20.9V,5.2V,14.3V,14.4V,0.0A,0.0A,0.0A,0.0A,,30.2C,,,,,,,
01/17/15    00:46:36,15 days 02:15:00,20.9V,5.2V,14.3V,14.4V,0.0A,0.0A,0.0A,-0.2A,,30.1C,,,,,,,
01/17/15    00:41:37,15 days 02:09:59,20.9V,5.2V,14.3V,14.4V,0.0A,0.0A,0.0A,-0.2A,,30.1C,,,,,,,
01/17/15    00:36:38,15 days 02:04:59,21.0V,5.2V,14.3V,14.4V,0.0A,0.0A,0.0A,-0.2A,,30.0C,,,,,,,
01/17/15    00:31:40,15 days 02:00:00,20.9V,5.2V,14.3V,14.4V,0.0A,0.0A,0.0A,-0.2A,,30.0C,,,,,,,
01/17/15    00:26:41,15 days 01:55:00,20.7V,5.2V,14.3V,14.3V,0.0A,0.0A,0.0A,-0.2A,,29.9C,,,,,,,
01/17/15    00:21:42,15 days 01:49:59,20.2V,5.2V,14.2V,14.3V,0.0A,0.0A,0.0A,-0.2A,,29.8C,,,,,,,
01/17/15    00:16:43,15 days 01:44:59,15.9V,5.2V,14.1V,14.2V,0.0A,0.0A,0.0A,0.0A,,29.7C,,,,,,,
01/17/15    00:11:45,15 days 01:40:00,15.6V,5.2V,14.0V,14.0V,0.0A,0.0A,0.0A,-0.2A,,29.6C,,,,,,,
01/17/15    00:06:46,15 days 01:35:00,15.9V,5.2V,13.9V,13.9V,0.0A,0.0A,0.0A,-0.2A,,29.5C,,,,,,,
01/17/15    00:01:47,15 days 01:30:00,15.9V,5.2V,13.9V,13.9V,0.0A,0.0A,0.0A,-0.2A,,29.5C,,,,,,,
01/16/15    23:56:48,15 days 01:24:59,20.6V,5.2V,13.6V,13.7V,0.0A,0.0A,0.0A,0.0A,,29.4C,,,,,,,
01/16/15    23:51:50,15 days 01:20:00,15.8V,5.2V,13.8V,13.8V,0.0A,0.0A,0.0A,-0.2A,,29.3C,,,,,,,
01/16/15    23:46:51,15 days 01:15:00,15.7V,5.2V,13.8V,13.8V,0.0A,0.0A,0.0A,0.0A,,29.2C,,,,,,,
01/16/15    23:41:52,15 days 01:09:59,15.6V,5.2V,13.7V,13.8V,0.0A,0.0A,0.0A,-0.2A,,29.2C,,,,,,,
01/16/15    23:36:53,15 days 01:04:59,15.7V,5.2V,13.7V,13.8V,0.0A,0.0A,0.0A,0.0A,,29.1C,,,,,,,
01/16/15    23:31:55,15 days 01:00:00,15.2V,5.2V,13.5V,13.5V,0.0A,0.0A,0.0A,-0.2A,,29.0C,,,,,,,
01/16/15    23:26:56,15 days 00:54:59,15.5V,5.2V,13.7V,13.7V,0.0A,0.0A,0.0A,-0.2A,,28.9C,,,,,,,
01/16/15    23:21:58,15 days 00:50:00,15.5V,5.2V,13.7V,13.7V,0.0A,0.0A,0.0A,-0.2A,,28.9C,,,,,,,
01/16/15    23:16:59,15 days 00:45:00,15.6V,5.2V,13.7V,13.7V,0.0A,0.0A,0.0A,-0.2A,,28.8C,,,,,,,
01/16/15    23:12:00,15 days 00:40:00,15.6V,5.2V,13.7V,13.7V,0.0A,0.0A,0.0A,-0.2A,,28.8C,,,,,,,
01/16/15    23:07:02,15 days 00:35:00,15.6V,5.2V,13.7V,13.7V,0.0A,0.0A,0.0A,-0.2A,,28.7C,,,,,,,
01/16/15    23:02:03,15 days 00:30:00,15.6V,5.2V,13.6V,13.7V,0.0A,0.0A,0.0A,-0.2A,,28.7C,,,,,,,
01/16/15    22:57:04,15 days 00:25:00,15.6V,5.2V,13.6V,13.7V,0.0A,0.0A,0.0A,-0.2A,,28.6C,,,,,,,
01/16/15    22:52:05,15 days 00:19:59,15.6V,5.2V,13.6V,13.6V,0.0A,0.0A,0.0A,-0.2A,,28.5C,,,,,,,
01/16/15    22:47:07,15 days 00:15:00,15.6V,5.2V,13.6V,13.6V,0.0A,0.0A,0.0A,-0.2A,,28.5C,,,,,,,
01/16/15    22:42:08,15 days 00:10:00,15.6V,5.2V,13.6V,13.6V,0.0A,0.0A,0.0A,-0.2A,,28.4C,,,,,,,
01/16/15    22:37:10,15 days 00:05:00,15.6V,5.2V,13.6V,13.6V,0.0A,0.0A,0.0A,-0.2A,,28.4C,,,,,,,
01/16/15    22:32:11,15 days 00:00:00,15.6V,5.2V,13.6V,13.6V,0.0A,0.0A,0.0A,-0.2A,,28.3C,,,,,,,
01/16/15    22:27:12,14 days 23:55:00,15.6V,5.2V,13.6V,13.6V,0.0A,0.0A,0.0A,-0.2A,,28.2C,,,,,,,
01/16/15    22:22:13,14 days 23:49:59,15.5V,5.2V,13.6V,13.6V,0.0A,0.0A,0.0A,-0.2A,,28.2C,,,,,,,
01/16/15    22:17:15,14 days 23:45:00,15.6V,5.2V,13.6V,13.6V,0.0A,0.0A,0.0A,-0.2A,,28.1C,,,,,,,
01/16/15    22:12:16,14 days 23:40:00,15.5V,5.2V,13.6V,13.6V,0.0A,0.0A,0.0A,-0.2A,,28.0C,,,,,,,
01/16/15    22:07:18,14 days 23:35:00,15.5V,5.2V,13.5V,13.6V,0.0A,0.0A,0.0A,-0.2A,,27.9C,,,,,,,
01/16/15    22:02:19,14 days 23:30:00,15.5V,5.2V,13.5V,13.6V,0.0A,0.0A,0.0A,-0.2A,,27.9C,,,,,,,
01/16/15    21:57:20,14 days 23:25:00,15.5V,5.2V,13.5V,13.6V,0.0A,0.0A,0.0A,0.0A,,27.8C,,,,,,,
01/16/15    21:52:21,14 days 23:19:59,15.5V,5.2V,13.5V,13.5V,0.0A,0.0A,0.0A,-0.2A,,27.8C,,,,,,,
01/16/15    21:47:23,14 days 23:15:00,15.4V,5.2V,13.5V,13.5V,0.0A,0.0A,0.0A,-0.2A,,27.7C,,,,,,,
01/16/15    21:42:24,14 days 23:10:00,15.2V,5.2V,13.5V,13.5V,0.0A,0.0A,0.0A,-0.2A,,27.7C,,,,,,,
01/16/15    21:37:25,14 days 23:04:59,15.1V,5.2V,13.4V,13.4V,0.0A,0.0A,0.0A,-0.2A,,27.6C,,,,,,,
01/16/15    21:32:26,14 days 22:59:59,15.1V,5.2V,13.4V,13.4V,0.0A,0.0A,0.0A,-0.2A,,27.6C,,,,,,,
01/16/15    21:27:28,14 days 22:55:00,15.0V,5.2V,13.4V,13.4V,0.0A,0.0A,0.0A,0.0A,,27.5C,,,,,,,
01/16/15    21:22:29,14 days 22:50:00,15.0V,5.2V,13.3V,13.3V,0.0A,0.0A,0.0A,-0.2A,,27.5C,,,,,,,
01/16/15    21:17:30,14 days 22:45:00,15.1V,5.2V,13.3V,13.3V,0.0A,0.0A,0.0A,-0.2A,,27.5C,,,,,,,
01/16/15    21:12:31,14 days 22:39:59,14.9V,5.2V,13.3V,13.3V,0.0A,0.0A,0.0A,-0.2A,,27.4C,,,,,,,
01/16/15    21:07:33,14 days 22:35:00,14.8V,5.2V,13.2V,13.2V,0.0A,0.0A,0.0A,0.0A,,27.4C,,,,,,,
01/16/15    21:02:34,14 days 22:30:00,14.5V,5.2V,13.2V,13.2V,0.0A,0.0A,0.0A,-0.2A,,27.4C,,,,,,,
01/16/15    20:57:35,14 days 22:25:00,14.4V,5.2V,13.2V,13.2V,0.0A,0.0A,0.0A,-0.2A,,27.3C,,,,,,,
01/16/15    20:52:36,14 days 22:20:00,19.6V,5.2V,13.1V,13.2V,0.0A,0.0A,0.0A,-0.2A,,27.3C,,,,,,,
01/16/15    20:47:37,14 days 22:14:59,14.2V,5.2V,13.1V,13.2V,0.0A,0.0A,0.0A,-0.2A,,27.3C,,,,,,,
01/16/15    20:42:39,14 days 22:10:00,14.0V,5.2V,13.1V,13.1V,0.0A,0.0A,0.0A,-0.2A,,27.3C,,,,,,,
01/16/15    20:37:40,14 days 22:05:00,13.9V,5.2V,13.1V,13.1V,0.0A,0.0A,0.0A,-0.2A,,27.2C,,,,,,,
01/16/15    20:32:41,14 days 21:59:59,13.8V,5.2V,13.1V,13.1V,0.0A,0.0A,0.0A,-0.2A,,27.2C,,,,,,,
01/16/15    20:27:42,14 days 21:54:59,13.7V,5.2V,13.1V,13.1V,0.0A,0.0A,0.0A,-0.2A,,27.2C,,,,,,,
01/16/15    20:22:44,14 days 21:50:00,13.7V,5.2V,13.1V,13.1V,0.0A,0.0A,0.0A,-0.2A,,27.2C,,,,,,,
01/16/15    20:17:45,14 days 21:45:00,13.7V,5.2V,13.1V,13.1V,0.0A,0.0A,0.0A,-0.2A,,27.2C,,,,,,,
01/16/15    20:12:46,14 days 21:40:00,13.6V,5.2V,13.1V,13.1V,0.0A,0.0A,0.0A,-0.2A,,27.2C,,,,,,,
01/16/15    20:07:47,14 days 21:34:59,13.6V,5.2V,13.1V,13.1V,0.0A,0.0A,0.0A,-0.2A,,27.2C,,,,,,,
01/16/15    20:02:49,14 days 21:30:00,13.6V,5.2V,13.1V,13.1V,0.0A,0.0A,0.0A,-0.2A,,27.2C,,,,,,,
01/16/15    19:57:50,14 days 21:25:00,13.6V,5.2V,13.1V,13.1V,0.0A,0.0A,0.0A,-0.2A,,27.2C,,,,,,,
01/16/15    19:52:51,14 days 21:20:00,13.6V,5.2V,13.1V,13.1V,0.0A,0.0A,0.0A,-0.2A,,27.2C,,,,,,,
01/16/15    19:47:52,14 days 21:15:00,13.6V,5.2V,13.1V,13.1V,0.0A,0.0A,0.0A,-0.2A,,27.2C,,,,,,,
01/16/15    19:42:53,14 days 21:09:59,13.6V,5.2V,13.1V,13.1V,0.0A,0.0A,0.0A,-0.2A,,27.3C,,,,,,,
01/16/15    19:37:55,14 days 21:05:00,13.6V,5.2V,13.1V,13.1V,0.0A,0.0A,0.0A,-0.2A,,27.3C,,,,,,,
01/16/15    19:32:56,14 days 21:00:00,13.6V,5.2V,13.1V,13.1V,0.0A,0.0A,0.0A,0.0A,,27.3C,,,,,,,
01/16/15    19:27:57,14 days 20:55:00,13.6V,5.2V,13.1V,13.1V,0.0A,0.0A,0.0A,-0.2A,,27.3C,,,,,,,
01/16/15    19:22:58,14 days 20:49:59,13.6V,5.2V,13.1V,13.1V,0.0A,0.0A,0.0A,-0.2A,,27.4C,,,,,,,
01/16/15    19:17:59,14 days 20:44:59,13.6V,5.2V,13.1V,13.1V,0.0A,0.0A,0.0A,-0.2A,,27.4C,,,,,,,
01/16/15    19:13:01,14 days 20:40:00,13.8V,5.2V,13.1V,13.1V,0.0A,0.0A,0.0A,0.0A,,27.5C,,,,,,,
01/16/15    19:08:02,14 days 20:35:00,13.2V,5.2V,13.1V,13.1V,0.0A,0.0A,0.0A,-0.2A,,27.5C,,,,,,,
01/16/15    19:03:03,14 days 20:29:59,13.0V,5.2V,13.1V,13.1V,0.0A,0.0A,0.0A,-0.2A,,27.6C,,,,,,,
01/16/15    18:58:04,14 days 20:24:59,11.1V,5.2V,13.1V,13.1V,0.0A,0.0A,0.0A,-0.2A,,27.7C,,,,,,,
01/16/15    18:53:06,14 days 20:20:00,6.5V,5.2V,13.1V,13.1V,0.0A,0.0A,0.0A,0.0A,,27.7C,,,,,,,
01/16/15    18:48:07,14 days 20:15:00,2.8V,5.2V,13.1V,13.1V,0.0A,0.0A,0.0A,0.0A,,27.8C,,,,,,,
01/16/15    18:43:08,14 days 20:10:00,0.8V,5.2V,13.1V,13.1V,0.0A,0.0A,0.0A,-0.2A,,27.9C,,,,,,,
01/16/15    18:38:10,14 days 20:05:00,0.1V,5.2V,13.1V,13.1V,0.0A,0.0A,0.0A,-0.2A,,27.9C,,,,,,,
01/16/15    18:33:10,14 days 19:59:59,0.0V,5.2V,13.1V,13.1V,0.0A,0.0A,0.0A,-0.2A,,27.9C,,,,,,,
01/16/15    18:28:12,14 days 19:55:00,0.0V,5.2V,13.1V,13.1V,0.0A,0.0A,0.0A,-0.2A,,27.9C,,,,,,,
01/16/15    18:23:13,14 days 19:50:00,0.0V,5.2V,13.1V,13.1V,0.0A,0.0A,0.0A,-0.2A,,28.0C,,,,,,,
01/16/15    18:18:14,14 days 19:45:00,0.0V,5.2V,13.1V,13.1V,0.0A,0.0A,0.0A,-0.2A,,28.0C,,,,,,,
01/16/15    18:13:15,14 days 19:39:59,0.0V,5.2V,13.1V,13.1V,0.0A,0.0A,0.0A,-0.2A,,28.1C,,,,,,,
01/16/15    18:08:17,14 days 19:35:00,0.0V,5.2V,13.1V,13.2V,0.0A,0.0A,0.0A,-0.2A,,28.1C,,,,,,,
01/16/15    18:03:18,14 days 19:30:00,0.0V,5.2V,13.1V,13.2V,0.0A,0.0A,0.0A,-0.2A,,28.1C,,,,,,,
01/16/15    17:58:19,14 days 19:25:00,0.0V,5.2V,13.1V,13.2V,0.0A,0.0A,0.0A,-0.2A,,28.2C,,,,,,,
01/16/15    17:53:20,14 days 19:20:00,0.0V,5.2V,13.1V,13.2V,0.0A,0.0A,0.0A,-0.2A,,28.2C,,,,,,,
01/16/15    17:48:21,14 days 19:15:00,0.0V,5.2V,13.1V,13.2V,0.0A,0.0A,0.0A,-0.2A,,28.2C,,,,,,,
01/16/15    17:43:22,14 days 19:10:00,0.0V,5.2V,13.1V,13.2V,0.0A,0.0A,0.0A,-0.2A,,28.2C,,,,,,,
01/16/15    17:38:23,14 days 19:05:00,0.0V,5.2V,13.1V,13.2V,0.0A,0.0A,0.0A,0.0A,,28.3C,,,,,,,
01/16/15    17:33:24,14 days 19:00:00,0.0V,5.2V,13.1V,13.2V,0.0A,0.0A,0.0A,-0.2A,,28.3C,,,,,,,
01/16/15    17:28:25,14 days 18:54:59,0.0V,5.2V,13.1V,13.2V,0.0A,0.0A,0.0A,-0.2A,,28.3C,,,,,,,
01/16/15    17:23:26,14 days 18:49:59,0.0V,5.2V,13.1V,13.2V,0.0A,0.0A,0.0A,-0.2A,,28.3C,,,,,,,
01/16/15    17:18:28,14 days 18:45:00,0.0V,5.2V,13.1V,13.2V,0.0A,0.0A,0.0A,-0.2A,,28.4C,,,,,,,
01/16/15    17:13:29,14 days 18:40:00,0.0V,5.2V,13.1V,13.2V,0.0A,0.0A,0.0A,-0.2A,,28.4C,,,,,,,
01/16/15    17:08:30,14 days 18:35:00,0.0V,5.2V,13.1V,13.2V,0.0A,0.0A,0.0A,-0.2A,,28.4C,,,,,,,
01/16/15    17:03:31,14 days 18:29:59,0.0V,5.2V,13.1V,13.2V,0.0A,0.0A,0.0A,-0.2A,,28.5C,,,,,,,
01/16/15    16:58:33,14 days 18:25:00,0.0V,5.2V,13.1V,13.2V,0.0A,0.0A,0.0A,-0.2A,,28.5C,,,,,,,
01/16/15    16:53:34,14 days 18:20:00,0.0V,5.2V,13.1V,13.2V,0.0A,0.0A,0.0A,-0.2A,,28.5C,,,,,,,
01/16/15    16:48:35,14 days 18:15:00,0.0V,5.2V,13.2V,13.2V,0.0A,0.0A,0.0A,-0.2A,,28.6C,,,,,,,
01/16/15    16:43:36,14 days 18:10:00,0.0V,5.2V,13.2V,13.2V,0.0A,0.0A,0.0A,-0.2A,,28.6C,,,,,,,
01/16/15    16:38:37,14 days 18:04:59,0.0V,5.2V,13.2V,13.2V,0.0A,0.0A,0.0A,-0.2A,,28.6C,,,,,,,
01/16/15    16:33:38,14 days 17:59:59,0.0V,5.2V,13.2V,13.2V,0.0A,0.0A,0.0A,-0.2A,,28.7C,,,,,,,
01/16/15    16:28:40,14 days 17:55:00,0.0V,5.2V,13.2V,13.2V,0.0A,0.0A,0.0A,-0.2A,,28.7C,,,,,,,
01/16/15    16:23:41,14 days 17:50:00,0.0V,5.2V,13.2V,13.2V,0.0A,0.0A,0.0A,-0.2A,,28.7C,,,,,,,
01/16/15    16:18:42,14 days 17:45:00,0.0V,5.2V,13.2V,13.2V,0.0A,0.0A,0.0A,-0.2A,,28.7C,,,,,,,
01/16/15    16:13:44,14 days 17:40:00,0.0V,5.2V,13.2V,13.2V,0.0A,0.0A,0.0A,-0.2A,,28.8C,,,,,,,
01/16/15    16:08:45,14 days 17:35:00,0.0V,5.2V,13.2V,13.2V,0.0A,0.0A,0.0A,-0.2A,,28.8C,,,,,,,
01/16/15    16:03:46,14 days 17:30:00,0.0V,5.2V,13.2V,13.2V,0.0A,0.0A,0.0A,-0.2A,,28.9C,,,,,,,
01/16/15    15:58:47,14 days 17:25:00,0.0V,5.2V,13.2V,13.2V,0.0A,0.0A,0.0A,0.0A,,28.9C,,,,,,,
01/16/15    15:53:49,14 days 17:20:00,0.0V,5.2V,13.2V,13.2V,0.0A,0.0A,0.0A,-0.2A,,28.9C,,,,,,,
01/16/15    15:48:50,14 days 17:15:00,0.0V,5.2V,13.2V,13.2V,0.0A,0.0A,0.0A,0.0A,,28.9C,,,,,,,
01/16/15    15:43:51,14 days 17:10:00,0.0V,5.2V,13.2V,13.2V,0.0A,0.0A,0.0A,-0.2A,,29.0C,,,,,,,
01/16/15    15:38:52,14 days 17:05:00,0.0V,5.2V,13.2V,13.2V,0.0A,0.0A,0.0A,-0.2A,,29.0C,,,,,,,
01/16/15    15:33:54,14 days 17:00:00,0.0V,5.2V,13.2V,13.2V,0.0A,0.0A,0.0A,-0.2A,,29.0C,,,,,,,
01/16/15    15:28:55,14 days 16:55:00,0.0V,5.2V,13.2V,13.2V,0.0A,0.0A,0.0A,0.0A,,29.1C,,,,,,,
01/16/15    15:23:56,14 days 16:50:00,0.0V,5.2V,13.2V,13.2V,0.0A,0.0A,0.0A,-0.2A,,29.1C,,,,,,,
01/16/15    15:18:57,14 days 16:45:00,0.0V,5.2V,13.2V,13.2V,0.0A,0.0A,0.0A,-0.2A,,29.2C,,,,,,,
01/16/15    15:13:59,14 days 16:40:00,0.0V,5.2V,13.2V,13.2V,0.0A,0.0A,0.0A,-0.2A,,29.2C,,,,,,,
01/16/15    15:09:00,14 days 16:35:00,0.0V,5.2V,13.2V,13.2V,0.0A,0.0A,0.0A,-0.2A,,29.3C,,,,,,,
01/16/15    15:04:01,14 days 16:30:00,0.0V,5.2V,13.2V,13.2V,0.0A,0.0A,0.0A,-0.2A,,29.3C,,,,,,,
01/16/15    14:59:02,14 days 16:24:59,0.0V,5.2V,13.2V,13.2V,0.0A,0.0A,0.0A,-0.2A,,29.3C,,,,,,,
01/16/15    14:54:04,14 days 16:20:00,0.0V,5.2V,13.2V,13.2V,0.0A,0.0A,0.0A,-0.2A,,29.4C,,,,,,,
01/16/15    14:49:05,14 days 16:15:00,0.0V,5.2V,13.2V,13.2V,0.0A,0.0A,0.0A,-0.2A,,29.4C,,,,,,,
01/16/15    14:44:07,14 days 16:10:00,0.0V,5.2V,13.2V,13.2V,0.0A,0.0A,0.0A,-0.2A,,29.4C,,,,,,,
01/16/15    14:39:08,14 days 16:05:00,0.0V,5.2V,13.2V,13.2V,0.0A,0.0A,0.0A,0.0A,,29.5C,,,,,,,
01/16/15    14:34:09,14 days 15:59:59,0.0V,5.2V,13.2V,13.2V,0.0A,0.0A,0.0A,-0.2A,,29.5C,,,,,,,
01/16/15    14:29:10,14 days 15:54:59,0.0V,5.2V,13.2V,13.2V,0.0A,0.0A,0.0A,-0.2A,,29.6C,,,,,,,
01/16/15    14:24:12,14 days 15:50:00,0.0V,5.2V,13.2V,13.2V,0.0A,0.0A,0.0A,-0.2A,,29.6C,,,,,,,
01/16/15    14:19:13,14 days 15:44:59,0.0V,5.2V,13.2V,13.2V,0.0A,0.0A,0.0A,-0.2A,,29.7C,,,,,,,
01/16/15    14:14:15,14 days 15:40:00,0.0V,5.2V,13.2V,13.2V,0.0A,0.0A,0.0A,0.0A,,29.7C,,,,,,,
01/16/15    14:09:16,14 days 15:35:00,0.0V,5.2V,13.2V,13.2V,0.0A,0.0A,0.0A,-0.2A,,29.7C,,,,,,,
01/16/15    14:04:17,14 days 15:29:59,0.0V,5.2V,13.2V,13.2V,0.0A,0.0A,0.0A,-0.2A,,29.7C,,,,,,,
01/16/15    13:59:19,14 days 15:25:00,0.0V,5.2V,13.2V,13.2V,0.0A,0.0A,0.0A,-0.2A,,29.8C,,,,,,,
01/16/15    13:54:20,14 days 15:20:00,0.0V,5.2V,13.2V,13.2V,0.0A,0.0A,0.0A,0.0A,,29.8C,,,,,,,
01/16/15    13:49:22,14 days 15:15:00,0.0V,5.2V,13.2V,13.2V,0.0A,0.0A,0.0A,-0.2A,,29.8C,,,,,,,
01/16/15    13:44:23,14 days 15:10:00,0.0V,5.2V,13.2V,13.2V,0.0A,0.0A,0.0A,-0.2A,,29.9C,,,,,,,
01/16/15    13:39:25,14 days 15:05:00,0.0V,5.2V,13.2V,13.2V,0.0A,0.0A,0.0A,-0.2A,,29.9C,,,,,,,
01/16/15    13:34:26,14 days 15:00:00,0.0V,5.2V,13.2V,13.2V,0.0A,0.0A,0.0A,-0.2A,,29.9C,,,,,,,
01/16/15    13:29:27,14 days 14:55:00,0.0V,5.2V,13.2V,13.2V,0.0A,0.0A,0.0A,0.0A,,30.0C,,,,,,,
01/16/15    13:24:28,14 days 14:49:59,0.0V,5.2V,13.2V,13.2V,0.0A,0.0A,0.0A,-0.2A,,30.0C,,,,,,,
01/16/15    13:19:30,14 days 14:45:00,0.0V,5.2V,13.2V,13.2V,0.0A,0.0A,0.0A,-0.2A,,30.1C,,,,,,,
01/16/15    13:14:31,14 days 14:40:00,0.0V,5.2V,13.2V,13.2V,0.0A,0.0A,0.0A,-0.2A,,30.1C,,,,,,,
01/16/15    13:09:33,14 days 14:35:00,0.0V,5.2V,13.2V,13.2V,0.0A,0.0A,0.0A,-0.2A,,30.1C,,,,,,,
01/16/15    13:04:34,14 days 14:30:00,0.0V,5.2V,13.2V,13.2V,0.0A,0.0A,0.0A,-0.2A,,30.1C,,,,,,,
01/16/15    12:59:35,14 days 14:24:59,0.0V,5.2V,13.2V,13.2V,0.0A,0.0A,0.0A,-0.2A,,30.2C,,,,,,,
01/16/15    12:54:37,14 days 14:20:00,0.0V,5.2V,13.2V,13.2V,0.0A,0.0A,0.0A,-0.2A,,30.2C,,,,,,,
01/16/15    12:49:38,14 days 14:15:00,0.0V,5.2V,13.2V,13.2V,0.0A,0.0A,0.0A,-0.2A,,30.3C,,,,,,,
01/16/15    12:44:39,14 days 14:10:00,0.0V,5.2V,13.2V,13.2V,0.0A,0.0A,0.0A,-0.2A,,30.3C,,,,,,,
01/16/15    12:39:40,14 days 14:04:59,0.0V,5.2V,13.2V,13.2V,0.0A,0.0A,0.0A,-0.2A,,30.4C,,,,,,,
01/16/15    12:34:42,14 days 14:00:00,0.0V,5.2V,13.2V,13.2V,0.0A,0.0A,0.0A,-0.2A,,30.4C,,,,,,,
01/16/15    12:29:43,14 days 13:55:00,0.0V,5.2V,13.2V,13.2V,0.0A,0.0A,0.0A,-0.2A,,30.5C,,,,,,,
01/16/15    12:24:44,14 days 13:49:59,0.0V,5.2V,13.2V,13.2V,0.0A,0.0A,0.0A,-0.2A,,30.5C,,,,,,,
01/16/15    12:19:46,14 days 13:45:00,0.0V,5.2V,13.2V,13.2V,0.0A,0.0A,0.0A,-0.2A,,30.6C,,,,,,,
01/16/15    12:14:47,14 days 13:40:00,0.0V,5.2V,13.2V,13.2V,0.0A,0.0A,0.0A,-0.2A,,30.6C,,,,,,,
01/16/15    12:09:49,14 days 13:35:00,0.0V,5.2V,13.2V,13.2V,0.0A,0.0A,0.0A,-0.2A,,30.6C,,,,,,,
01/16/15    12:04:50,14 days 13:30:00,0.0V,5.2V,13.2V,13.2V,0.0A,0.0A,0.0A,-0.2A,,30.7C,,,,,,,
01/16/15    11:59:51,14 days 13:24:59,0.0V,5.2V,13.2V,13.2V,0.0A,0.0A,0.0A,0.0A,,30.7C,,,,,,,
01/16/15    11:54:53,14 days 13:20:00,0.0V,5.2V,13.2V,13.2V,0.0A,0.0A,0.0A,-0.2A,,30.7C,,,,,,,
01/16/15    11:49:54,14 days 13:15:00,0.0V,5.2V,13.2V,13.2V,0.0A,0.0A,0.0A,-0.2A,,30.8C,,,,,,,
01/16/15    11:44:56,14 days 13:10:00,0.0V,5.2V,13.2V,13.2V,0.0A,0.0A,0.0A,-0.2A,,30.8C,,,,,,,
01/16/15    11:39:57,14 days 13:05:00,0.0V,5.2V,13.2V,13.2V,0.0A,0.0A,0.0A,-0.2A,,30.8C,,,,,,,
01/16/15    11:34:58,14 days 13:00:00,0.0V,5.2V,13.2V,13.2V,0.0A,0.0A,0.0A,0.0A,,30.8C,,,,,,,
01/16/15    11:29:59,14 days 12:54:59,0.0V,5.2V,13.2V,13.2V,0.0A,0.0A,0.0A,0.0A,,30.8C,,,,,,,
01/16/15    11:25:01,14 days 12:50:00,0.0V,5.2V,13.2V,13.2V,0.0A,0.0A,0.0A,-0.2A,,30.8C,,,,,,,
01/16/15    11:20:02,14 days 12:45:00,0.0V,5.2V,13.2V,13.2V,0.0A,0.0A,0.0A,-0.2A,,30.9C,,,,,,,
01/16/15    11:15:03,14 days 12:39:59,0.0V,5.2V,13.2V,13.2V,0.0A,0.0A,0.0A,-0.2A,,30.9C,,,,,,,
01/16/15    11:10:05,14 days 12:35:00,0.0V,5.2V,13.2V,13.2V,0.0A,0.0A,0.0A,-0.2A,,30.9C,,,,,,,
01/16/15    11:05:06,14 days 12:30:00,0.0V,5.2V,13.2V,13.2V,0.0A,0.0A,0.0A,-0.2A,,30.9C,,,,,,,
01/16/15    11:00:07,14 days 12:25:00,0.0V,5.2V,13.2V,13.2V,0.0A,0.0A,0.0A,-0.2A,,30.9C,,,,,,,
01/16/15    10:55:09,14 days 12:20:00,0.0V,5.2V,13.2V,13.2V,0.0A,0.0A,0.0A,-0.2A,,30.9C,,,,,,,
01/16/15    10:50:10,14 days 12:15:00,0.0V,5.2V,13.2V,13.2V,0.0A,0.0A,0.0A,-0.2A,,30.9C,,,,,,,
01/16/15    10:45:11,14 days 12:10:00,0.0V,5.2V,13.2V,13.2V,0.0A,0.0A,0.0A,-0.2A,,30.9C,,,,,,,
01/16/15    10:40:12,14 days 12:04:59,0.0V,4.8V,13.1V,13.1V,0.0A,0.2A,0.0A,-0.2A,,30.9C,,,,,,,
01/16/15    10:35:14,14 days 12:00:00,0.0V,4.8V,13.1V,13.1V,0.0A,0.2A,0.0A,-0.2A,,30.9C,,,,,,,
01/16/15    10:30:15,14 days 11:55:00,0.0V,4.8V,13.1V,13.1V,0.0A,0.2A,0.0A,-0.2A,,30.9C,,,,,,,
01/16/15    10:25:17,14 days 11:50:00,0.0V,4.8V,13.1V,13.1V,0.0A,0.2A,0.0A,-0.2A,,30.9C,,,,,,,
01/16/15    10:20:18,14 days 11:45:00,0.0V,4.8V,13.1V,13.1V,0.0A,0.2A,0.0A,-0.2A,,31.0C,,,,,,,
01/16/15    10:15:19,14 days 11:39:59,0.0V,4.8V,13.1V,13.1V,0.0A,0.2A,0.0A,-0.2A,,31.0C,,,,,,,
01/16/15    10:10:21,14 days 11:35:00,0.0V,4.8V,13.1V,13.1V,0.0A,0.2A,0.0A,-0.2A,,31.0C,,,,,,,
01/16/15    10:05:22,14 days 11:30:00,0.0V,4.8V,13.1V,13.1V,0.0A,0.2A,0.0A,-0.2A,,31.0C,,,,,,,
01/16/15    10:00:23,14 days 11:24:59,0.0V,4.8V,13.0V,13.1V,0.0A,0.2A,0.0A,-0.2A,,31.0C,,,,,,,
01/16/15    09:55:25,14 days 11:20:00,0.0V,4.8V,13.0V,13.1V,0.1A,0.2A,0.0A,-0.2A,,31.0C,,,,,,,
01/16/15    09:50:26,14 days 11:14:59,0.0V,4.8V,13.0V,13.1V,0.1A,0.2A,0.0A,-0.2A,,31.1C,,,,,,,
01/16/15    09:45:28,14 days 11:10:00,0.0V,4.8V,13.0V,13.1V,0.2A,0.2A,0.0A,-0.2A,,31.1C,,,,,,,
01/16/15    09:40:30,14 days 11:05:00,0.0V,4.7V,13.0V,13.1V,0.2A,0.2A,0.0A,-0.2A,,31.1C,,,,,,,
01/16/15    09:35:31,14 days 11:00:00,0.0V,4.7V,13.0V,13.1V,0.3A,0.2A,0.0A,-0.2A,,31.1C,,,,,,,
01/16/15    09:30:33,14 days 10:55:00,0.0V,4.7V,13.0V,13.0V,0.3A,0.2A,0.0A,-0.2A,,31.0C,,,,,,,
01/16/15    09:25:34,14 days 10:50:00,0.0V,4.7V,13.0V,13.0V,0.3A,0.2A,0.0A,-0.2A,,31.0C,,,,,,,
01/16/15    09:20:36,14 days 10:45:00,0.0V,4.7V,13.0V,13.0V,0.3A,0.2A,0.0A,-0.2A,,31.0C,,,,,,,
01/16/15    09:15:37,14 days 10:40:00,0.0V,4.7V,13.0V,13.0V,0.3A,0.2A,0.0A,-0.2A,,30.9C,,,,,,,
01/16/15    09:10:39,14 days 10:35:00,0.0V,4.7V,13.0V,13.0V,0.3A,0.2A,0.0A,-0.2A,,30.9C,,,,,,,
01/16/15    09:05:40,14 days 10:30:00,0.0V,4.7V,13.0V,13.0V,0.3A,0.2A,0.0A,-0.2A,,30.9C,,,,,,,
01/16/15    09:00:41,14 days 10:25:00,0.0V,4.7V,13.0V,13.0V,0.3A,0.2A,0.0A,0.0A,,30.8C,,,,,,,
01/16/15    08:55:43,14 days 10:20:00,0.0V,4.7V,13.0V,13.0V,0.3A,0.2A,0.0A,-0.2A,,30.8C,,,,,,,
01/16/15    08:50:44,14 days 10:15:00,0.0V,4.7V,13.0V,13.0V,0.4A,0.2A,0.0A,-0.2A,,30.8C,,,,,,,
01/16/15    08:45:45,14 days 10:09:59,0.0V,4.7V,13.0V,13.0V,0.5A,0.2A,0.0A,-0.2A,,30.8C,,,,,,,
01/16/15    08:40:47,14 days 10:05:00,0.0V,4.7V,13.0V,13.0V,0.5A,0.2A,0.0A,-0.2A,,30.8C,,,,,,,
01/16/15    08:35:48,14 days 10:00:00,0.0V,4.7V,13.0V,13.0V,0.5A,0.2A,0.0A,-0.2A,,30.8C,,,,,,,
01/16/15    08:30:50,14 days 09:55:00,0.0V,4.7V,13.0V,13.0V,0.5A,0.2A,0.0A,-0.2A,,30.8C,,,,,,,
01/16/15    08:25:51,14 days 09:50:00,0.0V,4.7V,13.0V,13.0V,0.5A,0.2A,0.0A,-0.2A,,30.8C,,,,,,,
01/16/15    08:20:52,14 days 09:44:59,0.0V,4.7V,13.0V,13.0V,0.5A,0.2A,0.0A,-0.2A,,30.8C,,,,,,,
01/16/15    08:15:54,14 days 09:40:00,0.1V,4.7V,13.0V,13.1V,0.5A,0.2A,0.0A,-0.2A,,30.8C,,,,,,,
01/16/15    08:10:55,14 days 09:35:00,0.2V,4.7V,13.0V,13.0V,0.5A,0.2A,0.0A,-0.2A,,30.8C,,,,,,,
01/16/15    08:05:57,14 days 09:30:00,0.6V,5.2V,13.2V,13.3V,0.0A,0.0A,0.0A,-0.2A,,30.8C,,,,,,,
01/16/15    08:00:58,14 days 09:25:00,1.8V,5.2V,13.2V,13.3V,0.0A,0.0A,0.0A,-0.2A,,30.9C,,,,,,,
01/16/15    07:55:59,14 days 09:19:59,5.0V,5.2V,13.2V,13.3V,0.0A,0.0A,0.0A,-0.2A,,30.9C,,,,,,,
01/16/15    07:51:01,14 days 09:15:00,10.0V,5.2V,13.2V,13.2V,0.0A,0.0A,0.0A,0.0A,,31.0C,,,,,,,
01/16/15    07:46:02,14 days 09:09:59,13.1V,5.2V,13.2V,13.2V,0.0A,0.0A,0.0A,-0.2A,,31.0C,,,,,,,
01/16/15    07:41:04,14 days 09:05:00,13.4V,5.2V,13.2V,13.3V,0.0A,0.0A,0.0A,0.0A,,31.1C,,,,,,,
01/16/15    07:36:05,14 days 09:00:00,13.7V,5.2V,13.2V,13.3V,0.0A,0.0A,0.0A,-0.2A,,31.1C,,,,,,,
01/16/15    07:31:07,14 days 08:55:00,13.8V,5.2V,13.3V,13.3V,0.0A,0.0A,0.0A,-0.2A,,31.1C,,,,,,,
01/16/15    07:26:08,14 days 08:50:00,13.8V,5.2V,13.3V,13.3V,0.0A,0.0A,0.0A,-0.2A,,31.1C,,,,,,,
01/16/15    07:21:09,14 days 08:44:59,13.9V,5.2V,13.3V,13.4V,0.0A,0.0A,0.0A,-0.2A,,31.2C,,,,,,,
01/16/15    07:16:11,14 days 08:40:00,13.9V,5.2V,13.4V,13.4V,0.0A,0.0A,0.0A,-0.2A,,31.2C,,,,,,,
01/16/15    07:11:12,14 days 08:35:00,14.0V,5.2V,13.5V,13.5V,0.0A,0.0A,0.0A,-0.2A,,31.2C,,,,,,,
01/16/15    07:06:14,14 days 08:30:00,14.1V,5.2V,13.6V,13.6V,0.0A,0.0A,0.0A,-0.2A,,31.3C,,,,,,,
01/16/15    07:01:15,14 days 08:25:00,14.3V,5.2V,13.8V,13.8V,0.0A,0.0A,0.0A,-0.2A,,31.3C,,,,,,,
01/16/15    06:56:16,14 days 08:20:00,15.0V,5.2V,14.1V,14.1V,0.0A,0.0A,0.0A,-0.2A,,31.3C,,,,,,,
01/16/15    06:51:17,14 days 08:14:59,20.5V,5.2V,14.3V,14.4V,0.0A,0.0A,0.0A,0.0A,,31.4C,,,,,,,
01/16/15    06:46:19,14 days 08:10:00,20.7V,5.2V,14.3V,14.4V,0.0A,0.0A,0.0A,-0.2A,,31.4C,,,,,,,
01/16/15    06:41:20,14 days 08:04:59,20.8V,5.2V,14.3V,14.4V,0.0A,0.0A,0.0A,-0.2A,,31.4C,,,,,,,
01/16/15    06:36:22,14 days 08:00:00,20.8V,5.2V,14.3V,14.4V,0.0A,0.0A,0.0A,-0.2A,,31.5C,,,,,,,
01/16/15    06:31:23,14 days 07:54:59,20.9V,5.2V,14.3V,14.4V,0.0A,0.0A,0.0A,-0.2A,,31.5C,,,,,,,
01/16/15    06:26:25,14 days 07:50:00,20.9V,5.2V,14.3V,14.4V,0.0A,0.0A,0.0A,-0.2A,,31.5C,,,,,,,
01/16/15    06:21:26,14 days 07:45:00,21.0V,5.2V,14.3V,14.4V,0.0A,0.0A,0.0A,-0.2A,,31.5C,,,,,,,
01/16/15    06:16:27,14 days 07:39:59,21.1V,5.2V,14.3V,14.4V,0.0A,0.0A,0.0A,-0.2A,,31.6C,,,,,,,
01/16/15    06:11:28,14 days 07:34:59,21.0V,5.2V,14.3V,14.4V,0.0A,0.0A,0.0A,-0.2A,,31.6C,,,,,,,
01/16/15    06:06:30,14 days 07:30:00,20.9V,5.2V,14.3V,14.4V,0.0A,0.0A,0.0A,-0.2A,,31.6C,,,,,,,
01/16/15    06:01:31,14 days 07:25:00,21.1V,5.2V,14.3V,14.4V,0.0A,0.0A,0.0A,0.0A,,31.6C,,,,,,,
01/16/15    05:56:32,14 days 07:19:59,21.1V,5.2V,14.3V,14.4V,0.0A,0.0A,0.0A,-0.2A,,31.7C,,,,,,,
01/16/15    05:51:33,14 days 07:14:59,21.1V,5.2V,14.3V,14.4V,0.0A,0.0A,0.0A,-0.2A,,31.7C,,,,,,,
01/16/15    05:46:35,14 days 07:10:00,21.0V,5.2V,14.3V,14.4V,0.0A,0.0A,0.0A,-0.2A,,31.7C,,,,,,,
01/16/15    05:41:36,14 days 07:05:00,21.0V,5.2V,14.3V,14.4V,0.0A,0.0A,0.0A,-0.2A,,31.7C,,,,,,,
01/16/15    05:36:37,14 days 06:59:59,21.1V,5.2V,14.3V,14.4V,0.0A,0.0A,0.0A,-0.2A,,31.6C,,,,,,,
01/16/15    05:31:38,14 days 06:54:59,21.0V,5.2V,14.3V,14.4V,0.0A,0.0A,0.0A,-0.2A,,31.6C,,,,,,,
01/16/15    05:26:40,14 days 06:50:00,21.0V,5.2V,14.3V,14.4V,0.0A,0.0A,0.0A,0.0A,,31.5C,,,,,,,
01/16/15    05:21:41,14 days 06:44:59,20.8V,5.2V,14.3V,14.4V,0.0A,0.0A,0.0A,-0.2A,,31.5C,,,,,,,
01/16/15    05:16:43,14 days 06:40:00,20.8V,5.2V,14.3V,14.4V,0.0A,0.0A,0.0A,-0.2A,,31.5C,,,,,,,
01/16/15    05:11:44,14 days 06:35:00,20.9V,5.2V,14.3V,14.4V,0.0A,0.0A,0.0A,-0.2A,,31.4C,,,,,,,
01/16/15    05:06:46,14 days 06:30:00,21.0V,5.2V,14.3V,14.3V,0.0A,0.0A,0.0A,-0.2A,,31.4C,,,,,,,
01/16/15    05:01:47,14 days 06:25:00,21.0V,5.2V,14.3V,14.4V,0.0A,0.0A,0.0A,-0.2A,,31.4C,,,,,,,
01/16/15    04:56:48,14 days 06:19:59,21.1V,5.2V,14.3V,14.4V,0.0A,0.0A,0.0A,-0.2A,,31.3C,,,,,,,
01/16/15    04:51:50,14 days 06:15:00,20.9V,5.2V,14.3V,14.4V,0.0A,0.0A,0.0A,-0.2A,,31.3C,,,,,,,
01/16/15    04:46:51,14 days 06:10:00,20.8V,5.2V,14.3V,14.4V,0.0A,0.0A,0.0A,-0.2A,,31.3C,,,,,,,
01/16/15    04:41:53,14 days 06:05:00,21.0V,5.2V,14.3V,14.4V,0.0A,0.0A,0.0A,-0.2A,,31.2C,,,,,,,
01/16/15    04:36:54,14 days 06:00:00,21.1V,5.2V,14.3V,14.4V,0.0A,0.0A,0.0A,-0.2A,,31.2C,,,,,,,
01/16/15    04:31:55,14 days 05:54:59,21.0V,5.2V,14.3V,14.4V,0.0A,0.0A,0.0A,-0.2A,,31.2C,,,,,,,
01/16/15    04:26:57,14 days 05:50:00,21.3V,5.2V,14.3V,14.4V,0.0A,0.0A,0.0A,-0.2A,,31.2C,,,,,,,
01/16/15    04:21:58,14 days 05:45:00,17.3V,5.2V,14.3V,14.4V,0.0A,0.0A,0.0A,-0.2A,,31.1C,,,,,,,
01/16/15    04:16:59,14 days 05:40:00,18.6V,5.2V,14.3V,14.4V,0.0A,0.0A,0.0A,-0.2A,,31.1C,,,,,,,
01/16/15    04:12:01,14 days 05:35:00,21.0V,5.2V,14.3V,14.4V,0.0A,0.0A,0.0A,-0.2A,,31.0C,,,,,,,
01/16/15    04:07:02,14 days 05:30:00,20.8V,5.2V,14.3V,14.4V,0.0A,0.0A,0.0A,-0.2A,,31.0C,,,,,,,
01/16/15    04:02:03,14 days 05:25:00,21.0V,5.2V,14.3V,14.4V,0.0A,0.0A,0.0A,-0.2A,,31.0C,,,,,,,
01/16/15    03:57:04,14 days 05:19:59,19.8V,5.2V,14.3V,14.4V,0.0A,0.0A,0.0A,-0.2A,,30.9C,,,,,,,
01/16/15    03:52:06,14 days 05:15:00,21.0V,5.2V,14.3V,14.4V,0.0A,0.0A,0.0A,-0.2A,,30.9C,,,,,,,
01/16/15    03:47:07,14 days 05:10:00,21.4V,5.2V,14.3V,14.4V,0.0A,0.0A,0.0A,-0.2A,,30.9C,,,,,,,
01/16/15    03:42:09,14 days 05:05:00,21.6V,5.2V,14.3V,14.4V,0.0A,0.0A,0.0A,-0.2A,,30.9C,,,,,,,
01/16/15    03:37:10,14 days 05:00:00,18.9V,5.2V,14.3V,14.4V,0.0A,0.0A,0.0A,-0.2A,,30.8C,,,,,,,
01/16/15    03:32:11,14 days 04:55:00,21.3V,5.2V,14.3V,14.4V,0.0A,0.0A,0.0A,-0.2A,,30.8C,,,,,,,
01/16/15    03:27:12,14 days 04:49:59,19.4V,5.2V,14.3V,14.4V,0.0A,0.0A,0.0A,-0.2A,,30.7C,,,,,,,
01/16/15    03:22:14,14 days 04:45:00,20.6V,5.2V,14.3V,14.4V,0.0A,0.0A,0.0A,-0.2A,,30.7C,,,,,,,
01/16/15    03:17:15,14 days 04:39:59,20.4V,5.2V,14.3V,14.4V,0.0A,0.0A,0.0A,0.0A,,30.6C,,,,,,,
01/16/15    03:12:17,14 days 04:35:00,20.6V,5.2V,14.3V,14.4V,0.0A,0.0A,0.0A,0.0A,,30.6C,,,,,,,
01/16/15    03:07:18,14 days 04:30:00,20.7V,5.2V,14.3V,14.4V,0.0A,0.0A,0.0A,-0.2A,,30.5C,,,,,,,
01/16/15    03:02:19,14 days 04:25:00,20.7V,5.2V,14.3V,14.4V,0.0A,0.0A,0.0A,-0.2A,,30.5C,,,,,,,
01/16/15    02:57:21,14 days 04:20:00,20.8V,5.2V,14.3V,14.4V,0.0A,0.0A,0.0A,-0.2A,,30.5C,,,,,,,
01/16/15    02:52:22,14 days 04:15:00,20.7V,5.2V,14.3V,14.4V,0.0A,0.0A,0.0A,-0.2A,,30.4C,,,,,,,
01/16/15    02:47:23,14 days 04:10:00,20.6V,5.2V,14.3V,14.4V,0.0A,0.0A,0.0A,-0.2A,,30.4C,,,,,,,
01/16/15    02:42:24,14 days 04:04:59,20.5V,5.2V,14.3V,14.4V,0.0A,0.0A,0.0A,-0.2A,,30.3C,,,,,,,
01/16/15    02:37:26,14 days 04:00:00,20.5V,5.2V,14.3V,14.4V,0.0A,0.0A,0.0A,-0.2A,,30.2C,,,,,,,
01/16/15    02:32:27,14 days 03:55:00,20.6V,5.2V,14.3V,14.4V,0.0A,0.0A,0.0A,-0.2A,,30.2C,,,,,,,
01/16/15    02:27:28,14 days 03:50:00,20.9V,5.2V,14.3V,14.4V,0.0A,0.0A,0.0A,-0.2A,,30.1C,,,,,,,
01/16/15    02:22:29,14 days 03:44:59,20.7V,5.2V,14.3V,14.4V,0.0A,0.0A,0.0A,0.0A,,30.1C,,,,,,,
01/16/15    02:17:31,14 days 03:40:00,20.8V,5.2V,14.3V,14.4V,0.0A,0.0A,0.0A,-0.2A,,30.1C,,,,,,,
01/16/15    02:12:32,14 days 03:35:00,21.1V,5.2V,14.3V,14.4V,0.0A,0.0A,0.0A,-0.2A,,30.0C,,,,,,,
01/16/15    02:07:33,14 days 03:29:59,19.9V,5.2V,14.3V,14.4V,0.0A,0.0A,0.0A,-0.2A,,30.0C,,,,,,,
01/16/15    02:02:34,14 days 03:24:59,20.3V,5.2V,14.3V,14.4V,0.0A,0.0A,0.0A,-0.2A,,30.0C,,,,,,,
01/16/15    01:57:36,14 days 03:20:00,21.5V,5.2V,14.3V,14.4V,0.0A,0.0A,0.0A,-0.2A,,30.0C,,,,,,,
01/16/15    01:52:37,14 days 03:15:00,19.3V,5.2V,14.4V,14.4V,0.0A,0.0A,0.0A,-0.2A,,29.9C,,,,,,,
01/16/15    01:47:39,14 days 03:10:00,20.7V,5.2V,14.3V,14.4V,0.0A,0.0A,0.0A,-0.2A,,29.9C,,,,,,,
01/16/15    01:42:40,14 days 03:05:00,21.0V,5.2V,14.3V,14.4V,0.0A,0.0A,0.0A,-0.2A,,30.0C,,,,,,,
01/16/15    01:37:41,14 days 03:00:00,21.4V,5.2V,14.3V,14.4V,0.0A,0.0A,0.0A,-0.2A,,30.0C,,,,,,,
01/16/15    01:32:42,14 days 02:54:59,21.1V,5.2V,14.3V,14.4V,0.0A,0.0A,0.0A,-0.2A,,30.0C,,,,,,,
01/16/15    01:27:44,14 days 02:50:00,21.8V,5.2V,14.3V,14.4V,0.0A,0.0A,0.0A,-0.2A,,30.0C,,,,,,,
01/16/15    01:22:45,14 days 02:45:00,20.1V,5.2V,14.3V,14.4V,0.0A,0.0A,0.0A,-0.2A,,30.0C,,,,,,,
01/16/15    01:17:46,14 days 02:39:59,20.9V,5.2V,14.3V,14.4V,0.0A,0.0A,0.0A,0.0A,,30.0C,,,,,,,
01/16/15    01:12:47,14 days 02:34:59,21.4V,5.2V,14.3V,14.4V,0.0A,0.0A,0.0A,-0.2A,,30.0C,,,,,,,
01/16/15    01:07:49,14 days 02:30:00,20.2V,5.2V,14.3V,14.4V,0.0A,0.0A,0.0A,-0.2A,,29.9C,,,,,,,
01/16/15    01:02:50,14 days 02:25:00,19.2V,5.2V,14.3V,14.4V,0.0A,0.0A,0.0A,-0.2A,,29.9C,,,,,,,
01/16/15    00:57:52,14 days 02:20:00,18.7V,5.2V,14.3V,14.4V,0.0A,0.0A,0.0A,-0.2A,,29.8C,,,,,,,
01/16/15    00:52:53,14 days 02:15:00,19.4V,5.2V,14.3V,14.4V,0.0A,0.0A,0.0A,-0.2A,,29.8C,,,,,,,
01/16/15    00:47:54,14 days 02:10:00,20.3V,5.2V,14.3V,14.4V,0.0A,0.0A,0.0A,-0.2A,,29.7C,,,,,,,
01/16/15    00:42:56,14 days 02:05:00,20.4V,5.2V,14.1V,14.2V,0.0A,0.0A,0.0A,-0.2A,,29.7C,,,,,,,
01/16/15    00:37:57,14 days 02:00:00,19.9V,4.8V,14.0V,14.1V,0.2A,0.0A,0.0A,-0.2A,,29.6C,,,,,,,
01/16/15    00:32:58,14 days 01:55:00,16.0V,4.7V,14.1V,14.1V,0.2A,0.0A,0.0A,-0.2A,,29.6C,,,,,,,
01/16/15    00:27:59,14 days 01:50:00,16.5V,4.7V,13.9V,13.9V,0.3A,0.0A,0.0A,-0.2A,,29.5C,,,,,,,
01/16/15    00:23:01,14 days 01:45:00,15.5V,4.7V,13.5V,13.5V,0.3A,0.0A,0.0A,-0.2A,,29.4C,,,,,,,
01/16/15    00:18:02,14 days 01:40:00,14.2V,4.7V,13.4V,13.4V,0.4A,0.0A,0.0A,-0.2A,,29.3C,,,,,,,
01/16/15    00:13:03,14 days 01:35:00,15.7V,4.7V,13.8V,13.8V,0.4A,0.0A,0.0A,-0.2A,,29.2C,,,,,,,
01/16/15    00:08:04,14 days 01:30:00,15.6V,4.7V,13.8V,13.8V,0.4A,0.0A,0.0A,-0.2A,,29.1C,,,,,,,
01/16/15    00:03:05,14 days 01:25:00,15.5V,4.7V,13.7V,13.8V,0.4A,0.0A,0.0A,-0.2A,,29.0C,,,,,,,
01/15/15    23:58:06,14 days 01:19:59,15.7V,4.7V,13.7V,13.7V,0.4A,0.0A,0.0A,-0.2A,,28.9C,,,,,,,
01/15/15    23:53:08,14 days 01:15:00,15.3V,4.7V,13.7V,13.7V,0.4A,0.0A,0.0A,-0.2A,,28.8C,,,,,,,
01/15/15    23:48:09,14 days 01:10:00,15.4V,4.7V,13.7V,13.7V,0.4A,0.0A,0.0A,0.0A,,28.7C,,,,,,,
01/15/15    23:43:10,14 days 01:05:00,15.3V,4.7V,13.7V,13.7V,0.4A,0.0A,0.0A,-0.2A,,28.6C,,,,,,,
01/15/15    23:38:11,14 days 00:59:59,15.4V,4.7V,13.7V,13.7V,0.4A,0.0A,0.0A,-0.2A,,28.5C,,,,,,,
01/15/15    23:33:13,14 days 00:55:00,15.5V,4.7V,13.6V,13.7V,0.4A,0.0A,0.0A,-0.2A,,28.4C,,,,,,,
01/15/15    23:28:14,14 days 00:50:00,15.5V,4.7V,13.6V,13.6V,0.4A,0.0A,0.0A,-0.2A,,28.4C,,,,,,,
01/15/15    23:23:15,14 days 00:44:59,15.5V,4.7V,13.6V,13.6V,0.4A,0.0A,0.0A,-0.2A,,28.2C,,,,,,,
01/15/15    23:18:16,14 days 00:39:59,15.4V,4.7V,13.6V,13.6V,0.4A,0.0A,0.0A,-0.2A,,28.1C,,,,,,,
01/15/15    23:13:18,14 days 00:35:00,15.4V,4.7V,13.6V,13.6V,0.4A,0.0A,0.0A,-0.2A,,28.0C,,,,,,,
01/15/15    23:08:19,14 days 00:30:00,15.4V,4.7V,13.6V,13.6V,0.4A,0.0A,0.0A,-0.2A,,27.9C,,,,,,,
01/15/15    23:03:20,14 days 00:25:00,15.4V,4.7V,13.6V,13.6V,0.4A,0.0A,0.0A,-0.2A,,27.8C,,,,,,,
01/15/15    22:58:21,14 days 00:19:59,15.5V,4.7V,13.6V,13.6V,0.4A,0.0A,0.0A,-0.2A,,27.8C,,,,,,,
01/15/15    22:53:23,14 days 00:15:00,15.5V,4.7V,13.6V,13.6V,0.4A,0.0A,0.0A,-0.2A,,27.7C,,,,,,,
01/15/15    22:48:24,14 days 00:10:00,15.5V,4.7V,13.5V,13.6V,0.4A,0.0A,0.0A,0.0A,,27.6C,,,,,,,
01/15/15    22:43:25,14 days 00:05:00,15.5V,4.7V,13.5V,13.6V,0.4A,0.0A,0.0A,-0.2A,,27.5C,,,,,,,
01/15/15    22:38:26,14 days 00:00:00,15.8V,4.7V,13.5V,13.6V,0.4A,0.0A,0.0A,-0.2A,,27.5C,,,,,,,
01/15/15    22:33:27,13 days 23:54:59,15.6V,4.7V,13.5V,13.5V,0.4A,0.0A,0.0A,-0.2A,,27.4C,,,,,,,
01/15/15    22:28:29,13 days 23:50:00,15.6V,4.7V,13.5V,13.5V,0.4A,0.0A,0.0A,-0.2A,,27.3C,,,,,,,
01/15/15    22:23:30,13 days 23:45:00,15.5V,4.7V,13.5V,13.5V,0.4A,0.0A,0.0A,-0.2A,,27.2C,,,,,,,
01/15/15    22:18:31,13 days 23:40:00,15.5V,4.7V,13.5V,13.5V,0.4A,0.0A,0.0A,-0.2A,,27.2C,,,,,,,
01/15/15    22:13:32,13 days 23:35:00,20.0V,4.7V,13.4V,13.4V,0.4A,0.0A,0.0A,-0.2A,,27.1C,,,,,,,
01/15/15    22:08:33,13 days 23:30:00,15.5V,5.2V,13.5V,13.6V,0.0A,0.0A,0.0A,-0.2A,,27.0C,,,,,,,
01/15/15    22:03:34,13 days 23:24:59,15.3V,4.7V,13.4V,13.5V,0.4A,0.0A,0.0A,-0.2A,,26.9C,,,,,,,
01/15/15    21:58:36,13 days 23:20:00,15.3V,4.7V,13.4V,13.5V,0.4A,0.0A,0.0A,-0.2A,,26.9C,,,,,,,
01/15/15    21:53:37,13 days 23:15:00,15.3V,4.7V,13.4V,13.4V,0.4A,0.0A,0.0A,-0.2A,,26.8C,,,,,,,
01/15/15    21:48:38,13 days 23:10:00,15.5V,5.2V,13.5V,13.5V,0.0A,0.0A,0.0A,-0.2A,,26.8C,,,,,,,
01/15/15    21:43:39,13 days 23:05:00,15.2V,5.2V,13.5V,13.5V,0.0A,0.0A,0.0A,-0.2A,,26.8C,,,,,,,
01/15/15    21:38:40,13 days 23:00:00,15.2V,5.2V,13.5V,13.5V,0.0A,0.0A,0.0A,-0.2A,,26.7C,,,,,,,
01/15/15    21:33:41,13 days 22:54:59,15.2V,5.2V,13.4V,13.5V,0.0A,0.0A,0.0A,-0.2A,,26.7C,,,,,,,
01/15/15    21:28:43,13 days 22:50:00,15.1V,5.2V,13.4V,13.4V,0.0A,0.0A,0.0A,0.0A,,26.7C,,,,,,,
01/15/15    21:23:43,13 days 22:44:59,15.0V,5.2V,13.4V,13.4V,0.0A,0.0A,0.0A,0.0A,,26.6C,,,,,,,
01/15/15    21:18:45,13 days 22:40:00,15.0V,5.2V,13.4V,13.4V,0.0A,0.0A,0.0A,-0.2A,,26.6C,,,,,,,
01/15/15    21:13:45,13 days 22:34:59,14.9V,5.2V,13.3V,13.3V,0.0A,0.0A,0.0A,-0.2A,,26.6C,,,,,,,
01/15/15    21:08:47,13 days 22:30:00,14.8V,5.2V,13.3V,13.3V,0.0A,0.0A,0.0A,0.0A,,26.5C,,,,,,,
01/15/15    21:03:48,13 days 22:25:00,14.7V,5.2V,13.3V,13.3V,0.0A,0.0A,0.0A,0.0A,,26.5C,,,,,,,
01/15/15    20:58:49,13 days 22:20:00,14.6V,5.2V,13.2V,13.3V,0.0A,0.0A,0.0A,-0.2A,,26.5C,,,,,,,
01/15/15    20:53:50,13 days 22:15:00,14.4V,5.2V,13.2V,13.3V,0.0A,0.0A,0.0A,-0.2A,,26.5C,,,,,,,
01/15/15    20:48:51,13 days 22:10:00,14.3V,5.2V,13.2V,13.2V,0.0A,0.0A,0.0A,-0.2A,,26.5C,,,,,,,
01/15/15    20:43:52,13 days 22:04:59,13.9V,5.2V,13.2V,13.2V,0.0A,0.0A,0.0A,-0.2A,,26.4C,,,,,,,
01/15/15    20:38:53,13 days 21:59:59,13.8V,5.2V,13.2V,13.2V,0.0A,0.0A,0.0A,-0.2A,,26.4C,,,,,,,
01/15/15    20:33:54,13 days 21:54:59,13.7V,5.2V,13.2V,13.2V,0.0A,0.0A,0.0A,-0.2A,,26.4C,,,,,,,
01/15/15    20:28:56,13 days 21:50:00,13.7V,5.2V,13.2V,13.2V,0.0A,0.0A,0.0A,0.0A,,26.4C,,,,,,,
01/15/15    20:23:57,13 days 21:45:00,18.8V,5.2V,13.2V,13.2V,0.0A,0.0A,0.0A,-0.2A,,26.4C,,,,,,,
01/15/15    20:18:58,13 days 21:40:00,13.7V,5.2V,13.2V,13.2V,0.0A,0.0A,0.0A,-0.2A,,26.4C,,,,,,,
01/15/15    20:13:59,13 days 21:35:00,13.7V,5.2V,13.2V,13.2V,0.0A,0.0A,0.0A,-0.2A,,26.4C,,,,,,,
01/15/15    20:09:00,13 days 21:30:00,13.7V,5.2V,13.2V,13.2V,0.0A,0.0A,0.0A,-0.2A,,26.4C,,,,,,,
01/15/15    20:04:02,13 days 21:25:00,13.7V,5.2V,13.2V,13.2V,0.0A,0.0A,0.0A,-0.2A,,26.4C,,,,,,,
01/15/15    19:59:03,13 days 21:20:00,13.7V,5.2V,13.2V,13.2V,0.0A,0.0A,0.0A,-0.2A,,26.4C,,,,,,,
01/15/15    19:54:04,13 days 21:15:00,13.7V,5.2V,13.2V,13.2V,0.0A,0.0A,0.0A,-0.2A,,26.4C,,,,,,,
01/15/15    19:49:05,13 days 21:10:00,13.7V,5.2V,13.2V,13.2V,0.0A,0.0A,0.0A,-0.2A,,26.4C,,,,,,,
01/15/15    19:44:06,13 days 21:05:00,13.7V,5.2V,13.2V,13.2V,0.0A,0.0A,0.0A,-0.2A,,26.4C,,,,,,,
01/15/15    19:39:07,13 days 21:00:00,13.7V,5.2V,13.2V,13.2V,0.0A,0.0A,0.0A,-0.2A,,26.4C,,,,,,,
01/15/15    19:34:09,13 days 20:55:00,13.7V,5.2V,13.2V,13.2V,0.0A,0.0A,0.0A,0.0A,,26.4C,,,,,,,
01/15/15    19:29:10,13 days 20:50:00,13.7V,5.2V,13.2V,13.2V,0.0A,0.0A,0.0A,-0.2A,,26.4C,,,,,,,
01/15/15    19:24:11,13 days 20:45:00,13.7V,5.2V,13.2V,13.2V,0.0A,0.0A,0.0A,-0.2A,,26.5C,,,,,,,
01/15/15    19:19:12,13 days 20:40:00,13.7V,5.2V,13.2V,13.2V,0.0A,0.0A,0.0A,-0.2A,,26.6C,,,,,,,
01/15/15    19:14:13,13 days 20:34:59,13.7V,5.2V,13.2V,13.2V,0.0A,0.0A,0.0A,-0.2A,,26.6C,,,,,,,
01/15/15    19:09:14,13 days 20:29:59,14.5V,5.2V,13.2V,13.2V,0.0A,0.0A,0.0A,-0.2A,,26.7C,,,,,,,
01/15/15    19:04:16,13 days 20:25:00,13.2V,5.2V,13.2V,13.2V,0.0A,0.0A,0.0A,-0.2A,,26.8C,,,,,,,
01/15/15    18:59:17,13 days 20:20:00,12.5V,5.2V,13.2V,13.2V,0.0A,0.0A,0.0A,-0.2A,,26.8C,,,,,,,
01/15/15    18:54:18,13 days 20:15:00,9.1V,5.2V,13.2V,13.2V,0.0A,0.0A,0.0A,-0.2A,,26.9C,,,,,,,
01/15/15    18:49:19,13 days 20:10:00,4.8V,5.2V,13.2V,13.2V,0.0A,0.0A,0.0A,0.0A,,26.9C,,,,,,,
01/15/15    18:44:20,13 days 20:05:00,1.3V,5.2V,13.2V,13.2V,0.0A,0.0A,0.0A,-0.2A,,26.9C,,,,,,,
01/15/15    18:39:21,13 days 19:59:59,0.3V,5.2V,13.2V,13.2V,0.0A,0.0A,0.0A,-0.2A,,27.0C,,,,,,,
01/15/15    18:34:23,13 days 19:55:00,0.0V,5.2V,13.2V,13.2V,0.0A,0.0A,0.0A,-0.2A,,27.0C,,,,,,,
01/15/15    18:29:24,13 days 19:50:00,0.0V,5.2V,13.2V,13.2V,0.0A,0.0A,0.0A,-0.2A,,27.0C,,,,,,,
01/15/15    18:24:25,13 days 19:45:00,0.0V,5.2V,13.2V,13.2V,0.0A,0.0A,0.0A,-0.2A,,27.0C,,,,,,,
01/15/15    18:19:26,13 days 19:39:59,0.0V,5.2V,13.2V,13.2V,0.0A,0.0A,0.0A,-0.2A,,27.1C,,,,,,,
01/15/15    18:14:28,13 days 19:35:00,0.0V,5.2V,13.2V,13.2V,0.0A,0.0A,0.0A,-0.2A,,27.1C,,,,,,,
01/15/15    18:09:29,13 days 19:30:00,0.0V,5.2V,13.2V,13.2V,0.0A,0.0A,0.0A,-0.2A,,27.1C,,,,,,,
01/15/15    18:04:30,13 days 19:25:00,0.0V,5.2V,13.2V,13.2V,0.0A,0.0A,0.0A,-0.2A,,27.2C,,,,,,,
01/15/15    17:59:32,13 days 19:20:00,0.0V,5.2V,13.2V,13.2V,0.0A,0.0A,0.0A,-0.2A,,27.2C,,,,,,,
01/15/15    17:54:33,13 days 19:15:00,0.0V,5.2V,13.2V,13.2V,0.0A,0.0A,0.0A,-0.2A,,27.2C,,,,,,,
01/15/15    17:49:35,13 days 19:10:00,0.0V,5.2V,13.2V,13.2V,0.0A,0.0A,0.0A,-0.2A,,27.2C,,,,,,,
01/15/15    17:44:36,13 days 19:05:00,0.0V,5.2V,13.2V,13.2V,0.0A,0.0A,0.0A,-0.2A,,27.3C,,,,,,,
01/15/15    17:39:37,13 days 19:00:00,0.0V,5.2V,13.2V,13.2V,0.0A,0.0A,0.0A,-0.2A,,27.3C,,,,,,,
01/15/15    17:34:38,13 days 18:54:59,0.0V,5.2V,13.2V,13.2V,0.0A,0.0A,0.0A,-0.2A,,27.3C,,,,,,,
01/15/15    17:29:40,13 days 18:50:00,0.0V,5.2V,13.2V,13.2V,0.0A,0.0A,0.0A,-0.2A,,27.4C,,,,,,,
01/15/15    17:24:41,13 days 18:45:00,0.0V,5.2V,13.2V,13.2V,0.0A,0.0A,0.0A,-0.2A,,27.4C,,,,,,,
01/15/15    17:19:43,13 days 18:40:00,0.0V,5.2V,13.2V,13.2V,0.0A,0.0A,0.0A,-0.2A,,27.4C,,,,,,,
01/15/15    17:14:44,13 days 18:35:00,0.0V,5.2V,13.2V,13.2V,0.0A,0.0A,0.0A,-0.2A,,27.5C,,,,,,,
01/15/15    17:09:45,13 days 18:30:00,0.0V,5.2V,13.2V,13.2V,0.0A,0.0A,0.0A,-0.2A,,27.5C,,,,,,,
01/15/15    17:04:46,13 days 18:24:59,0.0V,5.2V,13.2V,13.2V,0.0A,0.0A,0.0A,-0.2A,,27.5C,,,,,,,
01/15/15    16:59:48,13 days 18:20:00,0.0V,5.2V,13.2V,13.2V,0.0A,0.0A,0.0A,0.0A,,27.6C,,,,,,,
01/15/15    16:54:49,13 days 18:15:00,0.0V,5.2V,13.2V,13.2V,0.0A,0.0A,0.0A,-0.2A,,27.6C,,,,,,,
01/15/15    16:49:51,13 days 18:10:00,0.0V,5.2V,13.2V,13.2V,0.0A,0.0A,0.0A,-0.2A,,27.6C,,,,,,,
01/15/15    16:44:52,13 days 18:05:00,0.0V,5.2V,13.2V,13.2V,0.0A,0.0A,0.0A,-0.2A,,27.6C,,,,,,,
01/15/15    16:39:53,13 days 18:00:00,0.0V,5.2V,13.2V,13.2V,0.0A,0.0A,0.0A,-0.2A,,27.6C,,,,,,,
01/15/15    16:34:54,13 days 17:54:59,0.0V,5.2V,13.2V,13.2V,0.0A,0.0A,0.0A,-0.2A,,27.7C,,,,,,,
01/15/15    16:29:56,13 days 17:50:00,0.0V,5.2V,13.2V,13.2V,0.0A,0.0A,0.0A,-0.2A,,27.7C,,,,,,,
01/15/15    16:24:57,13 days 17:45:00,0.0V,5.2V,13.2V,13.2V,0.0A,0.0A,0.0A,-0.2A,,27.7C,,,,,,,
01/15/15    16:19:58,13 days 17:39:59,0.0V,5.2V,13.2V,13.2V,0.0A,0.0A,0.0A,0.0A,,27.7C,,,,,,,
01/15/15    16:14:59,13 days 17:34:59,0.0V,5.2V,13.2V,13.2V,0.0A,0.0A,0.0A,-0.2A,,27.8C,,,,,,,
01/15/15    16:10:01,13 days 17:30:00,0.0V,5.2V,13.2V,13.2V,0.0A,0.0A,0.0A,-0.2A,,27.8C,,,,,,,
01/15/15    16:05:02,13 days 17:24:59,0.0V,5.2V,13.2V,13.2V,0.0A,0.0A,0.0A,-0.2A,,27.9C,,,,,,,
01/15/15    16:00:04,13 days 17:20:00,0.0V,5.2V,13.2V,13.2V,0.0A,0.0A,0.0A,-0.2A,,27.9C,,,,,,,
01/15/15    15:55:05,13 days 17:15:00,0.0V,5.2V,13.2V,13.2V,0.0A,0.0A,0.0A,-0.2A,,28.0C,,,,,,,
01/15/15    15:50:06,13 days 17:09:59,0.0V,5.2V,13.2V,13.2V,0.0A,0.0A,0.0A,-0.2A,,28.0C,,,,,,,
01/15/15    15:45:08,13 days 17:05:00,0.0V,5.2V,13.2V,13.2V,0.0A,0.0A,0.0A,-0.2A,,28.0C,,,,,,,
01/15/15    15:40:09,13 days 17:00:00,0.0V,5.2V,13.2V,13.2V,0.0A,0.0A,0.0A,-0.2A,,28.1C,,,,,,,
01/15/15    15:35:10,13 days 16:55:00,0.0V,5.2V,13.2V,13.2V,0.0A,0.0A,0.0A,-0.2A,,28.1C,,,,,,,
01/15/15    15:30:11,13 days 16:49:59,0.0V,5.2V,13.2V,13.2V,0.0A,0.0A,0.0A,-0.2A,,28.1C,,,,,,,
01/15/15    15:25:13,13 days 16:45:00,0.0V,5.2V,13.2V,13.2V,0.0A,0.0A,0.0A,-0.2A,,28.1C,,,,,,,
01/15/15    15:20:14,13 days 16:39:59,0.0V,5.2V,13.2V,13.2V,0.0A,0.0A,0.0A,-0.2A,,28.2C,,,,,,,
01/15/15    15:15:16,13 days 16:35:00,0.0V,5.2V,13.2V,13.2V,0.0A,0.0A,0.0A,-0.2A,,28.2C,,,,,,,
01/15/15    15:10:17,13 days 16:30:00,0.0V,5.2V,13.2V,13.2V,0.0A,0.0A,0.0A,-0.2A,,28.2C,,,,,,,
01/15/15    15:05:18,13 days 16:24:59,0.0V,5.2V,13.2V,13.2V,0.0A,0.0A,0.0A,-0.2A,,28.2C,,,,,,,
01/15/15    15:00:19,13 days 16:19:59,0.0V,5.2V,13.2V,13.2V,0.0A,0.0A,0.0A,-0.2A,,28.3C,,,,,,,
01/15/15    14:55:21,13 days 16:15:00,0.0V,5.2V,13.2V,13.2V,0.0A,0.0A,0.0A,-0.2A,,28.3C,,,,,,,
01/15/15    14:50:22,13 days 16:10:00,0.0V,5.2V,13.2V,13.2V,0.0A,0.0A,0.0A,0.0A,,28.3C,,,,,,,
01/15/15    14:45:24,13 days 16:05:00,0.0V,5.2V,13.2V,13.2V,0.0A,0.0A,0.0A,-0.2A,,28.4C,,,,,,,
01/15/15    14:40:25,13 days 16:00:00,0.0V,5.2V,13.2V,13.2V,0.0A,0.0A,0.0A,-0.2A,,28.4C,,,,,,,
01/15/15    14:35:26,13 days 15:55:00,0.0V,5.2V,13.2V,13.2V,0.0A,0.0A,0.0A,-0.2A,,28.5C,,,,,,,
01/15/15    14:30:27,13 days 15:49:59,0.0V,5.2V,13.2V,13.2V,0.0A,0.0A,0.0A,-0.2A,,28.5C,,,,,,,
01/15/15    14:25:29,13 days 15:45:00,0.0V,5.2V,13.2V,13.2V,0.0A,0.0A,0.0A,-0.2A,,28.5C,,,,,,,
01/15/15    14:20:30,13 days 15:40:00,0.0V,5.2V,13.2V,13.2V,0.0A,0.0A,0.0A,0.0A,,28.6C,,,,,,,
01/15/15    14:15:31,13 days 15:34:59,0.0V,5.2V,13.2V,13.2V,0.0A,0.0A,0.0A,-0.2A,,28.6C,,,,,,,
01/15/15    14:10:33,13 days 15:30:00,0.0V,5.2V,13.2V,13.2V,0.0A,0.0A,0.0A,-0.2A,,28.7C,,,,,,,
01/15/15    14:05:34,13 days 15:25:00,0.0V,5.2V,13.2V,13.2V,0.0A,0.0A,0.0A,-0.2A,,28.7C,,,,,,,
01/15/15    14:00:35,13 days 15:19:59,0.0V,5.2V,13.2V,13.2V,0.0A,0.0A,0.0A,-0.2A,,28.7C,,,,,,,
01/15/15    13:55:37,13 days 15:15:00,0.0V,5.2V,13.2V,13.2V,0.0A,0.0A,0.0A,-0.2A,,28.8C,,,,,,,
01/15/15    13:50:38,13 days 15:10:00,0.0V,5.2V,13.2V,13.2V,0.0A,0.0A,0.0A,-0.2A,,28.8C,,,,,,,
01/15/15    13:45:39,13 days 15:04:59,0.0V,5.2V,13.2V,13.2V,0.0A,0.0A,0.0A,-0.2A,,28.9C,,,,,,,
01/15/15    13:40:40,13 days 14:59:59,0.0V,5.2V,13.2V,13.2V,0.0A,0.0A,0.0A,-0.2A,,28.9C,,,,,,,
01/15/15    13:35:42,13 days 14:55:00,0.0V,5.2V,13.2V,13.2V,0.0A,0.0A,0.0A,-0.2A,,28.9C,,,,,,,
01/15/15    13:30:44,13 days 14:50:00,0.0V,5.2V,13.2V,13.2V,0.0A,0.0A,0.0A,-0.2A,,28.9C,,,,,,,
01/15/15    13:25:45,13 days 14:45:00,0.0V,5.2V,13.2V,13.2V,0.0A,0.0A,0.0A,-0.2A,,28.9C,,,,,,,
01/15/15    13:20:46,13 days 14:40:00,0.0V,5.2V,13.2V,13.2V,0.0A,0.0A,0.0A,-0.2A,,29.0C,,,,,,,
01/15/15    13:15:47,13 days 14:34:59,0.0V,5.2V,13.2V,13.2V,0.0A,0.0A,0.0A,-0.2A,,29.0C,,,,,,,
01/15/15    13:10:49,13 days 14:30:00,0.0V,5.2V,13.2V,13.2V,0.0A,0.0A,0.0A,-0.2A,,29.0C,,,,,,,
01/15/15    13:05:50,13 days 14:25:00,0.0V,5.2V,13.2V,13.2V,0.0A,0.0A,0.0A,-0.2A,,29.0C,,,,,,,
01/15/15    13:00:52,13 days 14:20:00,0.0V,5.2V,13.2V,13.2V,0.0A,0.0A,0.0A,0.0A,,29.1C,,,,,,,
01/15/15    12:55:53,13 days 14:15:00,0.0V,5.2V,13.2V,13.2V,0.0A,0.0A,0.0A,-0.2A,,29.1C,,,,,,,
01/15/15    12:50:54,13 days 14:10:00,0.0V,5.2V,13.2V,13.2V,0.0A,0.0A,0.0A,-0.2A,,29.1C,,,,,,,
01/15/15    12:45:55,13 days 14:04:59,0.0V,5.2V,13.2V,13.2V,0.0A,0.0A,0.0A,-0.2A,,29.1C,,,,,,,
01/15/15    12:40:57,13 days 14:00:00,0.0V,5.2V,13.2V,13.2V,0.0A,0.0A,0.0A,-0.2A,,29.2C,,,,,,,
01/15/15    12:35:58,13 days 13:55:00,0.0V,5.2V,13.2V,13.2V,0.0A,0.0A,0.0A,-0.2A,,29.2C,,,,,,,
01/15/15    12:30:59,13 days 13:50:00,0.0V,5.2V,13.2V,13.2V,0.0A,0.0A,0.0A,-0.2A,,29.3C,,,,,,,
01/15/15    12:26:00,13 days 13:44:59,0.0V,5.2V,13.2V,13.2V,0.0A,0.0A,0.0A,-0.2A,,29.4C,,,,,,,
01/15/15    12:21:02,13 days 13:40:00,0.0V,5.2V,13.2V,13.2V,0.0A,0.0A,0.0A,-0.2A,,29.4C,,,,,,,
01/15/15    12:16:03,13 days 13:35:00,0.0V,5.2V,13.2V,13.2V,0.0A,0.0A,0.0A,-0.2A,,29.5C,,,,,,,
01/15/15    12:11:04,13 days 13:29:59,0.0V,5.2V,13.2V,13.2V,0.0A,0.0A,0.0A,-0.2A,,29.5C,,,,,,,
01/15/15    12:06:05,13 days 13:24:59,0.0V,5.2V,13.2V,13.2V,0.0A,0.0A,0.0A,-0.2A,,29.5C,,,,,,,
01/15/15    12:01:07,13 days 13:20:00,0.0V,5.2V,13.2V,13.2V,0.0A,0.0A,0.0A,-0.2A,,29.5C,,,,,,,
01/15/15    11:56:08,13 days 13:14:59,0.0V,5.2V,13.2V,13.2V,0.0A,0.0A,0.0A,-0.2A,,29.6C,,,,,,,
01/15/15    11:51:10,13 days 13:10:00,0.0V,5.2V,13.2V,13.2V,0.0A,0.0A,0.0A,-0.2A,,29.6C,,,,,,,
01/15/15    11:46:11,13 days 13:05:00,0.0V,5.2V,13.2V,13.2V,0.0A,0.0A,0.0A,-0.2A,,29.6C,,,,,,,
01/15/15    11:41:12,13 days 12:59:59,0.0V,5.2V,13.2V,13.2V,0.0A,0.0A,0.0A,-0.2A,,29.6C,,,,,,,
01/15/15    11:36:14,13 days 12:55:00,0.0V,5.2V,13.2V,13.2V,0.0A,0.0A,0.0A,-0.2A,,29.6C,,,,,,,
01/15/15    11:31:15,13 days 12:50:00,0.0V,5.2V,13.2V,13.2V,0.0A,0.0A,0.0A,-0.2A,,29.6C,,,,,,,
01/15/15    11:26:16,13 days 12:44:59,0.0V,5.2V,13.2V,13.2V,0.0A,0.0A,0.0A,-0.2A,,29.6C,,,,,,,
01/15/15    11:21:18,13 days 12:40:00,0.0V,5.2V,13.2V,13.2V,0.0A,0.0A,0.0A,-0.2A,,29.6C,,,,,,,
01/15/15    11:16:19,13 days 12:35:00,0.0V,5.2V,13.2V,13.2V,0.0A,0.0A,0.0A,-0.2A,,29.6C,,,,,,,
01/15/15    11:11:20,13 days 12:30:00,0.0V,5.2V,13.2V,13.2V,0.0A,0.0A,0.0A,-0.2A,,29.6C,,,,,,,
01/15/15    11:06:21,13 days 12:24:59,0.0V,5.2V,13.2V,13.2V,0.0A,0.0A,0.0A,-0.2A,,29.6C,,,,,,,
01/15/15    11:01:22,13 days 12:19:59,0.0V,5.2V,13.2V,13.2V,0.0A,0.0A,0.0A,0.0A,,29.6C,,,,,,,
01/15/15    10:56:24,13 days 12:15:00,0.0V,5.2V,13.2V,13.2V,0.0A,0.0A,0.0A,-0.2A,,29.6C,,,,,,,
01/15/15    10:51:25,13 days 12:10:00,0.0V,5.2V,13.2V,13.2V,0.0A,0.0A,0.0A,-0.2A,,29.6C,,,,,,,
01/15/15    10:46:26,13 days 12:05:00,0.0V,5.2V,13.2V,13.2V,0.0A,0.0A,0.0A,-0.2A,,29.5C,,,,,,,
01/15/15    10:41:27,13 days 11:59:59,0.0V,5.2V,13.2V,13.2V,0.0A,0.0A,0.0A,-0.2A,,29.5C,,,,,,,
01/15/15    10:36:29,13 days 11:55:00,0.0V,5.2V,13.2V,13.2V,0.0A,0.0A,0.0A,-0.2A,,29.5C,,,,,,,
01/15/15    10:31:30,13 days 11:50:00,0.0V,5.2V,13.2V,13.2V,0.0A,0.0A,0.0A,-0.2A,,29.5C,,,,,,,
01/15/15    10:26:32,13 days 11:45:00,0.0V,5.2V,13.2V,13.2V,0.0A,0.0A,0.0A,-0.2A,,29.5C,,,,,,,
01/15/15    10:21:33,13 days 11:40:00,0.0V,5.2V,13.1V,13.1V,0.0A,0.2A,0.0A,-0.2A,,29.6C,,,,,,,
01/15/15    10:16:34,13 days 11:35:00,0.0V,5.2V,13.1V,13.1V,0.0A,0.2A,0.0A,-0.2A,,29.6C,,,,,,,
01/15/15    10:11:35,13 days 11:29:59,0.0V,5.2V,13.1V,13.1V,0.0A,0.2A,0.0A,0.0A,,29.6C,,,,,,,
01/15/15    10:06:37,13 days 11:25:00,0.0V,5.2V,13.1V,13.1V,0.0A,0.2A,0.0A,-0.2A,,29.6C,,,,,,,
01/15/15    10:01:38,13 days 11:20:00,0.0V,5.2V,13.1V,13.1V,0.0A,0.2A,0.0A,-0.2A,,29.6C,,,,,,,
01/15/15    09:56:39,13 days 11:14:59,0.0V,5.2V,13.1V,13.1V,0.0A,0.2A,0.0A,-0.2A,,29.6C,,,,,,,
01/15/15    09:51:40,13 days 11:09:59,0.0V,5.2V,13.1V,13.1V,0.0A,0.2A,0.0A,-0.2A,,29.6C,,,,,,,
01/15/15    09:46:42,13 days 11:05:00,0.0V,5.2V,13.1V,13.1V,0.0A,0.2A,0.0A,-0.2A,,29.6C,,,,,,,
01/15/15    09:41:43,13 days 11:00:00,0.0V,5.2V,13.1V,13.1V,0.0A,0.2A,0.0A,-0.2A,,29.6C,,,,,,,
01/15/15    09:36:44,13 days 10:54:59,0.0V,5.2V,13.1V,13.1V,0.0A,0.2A,0.0A,-0.2A,,29.7C,,,,,,,
01/15/15    09:31:45,13 days 10:49:59,0.0V,5.2V,13.1V,13.1V,0.0A,0.2A,0.0A,0.0A,,29.7C,,,,,,,
01/15/15    09:26:47,13 days 10:45:00,0.0V,5.2V,13.1V,13.1V,0.0A,0.2A,0.0A,-0.2A,,29.7C,,,,,,,
01/15/15    09:21:48,13 days 10:40:00,0.0V,5.2V,13.1V,13.1V,0.0A,0.2A,0.0A,-0.2A,,29.7C,,,,,,,
01/15/15    09:16:49,13 days 10:35:00,0.0V,5.2V,13.1V,13.1V,0.0A,0.2A,0.0A,-0.2A,,29.7C,,,,,,,
01/15/15    09:11:51,13 days 10:30:00,0.0V,5.2V,13.1V,13.1V,0.0A,0.2A,0.0A,-0.2A,,29.7C,,,,,,,
01/15/15    09:06:52,13 days 10:25:00,0.0V,5.2V,13.1V,13.1V,0.0A,0.2A,0.0A,-0.2A,,29.8C,,,,,,,
01/15/15    09:01:54,13 days 10:20:00,0.0V,5.2V,13.1V,13.1V,0.0A,0.2A,0.0A,-0.2A,,29.8C,,,,,,,
01/15/15    08:56:55,13 days 10:15:00,0.0V,5.2V,13.1V,13.1V,0.0A,0.2A,0.0A,-0.2A,,29.9C,,,,,,,
01/15/15    08:51:56,13 days 10:10:00,0.0V,5.2V,13.1V,13.1V,0.0A,0.2A,0.0A,-0.2A,,29.9C,,,,,,,
01/15/15    08:46:57,13 days 10:05:00,0.0V,5.2V,13.1V,13.1V,0.0A,0.2A,0.0A,-0.2A,,29.9C,,,,,,,
01/15/15    08:41:59,13 days 10:00:00,0.0V,5.2V,13.1V,13.1V,0.0A,0.2A,0.0A,-0.2A,,29.9C,,,,,,,
01/15/15    08:37:00,13 days 09:55:00,0.0V,5.2V,13.1V,13.1V,0.0A,0.2A,0.0A,-0.2A,,29.9C,,,,,,,
01/15/15    08:32:01,13 days 09:49:59,0.0V,5.2V,13.1V,13.1V,0.0A,0.2A,0.0A,-0.2A,,29.9C,,,,,,,
01/15/15    08:27:03,13 days 09:45:00,0.0V,5.2V,13.1V,13.1V,0.0A,0.2A,0.0A,-0.2A,,29.9C,,,,,,,
01/15/15    08:22:04,13 days 09:40:00,0.0V,5.2V,13.1V,13.1V,0.0A,0.2A,0.0A,-0.2A,,29.9C,,,,,,,
01/15/15    08:17:05,13 days 09:34:59,0.0V,5.2V,13.1V,13.1V,0.0A,0.2A,0.0A,-0.2A,,29.9C,,,,,,,
01/15/15    08:12:07,13 days 09:30:00,0.1V,5.2V,13.1V,13.1V,0.0A,0.2A,0.0A,-0.2A,,29.9C,,,,,,,
01/15/15    08:07:08,13 days 09:25:00,0.4V,5.2V,13.1V,13.1V,0.0A,0.2A,0.0A,-0.2A,,30.0C,,,,,,,
01/15/15    08:02:09,13 days 09:19:59,1.4V,5.2V,13.1V,13.1V,0.0A,0.2A,0.0A,-0.2A,,30.0C,,,,,,,
01/15/15    07:57:10,13 days 09:14:59,3.8V,5.2V,13.2V,13.3V,0.0A,0.0A,0.0A,-0.2A,,30.0C,,,,,,,
01/15/15    07:52:12,13 days 09:10:00,8.6V,5.2V,13.2V,13.3V,0.0A,0.0A,0.0A,0.0A,,30.1C,,,,,,,
01/15/15    07:47:13,13 days 09:05:00,12.4V,5.2V,13.2V,13.2V,0.0A,0.0A,0.0A,-0.2A,,30.1C,,,,,,,
01/15/15    07:42:14,13 days 08:59:59,13.2V,5.2V,13.2V,13.2V,0.0A,0.0A,0.0A,-0.2A,,30.2C,,,,,,,
01/15/15    07:37:15,13 days 08:54:59,13.7V,5.2V,13.2V,13.3V,0.0A,0.0A,0.0A,-0.2A,,30.1C,,,,,,,
01/15/15    07:32:17,13 days 08:50:00,13.8V,5.2V,13.2V,13.3V,0.0A,0.0A,0.0A,-0.2A,,30.1C,,,,,,,
01/15/15    07:27:18,13 days 08:45:00,13.8V,5.2V,13.3V,13.3V,0.0A,0.0A,0.0A,-0.2A,,30.1C,,,,,,,
01/15/15    07:22:20,13 days 08:40:00,13.8V,5.2V,13.3V,13.3V,0.0A,0.0A,0.0A,-0.2A,,30.1C,,,,,,,
01/15/15    07:17:20,13 days 08:34:59,13.9V,5.2V,13.4V,13.4V,0.0A,0.0A,0.0A,-0.2A,,30.2C,,,,,,,
01/15/15    07:12:22,13 days 08:30:00,14.0V,5.2V,13.4V,13.5V,0.0A,0.0A,0.0A,-0.2A,,30.2C,,,,,,,
01/15/15    07:07:23,13 days 08:24:59,14.1V,5.2V,13.6V,13.6V,0.0A,0.0A,0.0A,-0.2A,,30.3C,,,,,,,
01/15/15    07:02:25,13 days 08:20:00,14.2V,5.2V,13.7V,13.8V,0.0A,0.0A,0.0A,-0.2A,,30.3C,,,,,,,
01/15/15    06:57:26,13 days 08:15:00,14.5V,5.2V,14.0V,14.1V,0.0A,0.0A,0.0A,-0.2A,,30.4C,,,,,,,
01/15/15    06:52:27,13 days 08:10:00,20.6V,5.2V,14.3V,14.4V,0.0A,0.0A,0.0A,-0.2A,,30.4C,,,,,,,
01/15/15    06:47:29,13 days 08:05:00,20.7V,5.2V,14.3V,14.4V,0.0A,0.0A,0.0A,-0.2A,,30.4C,,,,,,,
01/15/15    06:42:30,13 days 08:00:00,20.8V,5.2V,14.3V,14.4V,0.0A,0.0A,0.0A,-0.2A,,30.5C,,,,,,,
01/15/15    06:37:31,13 days 07:55:00,21.0V,5.2V,14.3V,14.4V,0.0A,0.0A,0.0A,-0.2A,,30.5C,,,,,,,
01/15/15    06:32:32,13 days 07:49:59,21.0V,5.2V,14.3V,14.4V,0.0A,0.0A,0.0A,0.0A,,30.6C,,,,,,,
01/15/15    06:27:34,13 days 07:45:00,21.0V,5.2V,14.3V,14.4V,0.0A,0.0A,0.0A,-0.2A,,30.6C,,,,,,,
01/15/15    06:22:35,13 days 07:40:00,20.9V,5.2V,14.3V,14.4V,0.0A,0.0A,0.0A,-0.2A,,30.6C,,,,,,,
01/15/15    06:17:37,13 days 07:35:00,20.9V,5.2V,14.3V,14.4V,0.0A,0.0A,0.0A,-0.2A,,30.6C,,,,,,,
01/15/15    06:12:38,13 days 07:30:00,21.0V,5.2V,14.3V,14.4V,0.0A,0.0A,0.0A,-0.2A,,30.7C,,,,,,,
01/15/15    06:07:39,13 days 07:24:59,21.0V,5.2V,14.3V,14.4V,0.0A,0.0A,0.0A,-0.2A,,30.7C,,,,,,,
01/15/15    06:02:40,13 days 07:19:59,21.1V,5.2V,14.3V,14.4V,0.0A,0.0A,0.0A,-0.2A,,30.7C,,,,,,,
01/15/15    05:57:42,13 days 07:15:00,21.1V,5.2V,14.3V,14.4V,0.0A,0.0A,0.0A,-0.2A,,30.8C,,,,,,,
01/15/15    05:52:43,13 days 07:10:00,21.2V,5.2V,14.3V,14.4V,0.0A,0.0A,0.0A,-0.2A,,30.8C,,,,,,,
01/15/15    05:47:45,13 days 07:05:00,21.3V,5.2V,14.3V,14.4V,0.0A,0.0A,0.0A,-0.2A,,30.8C,,,,,,,
01/15/15    05:42:46,13 days 07:00:00,21.2V,5.2V,14.3V,14.4V,0.0A,0.0A,0.0A,-0.2A,,30.8C,,,,,,,
01/15/15    05:37:47,13 days 06:55:00,21.2V,5.2V,14.3V,14.4V,0.0A,0.0A,0.0A,-0.2A,,30.9C,,,,,,,
01/15/15    05:32:48,13 days 06:49:59,21.1V,5.2V,14.3V,14.4V,0.0A,0.0A,0.0A,-0.2A,,30.9C,,,,,,,
01/15/15    05:27:50,13 days 06:45:00,21.1V,5.2V,14.3V,14.4V,0.0A,0.0A,0.0A,-0.2A,,30.9C,,,,,,,
01/15/15    05:22:51,13 days 06:40:00,21.3V,5.2V,14.3V,14.4V,0.0A,0.0A,0.0A,-0.2A,,30.9C,,,,,,,
01/15/15    05:17:53,13 days 06:35:00,21.3V,5.2V,14.3V,14.4V,0.0A,0.0A,0.0A,0.0A,,30.9C,,,,,,,
01/15/15    05:12:54,13 days 06:30:00,21.1V,5.2V,14.3V,14.4V,0.0A,0.0A,0.0A,-0.2A,,30.9C,,,,,,,
01/15/15    05:07:55,13 days 06:24:59,20.8V,5.2V,14.3V,14.4V,0.0A,0.0A,0.0A,-0.2A,,30.9C,,,,,,,
01/15/15    05:02:56,13 days 06:19:59,20.7V,5.2V,14.3V,14.4V,0.0A,0.0A,0.0A,-0.2A,,30.8C,,,,,,,
01/15/15    04:57:58,13 days 06:15:00,21.0V,5.2V,14.3V,14.4V,0.0A,0.0A,0.0A,-0.2A,,30.8C,,,,,,,
01/15/15    04:52:59,13 days 06:09:59,21.1V,5.2V,14.3V,14.4V,0.0A,0.0A,0.0A,-0.2A,,30.8C,,,,,,,
01/15/15    04:48:01,13 days 06:05:00,20.9V,5.2V,14.3V,14.4V,0.0A,0.0A,0.0A,-0.2A,,30.8C,,,,,,,
01/15/15    04:43:02,13 days 06:00:00,21.1V,5.2V,14.3V,14.4V,0.0A,0.0A,0.0A,-0.2A,,30.8C,,,,,,,
01/15/15    04:38:03,13 days 05:55:00,20.9V,5.2V,14.3V,14.4V,0.0A,0.0A,0.0A,-0.2A,,30.8C,,,,,,,
01/15/15    04:33:05,13 days 05:50:00,20.8V,5.2V,14.3V,14.4V,0.0A,0.0A,0.0A,-0.2A,,30.8C,,,,,,,
01/15/15    04:28:06,13 days 05:45:00,20.6V,5.2V,14.3V,14.4V,0.0A,0.0A,0.0A,-0.2A,,30.7C,,,,,,,
01/15/15    04:23:07,13 days 05:40:00,20.7V,5.2V,14.3V,14.4V,0.0A,0.0A,0.0A,-0.2A,,30.7C,,,,,,,
01/15/15    04:18:08,13 days 05:34:59,20.2V,5.2V,14.3V,14.4V,0.0A,0.0A,0.0A,-0.2A,,30.6C,,,,,,,
01/15/15    04:13:10,13 days 05:30:00,19.6V,5.2V,14.3V,14.3V,0.0A,0.0A,0.0A,-0.2A,,30.6C,,,,,,,
01/15/15    04:08:11,13 days 05:25:00,15.9V,5.2V,14.2V,14.2V,0.0A,0.0A,0.0A,0.0A,,30.5C,,,,,,,
01/15/15    04:03:12,13 days 05:19:59,16.0V,5.2V,14.1V,14.1V,0.0A,0.0A,0.0A,-0.2A,,30.5C,,,,,,,
01/15/15    03:58:14,13 days 05:15:00,16.1V,5.2V,14.0V,14.0V,0.0A,0.0A,0.0A,-0.2A,,30.5C,,,,,,,
01/15/15    03:53:15,13 days 05:10:00,14.9V,5.2V,13.9V,13.9V,0.0A,0.0A,0.0A,-0.2A,,30.4C,,,,,,,
01/15/15    03:48:16,13 days 05:04:59,15.2V,5.2V,13.6V,13.6V,0.0A,0.0A,0.0A,-0.2A,,30.4C,,,,,,,
01/15/15    03:43:18,13 days 05:00:00,15.7V,5.2V,14.0V,14.0V,0.0A,0.0A,0.0A,-0.2A,,30.3C,,,,,,,
01/15/15    03:38:19,13 days 04:55:00,15.5V,5.2V,13.7V,13.8V,0.0A,0.0A,0.0A,-0.2A,,30.3C,,,,,,,
01/15/15    03:33:21,13 days 04:50:00,15.7V,5.2V,13.9V,13.9V,0.0A,0.0A,0.0A,-0.2A,,30.2C,,,,,,,
01/15/15    03:28:22,13 days 04:45:00,15.5V,5.2V,13.8V,13.9V,0.0A,0.0A,0.0A,-0.2A,,30.2C,,,,,,,
01/15/15    03:23:23,13 days 04:39:59,15.6V,5.2V,13.8V,13.8V,0.0A,0.0A,0.0A,-0.2A,,30.1C,,,,,,,
01/15/15    03:18:24,13 days 04:34:59,15.1V,5.2V,13.6V,13.7V,0.0A,0.0A,0.0A,-0.2A,,30.0C,,,,,,,
01/15/15    03:13:26,13 days 04:30:00,15.5V,5.2V,13.8V,13.8V,0.0A,0.0A,0.0A,-0.2A,,30.0C,,,,,,,
01/15/15    03:08:27,13 days 04:24:59,15.5V,5.2V,13.8V,13.8V,0.0A,0.0A,0.0A,-0.2A,,29.9C,,,,,,,
01/15/15    03:03:29,13 days 04:20:00,15.6V,5.2V,13.8V,13.8V,0.0A,0.0A,0.0A,-0.2A,,29.8C,,,,,,,
01/15/15    02:58:30,13 days 04:15:00,15.6V,5.2V,13.8V,13.8V,0.0A,0.0A,0.0A,-0.2A,,29.8C,,,,,,,
01/15/15    02:53:31,13 days 04:09:59,15.6V,5.2V,13.8V,13.8V,0.0A,0.0A,0.0A,-0.2A,,29.7C,,,,,,,
01/15/15    02:48:32,13 days 04:04:59,15.7V,5.2V,13.8V,13.8V,0.0A,0.0A,0.0A,0.0A,,29.6C,,,,,,,
01/15/15    02:43:34,13 days 04:00:00,16.1V,5.2V,13.8V,13.8V,0.0A,0.0A,0.0A,-0.2A,,29.6C,,,,,,,
01/15/15    02:38:35,13 days 03:55:00,14.9V,5.2V,13.8V,13.8V,0.0A,0.0A,0.0A,0.0A,,29.5C,,,,,,,
01/15/15    02:33:36,13 days 03:50:00,15.5V,5.2V,13.8V,13.8V,0.0A,0.0A,0.0A,0.0A,,29.4C,,,,,,,
01/15/15    02:28:37,13 days 03:45:00,15.6V,5.2V,13.8V,13.8V,0.0A,0.0A,0.0A,-0.2A,,29.3C,,,,,,,
