01/22/15    00:54:59,20 days 03:09:59,0.6V,4.7V,12.7V,12.7V,0.6A,0.0A,0.0A,-0.2A,,24.0C,,,,,,,
01/22/15    00:50:00,20 days 03:04:59,0.6V,4.7V,12.7V,12.7V,0.6A,0.0A,0.0A,-0.2A,,24.0C,,,,,,,
01/22/15    00:45:02,20 days 03:00:00,0.6V,4.7V,12.7V,12.7V,0.6A,0.0A,0.0A,0.0A,,24.0C,,,,,,,
01/22/15    00:40:02,20 days 02:54:59,0.6V,4.7V,12.7V,12.7V,0.6A,0.0A,0.0A,-0.2A,,24.0C,,,,,,,
01/22/15    00:35:04,20 days 02:50:00,0.7V,4.7V,12.7V,12.7V,0.6A,0.0A,0.0A,0.0A,,24.0C,,,,,,,
01/22/15    00:30:05,20 days 02:45:00,0.7V,4.7V,12.7V,12.8V,0.6A,0.0A,0.0A,-0.2A,,23.9C,,,,,,,
01/22/15    00:25:06,20 days 02:40:00,0.9V,4.7V,12.8V,12.8V,0.6A,0.0A,0.0A,-0.2A,,23.9C,,,,,,,
01/22/15    00:20:07,20 days 02:35:00,15.0V,4.7V,12.9V,12.9V,0.7A,0.0A,0.0A,-0.2A,,23.8C,,,,,,,
01/22/15    00:15:08,20 days 02:30:00,14.9V,4.7V,12.9V,12.9V,0.7A,0.0A,0.0A,0.0A,,23.7C,,,,,,,
01/22/15    00:10:09,20 days 02:24:59,15.1V,4.7V,12.9V,12.9V,0.7A,0.0A,0.0A,-0.2A,,23.6C,,,,,,,
01/22/15    00:05:10,20 days 02:19:59,15.2V,4.6V,12.8V,12.8V,1.0A,0.0A,0.0A,-0.2A,,23.6C,,,,,,,
01/22/15    00:00:11,20 days 02:14:59,15.2V,4.7V,12.9V,12.9V,0.7A,0.0A,0.0A,-0.2A,,23.5C,,,,,,,
01/21/15    23:55:13,20 days 02:10:00,15.1V,4.7V,12.9V,12.9V,0.7A,0.0A,0.0A,-0.2A,,23.5C,,,,,,,
01/21/15    23:50:14,20 days 02:05:00,15.1V,4.7V,12.9V,12.9V,0.7A,0.0A,0.0A,-0.2A,,23.4C,,,,,,,
01/21/15    23:45:15,20 days 02:00:00,15.0V,4.7V,12.9V,12.9V,0.7A,0.0A,0.0A,-0.2A,,23.4C,,,,,,,
01/21/15    23:40:16,20 days 01:55:00,15.0V,4.7V,12.9V,12.9V,0.7A,0.0A,0.0A,-0.2A,,23.4C,,,,,,,
01/21/15    23:35:17,20 days 01:50:00,15.0V,4.7V,12.8V,12.9V,0.7A,0.0A,0.0A,-0.2A,,23.3C,,,,,,,
01/21/15    23:30:18,20 days 01:45:00,14.8V,4.7V,12.8V,12.8V,0.7A,0.0A,0.0A,-0.2A,,23.3C,,,,,,,
01/21/15    23:25:19,20 days 01:40:00,14.9V,4.6V,12.8V,12.8V,1.0A,0.0A,0.0A,0.0A,,23.2C,,,,,,,
01/21/15    23:20:20,20 days 01:35:00,14.9V,4.7V,12.8V,12.9V,0.7A,0.0A,0.0A,-0.2A,,23.2C,,,,,,,
01/21/15    23:15:21,20 days 01:30:00,14.8V,4.7V,12.8V,12.8V,0.7A,0.0A,0.0A,-0.2A,,23.1C,,,,,,,
01/21/15    23:10:22,20 days 01:25:00,14.7V,4.7V,12.8V,12.8V,0.7A,0.0A,0.0A,-0.2A,,23.0C,,,,,,,
01/21/15    23:05:23,20 days 01:20:00,14.5V,4.6V,12.7V,12.7V,1.0A,0.0A,0.0A,0.0A,,23.0C,,,,,,,
01/21/15    23:00:24,20 days 01:15:00,14.4V,4.6V,12.7V,12.7V,1.0A,0.0A,0.0A,0.0A,,22.9C,,,,,,,
01/21/15    22:55:25,20 days 01:10:00,14.3V,4.6V,12.7V,12.7V,1.0A,0.0A,0.0A,0.0A,,22.8C,,,,,,,
01/21/15    22:50:26,20 days 01:05:00,14.2V,4.6V,12.7V,12.7V,1.0A,0.0A,0.0A,-0.2A,,22.7C,,,,,,,
01/21/15    22:45:27,20 days 01:00:00,14.3V,4.6V,12.7V,12.7V,1.0A,0.0A,0.0A,-0.2A,,22.7C,,,,,,,
01/21/15    22:40:28,20 days 00:55:00,14.1V,5.2V,13.0V,13.0V,0.0A,0.0A,0.0A,-0.2A,,22.7C,,,,,,,
01/21/15    22:35:29,20 days 00:50:00,13.8V,5.2V,13.0V,13.0V,0.0A,0.0A,0.0A,-0.2A,,22.7C,,,,,,,
01/21/15    22:30:30,20 days 00:45:00,13.8V,5.2V,13.0V,13.0V,0.0A,0.0A,0.0A,0.0A,,22.7C,,,,,,,
01/21/15    22:25:30,20 days 00:39:59,13.7V,5.2V,13.0V,13.0V,0.0A,0.0A,0.0A,0.0A,,22.7C,,,,,,,
01/21/15    22:20:31,20 days 00:34:59,13.8V,5.2V,13.0V,13.0V,0.0A,0.0A,0.0A,0.0A,,22.8C,,,,,,,
01/21/15    22:15:32,20 days 00:29:59,13.8V,5.2V,13.0V,13.0V,0.0A,0.0A,0.0A,-0.2A,,22.8C,,,,,,,
01/21/15    22:10:33,20 days 00:25:00,13.6V,5.2V,13.0V,13.0V,0.0A,0.0A,0.0A,-0.2A,,22.8C,,,,,,,
01/21/15    22:05:34,20 days 00:20:00,13.5V,5.2V,13.0V,13.0V,0.0A,0.0A,0.0A,-0.2A,,22.9C,,,,,,,
01/21/15    22:00:35,20 days 00:15:00,13.5V,5.2V,13.0V,13.0V,0.0A,0.0A,0.0A,-0.2A,,22.9C,,,,,,,
01/21/15    21:55:36,20 days 00:10:00,13.5V,5.2V,13.0V,13.0V,0.0A,0.0A,0.0A,-0.2A,,23.0C,,,,,,,
01/21/15    21:50:37,20 days 00:05:00,13.2V,5.2V,13.0V,13.0V,0.0A,0.0A,0.0A,-0.2A,,23.0C,,,,,,,
01/21/15    21:45:38,19 days 23:59:59,12.9V,5.2V,13.0V,13.0V,0.0A,0.0A,0.0A,-0.2A,,23.0C,,,,,,,
01/21/15    21:40:40,19 days 23:55:00,10.9V,5.2V,13.0V,13.0V,0.0A,0.0A,0.0A,0.0A,,23.1C,,,,,,,
01/21/15    21:35:40,19 days 23:49:59,8.3V,5.2V,13.0V,13.0V,0.0A,0.0A,0.0A,-0.2A,,23.1C,,,,,,,
01/21/15    21:30:42,19 days 23:45:00,4.4V,5.2V,13.0V,13.0V,0.0A,0.0A,0.0A,0.0A,,23.1C,,,,,,,
01/21/15    21:25:43,19 days 23:40:00,1.2V,5.2V,13.0V,13.0V,0.0A,0.0A,0.0A,-0.2A,,23.1C,,,,,,,
01/21/15    21:20:44,19 days 23:35:00,0.2V,5.2V,13.0V,13.0V,0.0A,0.0A,0.0A,0.0A,,23.2C,,,,,,,
01/21/15    21:15:45,19 days 23:30:00,0.0V,5.2V,13.0V,13.0V,0.0A,0.0A,0.0A,-0.2A,,23.2C,,,,,,,
01/21/15    21:10:46,19 days 23:25:00,0.0V,5.2V,13.0V,13.0V,0.0A,0.0A,0.0A,-0.2A,,23.2C,,,,,,,
01/21/15    21:05:47,19 days 23:20:00,0.0V,5.2V,13.0V,13.0V,0.0A,0.0A,0.0A,-0.2A,,23.3C,,,,,,,
01/21/15    21:00:48,19 days 23:15:00,0.0V,5.2V,13.0V,13.0V,0.0A,0.0A,0.0A,-0.2A,,23.3C,,,,,,,
01/21/15    20:55:50,19 days 23:10:00,0.0V,5.2V,13.0V,13.0V,0.0A,0.0A,0.0A,-0.2A,,23.4C,,,,,,,
01/21/15    20:50:51,19 days 23:05:00,0.0V,5.2V,13.0V,13.0V,0.0A,0.0A,0.0A,0.0A,,23.4C,,,,,,,
01/21/15    20:45:52,19 days 23:00:00,0.0V,5.2V,13.0V,13.0V,0.0A,0.0A,0.0A,-0.2A,,23.4C,,,,,,,
01/21/15    20:40:53,19 days 22:55:00,0.0V,5.2V,13.0V,13.0V,0.0A,0.0A,0.0A,-0.2A,,23.5C,,,,,,,
01/21/15    20:35:54,19 days 22:50:00,0.0V,5.2V,13.0V,13.0V,0.0A,0.0A,0.0A,-0.2A,,23.5C,,,,,,,
01/21/15    20:30:55,19 days 22:45:00,0.0V,5.2V,13.0V,13.0V,0.0A,0.0A,0.0A,-0.2A,,23.6C,,,,,,,
01/21/15    20:25:56,19 days 22:40:00,0.0V,5.2V,13.0V,13.0V,0.0A,0.0A,0.0A,-0.2A,,23.6C,,,,,,,
01/21/15    20:20:57,19 days 22:35:00,0.0V,5.2V,13.0V,13.0V,0.0A,0.0A,0.0A,-0.2A,,23.7C,,,,,,,
01/21/15    20:15:58,19 days 22:30:00,0.0V,5.2V,13.0V,13.0V,0.0A,0.0A,0.0A,0.0A,,23.7C,,,,,,,
01/21/15    20:10:59,19 days 22:25:00,0.0V,5.2V,13.0V,13.0V,0.0A,0.0A,0.0A,-0.2A,,23.7C,,,,,,,
01/21/15    20:06:00,19 days 22:20:00,0.0V,5.2V,13.0V,13.0V,0.0A,0.0A,0.0A,-0.2A,,23.8C,,,,,,,
01/21/15    20:01:01,19 days 22:15:00,0.0V,5.2V,13.0V,13.0V,0.0A,0.0A,0.0A,-0.2A,,23.8C,,,,,,,
01/21/15    19:56:02,19 days 22:10:00,0.0V,5.2V,13.0V,13.0V,0.0A,0.0A,0.0A,-0.2A,,23.8C,,,,,,,
01/21/15    19:51:03,19 days 22:05:00,0.0V,5.2V,13.0V,13.0V,0.0A,0.0A,0.0A,-0.2A,,23.9C,,,,,,,
01/21/15    19:46:04,19 days 22:00:00,0.0V,5.2V,13.0V,13.0V,0.0A,0.0A,0.0A,-0.2A,,23.9C,,,,,,,
01/21/15    19:41:05,19 days 21:55:00,0.0V,5.2V,13.0V,13.0V,0.0A,0.0A,0.0A,0.0A,,24.0C,,,,,,,
01/21/15    19:36:06,19 days 21:50:00,0.0V,5.2V,13.0V,13.0V,0.0A,0.0A,0.0A,-0.2A,,24.0C,,,,,,,
01/21/15    19:31:06,19 days 21:44:59,0.0V,5.2V,13.0V,13.0V,0.0A,0.0A,0.0A,-0.2A,,24.1C,,,,,,,
01/21/15    19:26:08,19 days 21:40:00,0.0V,5.2V,13.0V,13.0V,0.0A,0.0A,0.0A,0.0A,,24.1C,,,,,,,
01/21/15    19:21:08,19 days 21:34:59,0.0V,5.2V,13.0V,13.0V,0.0A,0.0A,0.0A,-0.2A,,24.2C,,,,,,,
01/21/15    19:16:10,19 days 21:30:00,0.0V,5.2V,13.0V,13.0V,0.0A,0.0A,0.0A,-0.2A,,24.2C,,,,,,,
01/21/15    19:11:10,19 days 21:24:59,0.0V,5.2V,13.0V,13.0V,0.0A,0.0A,0.0A,-0.2A,,24.3C,,,,,,,
01/21/15    19:06:12,19 days 21:20:00,0.0V,5.2V,13.0V,13.0V,0.0A,0.0A,0.0A,0.0A,,24.3C,,,,,,,
01/21/15    19:01:12,19 days 21:14:59,0.0V,5.2V,13.0V,13.0V,0.0A,0.0A,0.0A,0.0A,,24.3C,,,,,,,
01/21/15    18:56:14,19 days 21:10:00,0.0V,5.2V,13.0V,13.0V,0.0A,0.0A,0.0A,-0.2A,,24.3C,,,,,,,
01/21/15    18:51:14,19 days 21:04:59,0.0V,5.2V,13.0V,13.0V,0.0A,0.0A,0.0A,0.0A,,24.3C,,,,,,,
01/21/15    18:46:16,19 days 21:00:00,0.0V,5.2V,13.0V,13.0V,0.0A,0.0A,0.0A,-0.2A,,24.2C,,,,,,,
01/21/15    18:41:17,19 days 20:55:00,0.0V,5.2V,13.0V,13.0V,0.0A,0.0A,0.0A,-0.2A,,24.2C,,,,,,,
01/21/15    18:36:17,19 days 20:49:59,0.0V,5.2V,13.0V,13.0V,0.0A,0.0A,0.0A,-0.2A,,24.2C,,,,,,,
01/21/15    18:31:19,19 days 20:45:00,0.0V,5.2V,13.0V,13.0V,0.0A,0.0A,0.0A,-0.2A,,24.2C,,,,,,,
01/21/15    18:26:19,19 days 20:40:00,0.0V,5.2V,13.0V,13.0V,0.0A,0.0A,0.0A,-0.2A,,24.2C,,,,,,,
01/21/15    18:21:20,19 days 20:35:00,0.0V,5.2V,13.0V,13.0V,0.0A,0.0A,0.0A,-0.2A,,24.2C,,,,,,,
01/21/15    18:16:21,19 days 20:30:00,0.0V,5.2V,13.0V,13.0V,0.0A,0.0A,0.0A,-0.2A,,24.2C,,,,,,,
01/21/15    18:11:22,19 days 20:25:00,0.0V,5.2V,13.0V,13.0V,0.0A,0.0A,0.0A,-0.2A,,24.3C,,,,,,,
01/21/15    18:06:22,19 days 20:19:59,0.0V,5.2V,13.0V,13.0V,0.0A,0.0A,0.0A,0.0A,,24.3C,,,,,,,
01/21/15    18:01:24,19 days 20:15:00,0.0V,5.2V,13.0V,13.0V,0.0A,0.0A,0.0A,0.0A,,24.2C,,,,,,,
01/21/15    17:56:24,19 days 20:09:59,0.0V,5.2V,13.0V,13.0V,0.0A,0.0A,0.0A,0.0A,,24.2C,,,,,,,
01/21/15    17:51:25,19 days 20:04:59,0.0V,5.2V,13.0V,13.0V,0.0A,0.0A,0.0A,-0.2A,,24.2C,,,,,,,
01/21/15    17:46:26,19 days 19:59:59,0.0V,5.2V,13.0V,13.0V,0.0A,0.0A,0.0A,0.0A,,24.2C,,,,,,,
01/21/15    17:41:27,19 days 19:54:59,0.0V,5.2V,13.0V,13.0V,0.0A,0.0A,0.0A,0.0A,,24.2C,,,,,,,
01/21/15    17:36:28,19 days 19:49:59,0.0V,5.2V,13.0V,13.0V,0.0A,0.0A,0.0A,-0.2A,,24.2C,,,,,,,
01/21/15    17:31:29,19 days 19:44:59,0.0V,5.2V,13.0V,13.0V,0.0A,0.0A,0.0A,-0.2A,,24.2C,,,,,,,
01/21/15    17:26:30,19 days 19:39:59,0.0V,5.2V,13.0V,13.0V,0.0A,0.0A,0.0A,-0.2A,,24.2C,,,,,,,
01/21/15    17:21:31,19 days 19:34:59,0.0V,5.2V,13.0V,13.0V,0.0A,0.0A,0.0A,-0.2A,,24.3C,,,,,,,
01/21/15    17:16:32,19 days 19:30:00,0.0V,5.2V,13.0V,13.0V,0.0A,0.0A,0.0A,-0.2A,,24.3C,,,,,,,
01/21/15    17:11:33,19 days 19:25:00,0.0V,5.2V,13.0V,13.0V,0.0A,0.0A,0.0A,0.0A,,24.3C,,,,,,,
01/21/15    17:06:34,19 days 19:20:00,0.0V,5.2V,13.0V,13.0V,0.0A,0.0A,0.0A,-0.2A,,24.3C,,,,,,,
01/21/15    17:01:35,19 days 19:15:00,0.0V,5.2V,13.0V,13.0V,0.0A,0.0A,0.0A,-0.2A,,24.4C,,,,,,,
01/21/15    16:56:36,19 days 19:10:00,0.0V,5.2V,13.0V,13.0V,0.0A,0.0A,0.0A,-0.2A,,24.4C,,,,,,,
01/21/15    16:51:37,19 days 19:05:00,0.0V,5.2V,13.0V,13.0V,0.0A,0.0A,0.0A,-0.2A,,24.4C,,,,,,,
01/21/15    16:46:38,19 days 19:00:00,0.0V,5.2V,13.0V,13.0V,0.0A,0.0A,0.0A,-0.2A,,24.4C,,,,,,,
01/21/15    16:41:39,19 days 18:55:00,0.0V,5.2V,13.0V,13.0V,0.0A,0.0A,0.0A,0.0A,,24.4C,,,,,,,
01/21/15    16:36:39,19 days 18:49:59,0.0V,5.2V,13.0V,13.0V,0.0A,0.0A,0.0A,-0.2A,,24.4C,,,,,,,
01/21/15    16:31:41,19 days 18:45:00,0.0V,5.2V,13.0V,13.0V,0.0A,0.0A,0.0A,-0.2A,,24.4C,,,,,,,
01/21/15    16:26:42,19 days 18:40:00,0.0V,5.2V,13.0V,13.0V,0.0A,0.0A,0.0A,-0.2A,,24.4C,,,,,,,
01/21/15    16:21:42,19 days 18:34:59,0.0V,5.2V,13.0V,13.0V,0.0A,0.0A,0.0A,-0.2A,,24.4C,,,,,,,
01/21/15    16:16:44,19 days 18:30:00,0.0V,5.2V,13.0V,13.0V,0.0A,0.0A,0.0A,-0.2A,,24.5C,,,,,,,
01/21/15    16:11:44,19 days 18:24:59,0.0V,5.2V,13.0V,13.0V,0.0A,0.0A,0.0A,0.0A,,24.5C,,,,,,,
01/21/15    16:06:46,19 days 18:20:00,0.0V,5.2V,13.0V,13.0V,0.0A,0.0A,0.0A,-0.2A,,24.5C,,,,,,,
01/21/15    16:01:46,19 days 18:14:59,0.0V,5.2V,13.0V,13.0V,0.0A,0.0A,0.0A,-0.2A,,24.5C,,,,,,,
01/21/15    15:56:48,19 days 18:10:00,0.0V,5.2V,13.0V,13.0V,0.0A,0.0A,0.0A,0.0A,,24.6C,,,,,,,
01/21/15    15:51:48,19 days 18:04:59,0.0V,5.2V,13.0V,13.0V,0.0A,0.0A,0.0A,0.0A,,24.6C,,,,,,,
01/21/15    15:46:50,19 days 18:00:00,0.0V,5.2V,13.0V,13.0V,0.0A,0.0A,0.0A,-0.2A,,24.6C,,,,,,,
01/21/15    15:41:50,19 days 17:54:59,0.0V,5.2V,13.0V,13.0V,0.0A,0.0A,0.0A,0.0A,,24.6C,,,,,,,
01/21/15    15:36:51,19 days 17:49:59,0.0V,5.2V,13.0V,13.0V,0.0A,0.0A,0.0A,0.0A,,24.6C,,,,,,,
01/21/15    15:31:52,19 days 17:45:00,0.0V,5.2V,13.0V,13.0V,0.0A,0.0A,0.0A,-0.2A,,24.7C,,,,,,,
01/21/15    15:26:53,19 days 17:40:00,0.0V,5.2V,13.0V,13.0V,0.0A,0.0A,0.0A,-0.2A,,24.7C,,,,,,,
01/21/15    15:21:54,19 days 17:35:00,0.0V,5.2V,13.0V,13.0V,0.0A,0.0A,0.0A,-0.2A,,24.7C,,,,,,,
01/21/15    15:16:55,19 days 17:30:00,0.0V,5.2V,13.0V,13.0V,0.0A,0.0A,0.0A,-0.2A,,24.7C,,,,,,,
01/21/15    15:11:56,19 days 17:25:00,0.0V,5.2V,13.0V,13.0V,0.0A,0.0A,0.0A,-0.2A,,24.7C,,,,,,,
01/21/15    15:06:57,19 days 17:20:00,0.0V,5.2V,13.0V,13.0V,0.0A,0.0A,0.0A,-0.2A,,24.7C,,,,,,,
01/21/15    15:01:58,19 days 17:15:00,0.0V,5.2V,13.0V,13.0V,0.0A,0.0A,0.0A,0.0A,,24.6C,,,,,,,
01/21/15    14:56:59,19 days 17:10:00,0.0V,5.2V,13.0V,13.0V,0.0A,0.0A,0.0A,-0.2A,,24.6C,,,,,,,
01/21/15    14:52:00,19 days 17:05:00,0.0V,5.2V,13.0V,13.0V,0.0A,0.0A,0.0A,-0.2A,,24.6C,,,,,,,
01/21/15    14:47:01,19 days 17:00:00,0.0V,5.2V,13.0V,13.0V,0.0A,0.0A,0.0A,-0.2A,,24.6C,,,,,,,
01/21/15    14:42:02,19 days 16:54:59,0.0V,5.2V,13.0V,13.0V,0.0A,0.0A,0.0A,-0.2A,,24.6C,,,,,,,
01/21/15    14:37:03,19 days 16:50:00,0.0V,5.2V,13.0V,13.0V,0.0A,0.0A,0.0A,-0.2A,,24.6C,,,,,,,
01/21/15    14:32:04,19 days 16:45:00,0.0V,5.2V,13.0V,13.0V,0.0A,0.0A,0.0A,-0.2A,,24.6C,,,,,,,
01/21/15    14:27:05,19 days 16:39:59,0.0V,5.2V,13.0V,13.0V,0.0A,0.0A,0.0A,0.0A,,24.7C,,,,,,,
01/21/15    14:22:06,19 days 16:34:59,0.0V,5.2V,13.0V,13.0V,0.0A,0.0A,0.0A,-0.2A,,24.7C,,,,,,,
01/21/15    14:17:07,19 days 16:29:59,0.0V,5.2V,13.0V,13.0V,0.0A,0.0A,0.0A,-0.2A,,24.7C,,,,,,,
01/21/15    14:12:09,19 days 16:25:00,0.0V,5.2V,13.0V,13.0V,0.0A,0.0A,0.0A,-0.2A,,24.8C,,,,,,,
01/21/15    14:07:09,19 days 16:19:59,0.0V,5.2V,13.0V,13.0V,0.0A,0.0A,0.0A,0.0A,,24.8C,,,,,,,
01/21/15    14:02:11,19 days 16:15:00,0.0V,5.2V,13.0V,13.0V,0.0A,0.0A,0.0A,-0.2A,,24.8C,,,,,,,
01/21/15    13:57:11,19 days 16:10:00,0.0V,5.2V,13.0V,13.0V,0.0A,0.0A,0.0A,-0.2A,,24.8C,,,,,,,
01/21/15    13:52:12,19 days 16:05:00,0.0V,5.2V,13.0V,13.0V,0.0A,0.0A,0.0A,-0.2A,,24.8C,,,,,,,
01/21/15    13:47:13,19 days 16:00:00,0.0V,5.2V,13.0V,13.0V,0.0A,0.0A,0.0A,-0.2A,,24.8C,,,,,,,
01/21/15    13:42:15,19 days 15:55:00,0.0V,5.2V,13.0V,13.0V,0.0A,0.0A,0.0A,-0.2A,,24.8C,,,,,,,
01/21/15    13:37:15,19 days 15:49:59,0.0V,5.2V,13.0V,13.0V,0.0A,0.0A,0.0A,-0.2A,,24.8C,,,,,,,
01/21/15    13:32:16,19 days 15:44:59,0.0V,5.2V,13.0V,13.0V,0.0A,0.0A,0.0A,-0.2A,,24.8C,,,,,,,
01/21/15    13:27:17,19 days 15:39:59,0.0V,5.2V,13.0V,13.0V,0.0A,0.0A,0.0A,-0.2A,,24.8C,,,,,,,
01/21/15    13:22:19,19 days 15:35:00,0.0V,5.2V,13.0V,13.0V,0.0A,0.0A,0.0A,-0.2A,,24.8C,,,,,,,
01/21/15    13:17:19,19 days 15:29:59,0.0V,5.2V,13.0V,13.0V,0.0A,0.0A,0.0A,-0.2A,,24.8C,,,,,,,
01/21/15    13:12:21,19 days 15:25:00,0.0V,5.2V,13.0V,13.0V,0.0A,0.0A,0.0A,-0.2A,,24.8C,,,,,,,
01/21/15    13:07:21,19 days 15:19:59,0.0V,5.2V,13.0V,13.0V,0.0A,0.0A,0.0A,-0.2A,,24.8C,,,,,,,
01/21/15    13:02:23,19 days 15:15:00,0.0V,5.2V,13.0V,13.0V,0.0A,0.0A,0.0A,-0.2A,,24.9C,,,,,,,
01/21/15    12:57:24,19 days 15:10:00,0.0V,5.2V,13.0V,13.0V,0.0A,0.0A,0.0A,0.0A,,24.9C,,,,,,,
01/21/15    12:52:25,19 days 15:05:00,0.0V,5.2V,13.0V,13.0V,0.0A,0.0A,0.0A,0.0A,,24.9C,,,,,,,
01/21/15    12:47:26,19 days 15:00:00,0.0V,5.2V,13.0V,13.0V,0.0A,0.0A,0.0A,-0.2A,,24.9C,,,,,,,
01/21/15    12:42:27,19 days 14:55:00,0.0V,5.2V,13.0V,13.0V,0.0A,0.0A,0.0A,0.0A,,24.9C,,,,,,,
01/21/15    12:37:28,19 days 14:50:00,0.0V,5.2V,13.0V,13.0V,0.0A,0.0A,0.0A,-0.2A,,24.9C,,,,,,,
01/21/15    12:32:29,19 days 14:45:00,0.0V,5.2V,13.0V,13.0V,0.0A,0.0A,0.0A,-0.2A,,24.9C,,,,,,,
01/21/15    12:27:30,19 days 14:39:59,0.0V,5.2V,13.0V,13.0V,0.0A,0.0A,0.0A,-0.2A,,24.9C,,,,,,,
01/21/15    12:22:31,19 days 14:34:59,0.0V,5.2V,13.0V,13.0V,0.0A,0.0A,0.0A,0.0A,,24.9C,,,,,,,
01/21/15    12:17:32,19 days 14:29:59,0.0V,5.2V,13.0V,13.0V,0.0A,0.0A,0.0A,-0.2A,,24.9C,,,,,,,
01/21/15    12:12:34,19 days 14:25:00,0.0V,5.2V,13.0V,13.0V,0.0A,0.0A,0.0A,0.0A,,24.9C,,,,,,,
01/21/15    12:07:34,19 days 14:19:59,0.0V,5.2V,13.0V,13.0V,0.0A,0.0A,0.0A,-0.2A,,25.0C,,,,,,,
01/21/15    12:02:35,19 days 14:14:59,0.0V,5.2V,13.0V,13.0V,0.0A,0.0A,0.0A,-0.2A,,25.0C,,,,,,,
01/21/15    11:57:37,19 days 14:10:00,0.0V,5.2V,13.0V,13.0V,0.0A,0.0A,0.0A,-0.2A,,25.0C,,,,,,,
01/21/15    11:52:37,19 days 14:04:59,0.0V,5.2V,13.0V,13.0V,0.0A,0.0A,0.0A,0.0A,,25.1C,,,,,,,
01/21/15    11:47:39,19 days 14:00:00,0.0V,5.2V,13.0V,13.0V,0.0A,0.0A,0.0A,-0.2A,,25.1C,,,,,,,
01/21/15    11:42:40,19 days 13:55:00,0.0V,5.2V,13.0V,13.0V,0.0A,0.0A,0.0A,-0.2A,,25.1C,,,,,,,
01/21/15    11:37:41,19 days 13:50:00,0.0V,5.2V,13.0V,13.0V,0.0A,0.0A,0.0A,0.0A,,25.1C,,,,,,,
01/21/15    11:32:42,19 days 13:45:00,0.0V,5.2V,13.0V,13.0V,0.0A,0.0A,0.0A,-0.2A,,25.1C,,,,,,,
01/21/15    11:27:43,19 days 13:40:00,0.0V,5.2V,13.0V,13.0V,0.0A,0.0A,0.0A,-0.2A,,25.1C,,,,,,,
01/21/15    11:22:44,19 days 13:35:00,0.0V,5.2V,13.0V,13.0V,0.0A,0.0A,0.0A,-0.2A,,25.1C,,,,,,,
01/21/15    11:17:45,19 days 13:30:00,0.0V,5.2V,13.0V,13.0V,0.0A,0.0A,0.0A,-0.2A,,25.1C,,,,,,,
01/21/15    11:12:46,19 days 13:25:00,0.0V,5.2V,13.0V,13.0V,0.0A,0.0A,0.0A,0.0A,,25.1C,,,,,,,
01/21/15    11:07:47,19 days 13:20:00,0.0V,5.2V,13.0V,13.0V,0.0A,0.0A,0.0A,-0.2A,,25.1C,,,,,,,
01/21/15    11:02:48,19 days 13:15:00,0.0V,5.2V,13.0V,13.0V,0.0A,0.0A,0.0A,-0.2A,,25.0C,,,,,,,
01/21/15    10:57:49,19 days 13:10:00,0.0V,5.2V,13.0V,13.0V,0.0A,0.0A,0.0A,-0.2A,,25.0C,,,,,,,
01/21/15    10:52:50,19 days 13:05:00,0.0V,5.2V,13.0V,13.0V,0.0A,0.0A,0.0A,0.0A,,25.0C,,,,,,,
01/21/15    10:47:51,19 days 13:00:00,0.0V,5.2V,13.0V,13.0V,0.0A,0.0A,0.0A,-0.2A,,25.0C,,,,,,,
01/21/15    10:42:52,19 days 12:55:00,0.0V,5.2V,13.0V,13.0V,0.0A,0.0A,0.0A,-0.2A,,25.0C,,,,,,,
01/21/15    10:37:53,19 days 12:50:00,0.0V,5.2V,13.0V,13.0V,0.0A,0.0A,0.0A,0.0A,,25.0C,,,,,,,
01/21/15    10:32:54,19 days 12:45:00,0.0V,5.2V,13.0V,13.0V,0.0A,0.0A,0.0A,-0.2A,,25.0C,,,,,,,
01/21/15    10:27:55,19 days 12:40:00,0.0V,5.2V,13.0V,13.0V,0.0A,0.0A,0.0A,-0.2A,,25.0C,,,,,,,
01/21/15    10:22:56,19 days 12:34:59,0.1V,5.2V,13.0V,13.0V,0.0A,0.0A,0.0A,0.0A,,25.0C,,,,,,,
01/21/15    10:17:58,19 days 12:30:00,0.8V,5.2V,13.0V,13.0V,0.0A,0.0A,0.0A,-0.2A,,25.0C,,,,,,,
01/21/15    10:12:58,19 days 12:24:59,2.4V,5.2V,13.0V,13.0V,0.0A,0.0A,0.0A,-0.2A,,25.0C,,,,,,,
01/21/15    10:08:00,19 days 12:20:00,4.4V,5.2V,13.0V,13.0V,0.0A,0.0A,0.0A,-0.2A,,25.0C,,,,,,,
01/21/15    10:03:00,19 days 12:14:59,6.3V,5.2V,13.0V,13.0V,0.0A,0.0A,0.0A,-0.2A,,25.0C,,,,,,,
01/21/15    09:58:02,19 days 12:10:00,11.8V,5.2V,13.0V,13.0V,0.0A,0.0A,0.0A,-0.2A,,25.0C,,,,,,,
01/21/15    09:53:02,19 days 12:04:59,13.0V,5.2V,13.0V,13.0V,0.0A,0.0A,0.0A,0.0A,,25.0C,,,,,,,
01/21/15    09:48:04,19 days 12:00:00,13.0V,5.2V,13.0V,13.0V,0.0A,0.0A,0.0A,-0.2A,,25.0C,,,,,,,
01/21/15    09:43:05,19 days 11:55:00,12.9V,5.2V,13.0V,13.0V,0.0A,0.0A,0.0A,-0.2A,,25.0C,,,,,,,
01/21/15    09:38:06,19 days 11:50:00,12.9V,5.2V,13.0V,13.0V,0.0A,0.0A,0.0A,-0.2A,,25.0C,,,,,,,
01/21/15    09:33:07,19 days 11:45:00,13.1V,5.2V,13.0V,13.0V,0.0A,0.0A,0.0A,-0.2A,,25.0C,,,,,,,
01/21/15    09:28:08,19 days 11:40:00,13.0V,5.2V,13.0V,13.0V,0.0A,0.0A,0.0A,-0.2A,,25.0C,,,,,,,
01/21/15    09:23:09,19 days 11:35:00,13.5V,5.2V,13.0V,13.0V,0.0A,0.0A,0.0A,-0.2A,,25.0C,,,,,,,
01/21/15    09:18:10,19 days 11:29:59,13.6V,5.2V,13.0V,13.1V,0.0A,0.0A,0.0A,-0.2A,,25.1C,,,,,,,
01/21/15    09:13:12,19 days 11:25:00,13.6V,5.2V,13.0V,13.1V,0.0A,0.0A,0.0A,-0.2A,,25.1C,,,,,,,
01/21/15    09:08:12,19 days 11:19:59,13.6V,5.2V,13.0V,13.1V,0.0A,0.0A,0.0A,-0.2A,,25.1C,,,,,,,
01/21/15    09:03:14,19 days 11:15:00,15.1V,5.2V,13.1V,13.1V,0.0A,0.0A,0.0A,-0.2A,,25.1C,,,,,,,
01/21/15    08:58:15,19 days 11:10:00,13.8V,5.2V,13.1V,13.1V,0.0A,0.0A,0.0A,-0.2A,,25.1C,,,,,,,
01/21/15    08:53:16,19 days 11:05:00,13.6V,5.2V,13.1V,13.1V,0.0A,0.0A,0.0A,-0.2A,,25.1C,,,,,,,
01/21/15    08:48:17,19 days 11:00:00,13.8V,5.2V,13.1V,13.1V,0.0A,0.0A,0.0A,0.0A,,25.2C,,,,,,,
01/21/15    08:43:18,19 days 10:55:00,13.7V,5.2V,13.1V,13.1V,0.0A,0.0A,0.0A,-0.2A,,25.2C,,,,,,,
01/21/15    08:38:19,19 days 10:50:00,14.2V,5.2V,13.1V,13.1V,0.0A,0.0A,0.0A,-0.2A,,25.2C,,,,,,,
01/21/15    08:33:20,19 days 10:45:00,14.4V,5.2V,13.1V,13.2V,0.0A,0.0A,0.0A,-0.2A,,25.3C,,,,,,,
01/21/15    08:28:21,19 days 10:40:00,14.7V,5.2V,13.2V,13.2V,0.0A,0.0A,0.0A,-0.2A,,25.3C,,,,,,,
01/21/15    08:23:22,19 days 10:35:00,14.8V,5.2V,13.2V,13.2V,0.0A,0.0A,0.0A,0.0A,,25.3C,,,,,,,
01/21/15    08:18:23,19 days 10:30:00,14.5V,5.2V,13.1V,13.2V,0.0A,0.0A,0.0A,0.0A,,25.3C,,,,,,,
01/21/15    08:13:24,19 days 10:24:59,14.5V,5.2V,13.2V,13.2V,0.0A,0.0A,0.0A,-0.2A,,25.2C,,,,,,,
01/21/15    08:08:25,19 days 10:19:59,14.6V,5.2V,13.2V,13.2V,0.0A,0.0A,0.0A,-0.2A,,25.2C,,,,,,,
01/21/15    08:03:27,19 days 10:15:00,14.8V,5.2V,13.2V,13.2V,0.0A,0.0A,0.0A,-0.2A,,25.2C,,,,,,,
01/21/15    07:58:28,19 days 10:10:00,14.6V,5.2V,13.2V,13.2V,0.0A,0.0A,0.0A,-0.2A,,25.2C,,,,,,,
01/21/15    07:53:29,19 days 10:05:00,14.9V,5.2V,13.2V,13.2V,0.0A,0.0A,0.0A,-0.2A,,25.2C,,,,,,,
01/21/15    07:48:30,19 days 10:00:00,15.0V,5.2V,13.2V,13.2V,0.0A,0.0A,0.0A,0.0A,,25.2C,,,,,,,
01/21/15    07:43:31,19 days 09:55:00,14.8V,5.2V,13.2V,13.2V,0.0A,0.0A,0.0A,0.0A,,25.2C,,,,,,,
01/21/15    07:38:31,19 days 09:49:59,14.7V,5.2V,13.2V,13.2V,0.0A,0.0A,0.0A,-0.2A,,25.3C,,,,,,,
01/21/15    07:33:33,19 days 09:45:00,14.8V,5.2V,13.2V,13.2V,0.0A,0.0A,0.0A,-0.2A,,25.3C,,,,,,,
01/21/15    07:28:34,19 days 09:40:00,14.6V,5.2V,13.1V,13.2V,0.0A,0.0A,0.0A,-0.2A,,25.3C,,,,,,,
01/21/15    07:23:35,19 days 09:35:00,14.3V,5.2V,13.1V,13.1V,0.0A,0.0A,0.0A,-0.2A,,25.3C,,,,,,,
01/21/15    07:18:36,19 days 09:30:00,14.5V,5.2V,13.1V,13.1V,0.0A,0.0A,0.0A,-0.2A,,25.4C,,,,,,,
01/21/15    07:13:37,19 days 09:25:00,14.8V,5.2V,13.2V,13.2V,0.0A,0.0A,0.0A,-0.2A,,25.4C,,,,,,,
01/21/15    07:08:38,19 days 09:19:59,14.7V,5.2V,13.2V,13.2V,0.0A,0.0A,0.0A,-0.2A,,25.4C,,,,,,,
01/21/15    07:03:39,19 days 09:14:59,14.6V,5.2V,13.1V,13.2V,0.0A,0.0A,0.0A,-0.2A,,25.4C,,,,,,,
01/21/15    06:58:41,19 days 09:10:00,14.8V,5.2V,13.2V,13.2V,0.0A,0.0A,0.0A,-0.2A,,25.5C,,,,,,,
01/21/15    06:53:42,19 days 09:05:00,14.8V,5.2V,13.2V,13.2V,0.0A,0.0A,0.0A,-0.2A,,25.6C,,,,,,,
01/21/15    06:48:43,19 days 09:00:00,15.6V,5.2V,13.3V,13.3V,0.0A,0.0A,0.0A,0.0A,,25.6C,,,,,,,
01/21/15    06:43:44,19 days 08:55:00,15.1V,5.2V,13.2V,13.2V,0.0A,0.0A,0.0A,-0.2A,,25.7C,,,,,,,
01/21/15    06:38:46,19 days 08:50:00,15.5V,5.2V,13.2V,13.2V,0.0A,0.0A,0.0A,0.0A,,25.7C,,,,,,,
01/21/15    06:33:46,19 days 08:44:59,15.2V,5.2V,13.2V,13.2V,0.0A,0.0A,0.0A,-0.2A,,25.7C,,,,,,,
01/21/15    06:28:48,19 days 08:40:00,15.0V,4.7V,13.0V,13.0V,0.7A,0.0A,0.0A,-0.2A,,25.7C,,,,,,,
01/21/15    06:23:49,19 days 08:35:00,15.0V,4.7V,12.8V,12.9V,0.7A,0.1A,0.0A,-0.2A,,25.7C,,,,,,,
01/21/15    06:18:50,19 days 08:30:00,15.2V,4.7V,12.9V,12.9V,0.7A,0.1A,0.0A,-0.2A,,25.7C,,,,,,,
01/21/15    06:13:51,19 days 08:25:00,15.4V,4.7V,12.9V,13.0V,0.7A,0.1A,0.0A,-0.2A,,25.7C,,,,,,,
01/21/15    06:08:52,19 days 08:20:00,15.5V,4.7V,13.0V,13.0V,0.7A,0.1A,0.0A,-0.2A,,25.8C,,,,,,,
01/21/15    06:03:53,19 days 08:14:59,15.1V,4.7V,12.9V,12.9V,0.5A,0.1A,0.0A,-0.2A,,25.8C,,,,,,,
01/21/15    05:58:55,19 days 08:10:00,16.0V,4.7V,13.0V,13.0V,0.5A,0.1A,0.0A,-0.2A,,25.8C,,,,,,,
01/21/15    05:53:55,19 days 08:04:59,15.2V,4.7V,13.0V,13.0V,0.7A,0.0A,0.0A,-0.2A,,25.7C,,,,,,,
01/21/15    05:48:57,19 days 08:00:00,15.0V,4.7V,13.0V,13.0V,0.7A,0.0A,0.0A,0.0A,,25.7C,,,,,,,
01/21/15    05:43:58,19 days 07:55:00,15.2V,4.7V,13.0V,13.0V,0.7A,0.0A,0.0A,-0.2A,,25.7C,,,,,,,
01/21/15    05:38:59,19 days 07:50:00,15.1V,4.7V,13.0V,13.0V,0.5A,0.0A,0.0A,-0.2A,,25.7C,,,,,,,
01/21/15    05:34:00,19 days 07:45:00,20.3V,4.7V,12.9V,12.9V,0.7A,0.0A,0.0A,-0.2A,,25.7C,,,,,,,
01/21/15    05:29:01,19 days 07:39:59,15.0V,4.7V,13.0V,13.0V,0.6A,0.0A,0.0A,-0.2A,,25.7C,,,,,,,
01/21/15    05:24:02,19 days 07:34:59,15.0V,4.7V,12.9V,13.0V,0.6A,0.0A,0.0A,-0.2A,,25.7C,,,,,,,
01/21/15    05:19:04,19 days 07:30:00,14.5V,4.7V,12.9V,12.9V,0.6A,0.0A,0.0A,-0.2A,,25.7C,,,,,,,
01/21/15    05:14:05,19 days 07:25:00,14.2V,4.7V,12.9V,12.9V,0.6A,0.0A,0.0A,-0.2A,,25.6C,,,,,,,
01/21/15    05:09:06,19 days 07:20:00,16.2V,4.7V,12.9V,12.9V,0.6A,0.0A,0.0A,-0.2A,,25.6C,,,,,,,
01/21/15    05:04:07,19 days 07:15:00,14.7V,5.2V,13.1V,13.1V,0.0A,0.0A,0.0A,-0.2A,,25.7C,,,,,,,
01/21/15    04:59:08,19 days 07:10:00,15.2V,5.2V,13.2V,13.2V,0.0A,0.0A,0.0A,-0.2A,,25.7C,,,,,,,
01/21/15    04:54:09,19 days 07:05:00,15.0V,5.2V,13.1V,13.1V,0.0A,0.0A,0.0A,-0.2A,,25.8C,,,,,,,
01/21/15    04:49:10,19 days 07:00:00,14.6V,5.2V,13.1V,13.1V,0.0A,0.0A,0.0A,-0.2A,,25.8C,,,,,,,
01/21/15    04:44:12,19 days 06:55:00,14.4V,5.2V,13.0V,13.0V,0.0A,0.0A,0.0A,-0.2A,,25.8C,,,,,,,
01/21/15    04:39:12,19 days 06:49:59,14.3V,4.7V,12.9V,12.9V,0.6A,0.0A,0.0A,-0.2A,,25.8C,,,,,,,
01/21/15    04:34:14,19 days 06:45:00,14.1V,4.7V,12.9V,12.9V,0.6A,0.0A,0.0A,-0.2A,,25.8C,,,,,,,
01/21/15    04:29:15,19 days 06:40:00,14.1V,4.7V,12.9V,12.9V,0.6A,0.0A,0.0A,-0.2A,,25.8C,,,,,,,
01/21/15    04:24:16,19 days 06:35:00,14.4V,4.7V,12.9V,12.9V,0.6A,0.0A,0.0A,-0.2A,,25.8C,,,,,,,
01/21/15    04:19:17,19 days 06:30:00,15.0V,4.7V,13.0V,13.0V,0.6A,0.0A,0.0A,-0.2A,,25.9C,,,,,,,
01/21/15    04:14:18,19 days 06:24:59,15.0V,4.7V,13.0V,13.0V,0.6A,0.0A,0.0A,0.0A,,25.9C,,,,,,,
01/21/15    04:09:19,19 days 06:19:59,14.6V,4.7V,13.0V,13.0V,0.5A,0.0A,0.0A,-0.2A,,25.9C,,,,,,,
01/21/15    04:04:21,19 days 06:15:00,15.0V,4.7V,13.0V,13.0V,0.6A,0.0A,0.0A,-0.2A,,25.9C,,,,,,,
01/21/15    03:59:21,19 days 06:09:59,14.9V,4.7V,12.9V,13.0V,0.6A,0.0A,0.0A,-0.2A,,25.9C,,,,,,,
01/21/15    03:54:23,19 days 06:05:00,14.6V,4.7V,12.9V,12.9V,0.6A,0.0A,0.0A,0.0A,,25.9C,,,,,,,
01/21/15    03:49:24,19 days 06:00:00,14.7V,4.7V,12.9V,12.9V,0.6A,0.0A,0.0A,0.0A,,25.9C,,,,,,,
01/21/15    03:44:25,19 days 05:55:00,14.6V,4.7V,12.9V,12.9V,0.6A,0.0A,0.0A,0.0A,,25.9C,,,,,,,
01/21/15    03:39:26,19 days 05:50:00,14.6V,4.7V,12.9V,12.9V,0.6A,0.0A,0.0A,-0.2A,,25.9C,,,,,,,
01/21/15    03:34:27,19 days 05:44:59,14.7V,4.7V,12.9V,12.9V,0.6A,0.0A,0.0A,-0.2A,,25.9C,,,,,,,
01/21/15    03:29:28,19 days 05:39:59,14.5V,4.7V,12.9V,12.9V,0.6A,0.0A,0.0A,-0.2A,,26.0C,,,,,,,
01/21/15    03:24:30,19 days 05:35:00,14.6V,4.7V,12.9V,12.9V,0.6A,0.0A,0.0A,-0.2A,,26.0C,,,,,,,
01/21/15    03:19:30,19 days 05:29:59,14.6V,4.7V,12.9V,12.9V,0.6A,0.0A,0.0A,-0.2A,,26.1C,,,,,,,
01/21/15    03:14:32,19 days 05:25:00,14.5V,4.7V,12.9V,12.9V,0.6A,0.0A,0.0A,-0.2A,,26.1C,,,,,,,
01/21/15    03:09:33,19 days 05:20:00,14.3V,4.7V,12.9V,12.9V,0.6A,0.0A,0.0A,-0.2A,,26.2C,,,,,,,
01/21/15    03:04:34,19 days 05:15:00,14.3V,4.7V,12.9V,12.9V,0.6A,0.0A,0.0A,-0.2A,,26.2C,,,,,,,
01/21/15    02:59:35,19 days 05:10:00,14.2V,4.7V,12.9V,12.9V,0.6A,0.0A,0.0A,0.0A,,26.3C,,,,,,,
01/21/15    02:54:36,19 days 05:04:59,15.1V,4.7V,12.9V,12.9V,0.6A,0.0A,0.0A,-0.2A,,26.3C,,,,,,,
01/21/15    02:49:38,19 days 05:00:00,14.2V,4.7V,12.9V,12.9V,0.6A,0.0A,0.0A,-0.2A,,26.3C,,,,,,,
01/21/15    02:44:38,19 days 04:54:59,14.6V,4.7V,13.0V,13.0V,0.6A,0.0A,0.0A,-0.2A,,26.3C,,,,,,,
01/21/15    02:39:40,19 days 04:50:00,14.8V,4.7V,13.0V,13.0V,0.6A,0.0A,0.0A,-0.2A,,26.3C,,,,,,,
01/21/15    02:34:41,19 days 04:45:00,15.2V,4.7V,13.1V,13.2V,0.6A,0.0A,0.0A,-0.2A,,26.3C,,,,,,,
01/21/15    02:29:42,19 days 04:40:00,15.6V,4.7V,13.2V,13.2V,0.6A,0.0A,0.0A,-0.2A,,26.2C,,,,,,,
01/21/15    02:24:43,19 days 04:35:00,15.4V,4.7V,13.2V,13.2V,0.6A,0.0A,0.0A,0.0A,,26.2C,,,,,,,
01/21/15    02:19:44,19 days 04:30:00,15.1V,4.7V,13.1V,13.1V,0.6A,0.0A,0.0A,-0.2A,,26.2C,,,,,,,
01/21/15    02:14:45,19 days 04:24:59,15.1V,4.7V,13.1V,13.1V,0.6A,0.0A,0.0A,0.0A,,26.2C,,,,,,,
01/21/15    02:09:46,19 days 04:19:59,15.1V,4.7V,13.0V,13.1V,0.6A,0.0A,0.0A,0.0A,,26.2C,,,,,,,
01/21/15    02:04:47,19 days 04:14:59,20.0V,4.7V,13.0V,13.0V,0.6A,0.0A,0.0A,-0.2A,,26.2C,,,,,,,
01/21/15    01:59:49,19 days 04:10:00,14.9V,4.7V,13.0V,13.0V,0.6A,0.0A,0.0A,-0.2A,,26.2C,,,,,,,
01/21/15    01:54:50,19 days 04:05:00,14.9V,4.7V,13.0V,13.0V,0.6A,0.0A,0.0A,0.0A,,26.2C,,,,,,,
01/21/15    01:49:51,19 days 04:00:00,14.8V,4.7V,13.0V,13.0V,0.6A,0.0A,0.0A,-0.2A,,26.2C,,,,,,,
01/21/15    01:44:52,19 days 03:55:00,14.7V,4.7V,12.9V,13.0V,0.6A,0.0A,0.0A,-0.2A,,26.2C,,,,,,,
01/21/15    01:39:53,19 days 03:50:00,19.1V,4.7V,12.9V,12.9V,0.6A,0.0A,0.0A,-0.2A,,26.2C,,,,,,,
01/21/15    01:34:54,19 days 03:45:00,14.6V,4.7V,12.9V,13.0V,0.6A,0.0A,0.0A,-0.2A,,26.2C,,,,,,,
01/21/15    01:29:55,19 days 03:39:59,14.5V,4.7V,12.9V,13.0V,0.6A,0.0A,0.0A,-0.2A,,26.2C,,,,,,,
01/21/15    01:24:56,19 days 03:34:59,14.8V,4.7V,13.0V,13.0V,0.6A,0.0A,0.0A,-0.2A,,26.1C,,,,,,,
01/21/15    01:19:58,19 days 03:30:00,15.0V,4.7V,13.0V,13.0V,0.6A,0.0A,0.0A,-0.2A,,26.1C,,,,,,,
01/21/15    01:14:59,19 days 03:25:00,21.2V,4.7V,12.9V,13.0V,0.6A,0.0A,0.0A,-0.2A,,26.1C,,,,,,,
01/21/15    01:10:00,19 days 03:20:00,14.8V,4.7V,13.0V,13.0V,0.6A,0.0A,0.0A,-0.2A,,26.0C,,,,,,,
01/21/15    01:05:01,19 days 03:15:00,15.2V,4.6V,13.0V,13.0V,1.0A,0.0A,0.0A,-0.2A,,26.0C,,,,,,,
01/21/15    01:00:02,19 days 03:09:59,15.2V,4.6V,13.0V,13.0V,1.0A,0.0A,0.0A,-0.2A,,25.9C,,,,,,,
01/21/15    00:55:03,19 days 03:04:59,14.9V,4.6V,12.9V,12.9V,1.0A,0.0A,0.0A,0.0A,,25.9C,,,,,,,
01/21/15    00:50:05,19 days 03:00:00,19.0V,4.6V,12.9V,12.9V,1.0A,0.0A,0.0A,-0.2A,,25.8C,,,,,,,
01/21/15    00:45:06,19 days 02:55:00,15.1V,4.6V,12.9V,13.0V,1.0A,0.0A,0.0A,0.0A,,25.7C,,,,,,,
01/21/15    00:40:07,19 days 02:50:00,15.1V,4.6V,12.9V,13.0V,1.0A,0.0A,0.0A,0.0A,,25.6C,,,,,,,
01/21/15    00:35:08,19 days 02:45:00,14.8V,4.6V,12.9V,12.9V,1.0A,0.0A,0.0A,-0.2A,,25.6C,,,,,,,
01/21/15    00:30:09,19 days 02:40:00,14.8V,4.6V,12.9V,12.9V,1.0A,0.0A,0.0A,-0.2A,,25.5C,,,,,,,
01/21/15    00:25:10,19 days 02:35:00,16.9V,4.6V,12.9V,12.9V,0.9A,0.0A,0.0A,-0.2A,,25.4C,,,,,,,
01/21/15    00:20:11,19 days 02:29:59,14.9V,4.6V,12.9V,12.9V,1.0A,0.0A,0.0A,-0.2A,,25.3C,,,,,,,
01/21/15    00:15:13,19 days 02:25:00,14.6V,4.6V,12.9V,13.0V,1.0A,0.0A,0.0A,-0.2A,,25.2C,,,,,,,
01/21/15    00:10:14,19 days 02:20:00,14.7V,5.2V,13.3V,13.3V,0.0A,0.0A,0.0A,-0.2A,,25.1C,,,,,,,
01/21/15    00:05:15,19 days 02:15:00,15.1V,5.2V,13.3V,13.3V,0.0A,0.0A,0.0A,-0.2A,,25.1C,,,,,,,
01/21/15    00:00:16,19 days 02:10:00,15.1V,5.2V,13.3V,13.3V,0.0A,0.0A,0.0A,-0.2A,,25.0C,,,,,,,
01/20/15    23:55:17,19 days 02:04:59,15.2V,5.2V,13.3V,13.3V,0.0A,0.0A,0.0A,-0.2A,,25.0C,,,,,,,
01/20/15    23:50:18,19 days 01:59:59,15.2V,5.2V,13.3V,13.3V,0.0A,0.0A,0.0A,0.0A,,25.0C,,,,,,,
01/20/15    23:45:20,19 days 01:55:00,15.1V,5.2V,13.3V,13.3V,0.0A,0.0A,0.0A,-0.2A,,25.0C,,,,,,,
01/20/15    23:40:20,19 days 01:49:59,15.3V,5.2V,13.3V,13.3V,0.0A,0.0A,0.0A,-0.2A,,25.0C,,,,,,,
01/20/15    23:35:22,19 days 01:45:00,15.1V,5.2V,13.2V,13.2V,0.0A,0.0A,0.0A,-0.2A,,25.0C,,,,,,,
01/20/15    23:30:23,19 days 01:40:00,15.0V,5.2V,13.2V,13.2V,0.0A,0.0A,0.0A,-0.2A,,25.0C,,,,,,,
01/20/15    23:25:24,19 days 01:35:00,14.8V,5.2V,13.2V,13.2V,0.0A,0.0A,0.0A,0.0A,,25.0C,,,,,,,
01/20/15    23:20:25,19 days 01:30:00,14.7V,5.2V,13.2V,13.2V,0.0A,0.0A,0.0A,-0.2A,,25.1C,,,,,,,
01/20/15    23:15:26,19 days 01:25:00,14.6V,5.2V,13.1V,13.2V,0.0A,0.0A,0.0A,-0.2A,,25.1C,,,,,,,
01/20/15    23:10:27,19 days 01:20:00,14.4V,5.2V,13.1V,13.1V,0.0A,0.0A,0.0A,-0.2A,,25.2C,,,,,,,
01/20/15    23:05:28,19 days 01:15:00,14.2V,5.2V,13.1V,13.1V,0.0A,0.0A,0.0A,0.0A,,25.2C,,,,,,,
01/20/15    23:00:29,19 days 01:10:00,13.7V,5.2V,13.1V,13.1V,0.0A,0.0A,0.0A,0.0A,,25.3C,,,,,,,
01/20/15    22:55:30,19 days 01:04:59,13.6V,5.2V,13.1V,13.1V,0.0A,0.0A,0.0A,-0.2A,,25.3C,,,,,,,
01/20/15    22:50:31,19 days 00:59:59,13.6V,5.2V,13.1V,13.1V,0.0A,0.0A,0.0A,-0.2A,,25.4C,,,,,,,
01/20/15    22:45:33,19 days 00:55:00,13.6V,5.2V,13.1V,13.1V,0.0A,0.0A,0.0A,-0.2A,,25.4C,,,,,,,
01/20/15    22:40:33,19 days 00:49:59,13.6V,5.2V,13.1V,13.1V,0.0A,0.0A,0.0A,0.0A,,25.4C,,,,,,,
01/20/15    22:35:35,19 days 00:45:00,13.6V,5.2V,13.1V,13.1V,0.0A,0.0A,0.0A,-0.2A,,25.5C,,,,,,,
01/20/15    22:30:36,19 days 00:40:00,13.6V,5.2V,13.1V,13.1V,0.0A,0.0A,0.0A,-0.2A,,25.5C,,,,,,,
01/20/15    22:25:37,19 days 00:35:00,13.6V,5.2V,13.1V,13.1V,0.0A,0.0A,0.0A,-0.2A,,25.6C,,,,,,,
01/20/15    22:20:38,19 days 00:30:00,15.5V,5.2V,13.1V,13.1V,0.0A,0.0A,0.0A,-0.2A,,25.7C,,,,,,,
01/20/15    22:15:39,19 days 00:25:00,13.6V,5.2V,13.1V,13.1V,0.0A,0.0A,0.0A,-0.2A,,25.7C,,,,,,,
01/20/15    22:10:40,19 days 00:20:00,13.6V,5.2V,13.1V,13.1V,0.0A,0.0A,0.0A,-0.2A,,25.8C,,,,,,,
01/20/15    22:05:41,19 days 00:15:00,13.7V,5.2V,13.1V,13.1V,0.0A,0.0A,0.0A,0.0A,,25.8C,,,,,,,
01/20/15    22:00:42,19 days 00:10:00,14.1V,5.2V,13.1V,13.1V,0.0A,0.0A,0.0A,0.0A,,25.8C,,,,,,,
01/20/15    21:55:43,19 days 00:05:00,13.1V,5.2V,13.1V,13.1V,0.0A,0.0A,0.0A,-0.2A,,25.8C,,,,,,,
01/20/15    21:50:44,19 days 00:00:00,12.2V,5.2V,13.1V,13.1V,0.0A,0.0A,0.0A,-0.2A,,25.8C,,,,,,,
01/20/15    21:45:45,18 days 23:55:00,9.5V,5.2V,13.1V,13.1V,0.0A,0.0A,0.0A,0.0A,,25.8C,,,,,,,
01/20/15    21:40:47,18 days 23:50:00,7.5V,5.2V,13.1V,13.1V,0.0A,0.0A,0.0A,0.0A,,25.8C,,,,,,,
01/20/15    21:35:47,18 days 23:44:59,5.4V,5.2V,13.1V,13.1V,0.0A,0.0A,0.0A,-0.2A,,25.8C,,,,,,,
01/20/15    21:30:49,18 days 23:40:00,2.4V,5.2V,13.1V,13.1V,0.0A,0.0A,0.0A,0.0A,,25.8C,,,,,,,
01/20/15    21:25:50,18 days 23:35:00,0.3V,5.2V,13.1V,13.1V,0.0A,0.0A,0.0A,-0.2A,,25.8C,,,,,,,
01/20/15    21:20:51,18 days 23:30:00,0.0V,5.2V,13.1V,13.1V,0.0A,0.0A,0.0A,-0.2A,,25.8C,,,,,,,
01/20/15    21:15:52,18 days 23:25:00,0.0V,5.2V,13.1V,13.1V,0.0A,0.0A,0.0A,-0.2A,,25.9C,,,,,,,
01/20/15    21:10:53,18 days 23:19:59,0.0V,5.2V,13.1V,13.1V,0.0A,0.0A,0.0A,-0.2A,,25.9C,,,,,,,
01/20/15    21:05:54,18 days 23:14:59,0.0V,5.2V,13.1V,13.1V,0.0A,0.0A,0.0A,-0.2A,,25.9C,,,,,,,
01/20/15    21:00:56,18 days 23:10:00,0.0V,5.2V,13.1V,13.1V,0.0A,0.0A,0.0A,-0.2A,,26.0C,,,,,,,
01/20/15    20:55:56,18 days 23:04:59,0.0V,5.2V,13.1V,13.1V,0.0A,0.0A,0.0A,0.0A,,26.1C,,,,,,,
01/20/15    20:50:58,18 days 23:00:00,0.0V,5.2V,13.1V,13.1V,0.0A,0.0A,0.0A,-0.2A,,26.1C,,,,,,,
01/20/15    20:45:59,18 days 22:55:00,0.0V,5.2V,13.1V,13.1V,0.0A,0.0A,0.0A,-0.2A,,26.2C,,,,,,,
01/20/15    20:41:00,18 days 22:50:00,0.0V,5.2V,13.1V,13.1V,0.0A,0.0A,0.0A,-0.2A,,26.2C,,,,,,,
01/20/15    20:36:01,18 days 22:45:00,0.0V,5.2V,13.1V,13.1V,0.0A,0.0A,0.0A,-0.2A,,26.2C,,,,,,,
01/20/15    20:31:02,18 days 22:40:00,0.0V,5.2V,13.1V,13.1V,0.0A,0.0A,0.0A,-0.2A,,26.3C,,,,,,,
01/20/15    20:26:03,18 days 22:35:00,0.0V,5.2V,13.1V,13.1V,0.0A,0.0A,0.0A,-0.2A,,26.3C,,,,,,,
01/20/15    20:21:04,18 days 22:29:59,0.0V,5.2V,13.1V,13.1V,0.0A,0.0A,0.0A,-0.2A,,26.3C,,,,,,,
01/20/15    20:16:06,18 days 22:25:00,0.0V,5.2V,13.1V,13.2V,0.0A,0.0A,0.0A,-0.2A,,26.3C,,,,,,,
01/20/15    20:11:06,18 days 22:19:59,0.0V,5.2V,13.1V,13.2V,0.0A,0.0A,0.0A,-0.2A,,26.3C,,,,,,,
01/20/15    20:06:08,18 days 22:15:00,0.0V,5.2V,13.1V,13.2V,0.0A,0.0A,0.0A,-0.2A,,26.3C,,,,,,,
01/20/15    20:01:09,18 days 22:10:00,0.0V,5.2V,13.1V,13.2V,0.0A,0.0A,0.0A,-0.2A,,26.3C,,,,,,,
01/20/15    19:56:10,18 days 22:05:00,0.0V,5.2V,13.1V,13.2V,0.0A,0.0A,0.0A,-0.2A,,26.3C,,,,,,,
01/20/15    19:51:11,18 days 22:00:00,0.0V,5.2V,13.1V,13.2V,0.0A,0.0A,0.0A,-0.2A,,26.3C,,,,,,,
01/20/15    19:46:12,18 days 21:55:00,0.0V,5.2V,13.1V,13.2V,0.0A,0.0A,0.0A,0.0A,,26.3C,,,,,,,
01/20/15    19:41:13,18 days 21:50:00,0.0V,5.2V,13.1V,13.2V,0.0A,0.0A,0.0A,-0.2A,,26.3C,,,,,,,
01/20/15    19:36:14,18 days 21:45:00,0.0V,5.2V,13.1V,13.2V,0.0A,0.0A,0.0A,-0.2A,,26.3C,,,,,,,
01/20/15    19:31:15,18 days 21:40:00,0.0V,5.2V,13.1V,13.2V,0.0A,0.0A,0.0A,0.0A,,26.3C,,,,,,,
01/20/15    19:26:16,18 days 21:35:00,0.0V,5.2V,13.1V,13.2V,0.0A,0.0A,0.0A,0.0A,,26.4C,,,,,,,
01/20/15    19:21:17,18 days 21:29:59,0.0V,5.2V,13.1V,13.2V,0.0A,0.0A,0.0A,-0.2A,,26.4C,,,,,,,
01/20/15    19:16:18,18 days 21:24:59,0.0V,5.2V,13.1V,13.2V,0.0A,0.0A,0.0A,-0.2A,,26.4C,,,,,,,
01/20/15    19:11:19,18 days 21:19:59,0.0V,5.2V,13.1V,13.2V,0.0A,0.0A,0.0A,-0.2A,,26.4C,,,,,,,
01/20/15    19:06:21,18 days 21:15:00,0.0V,5.2V,13.1V,13.2V,0.0A,0.0A,0.0A,-0.2A,,26.4C,,,,,,,
01/20/15    19:01:21,18 days 21:09:59,0.0V,5.2V,13.1V,13.2V,0.0A,0.0A,0.0A,-0.2A,,26.4C,,,,,,,
01/20/15    18:56:23,18 days 21:05:00,0.0V,5.2V,13.2V,13.2V,0.0A,0.0A,0.0A,-0.2A,,26.4C,,,,,,,
01/20/15    18:51:23,18 days 20:59:59,0.0V,5.2V,13.2V,13.2V,0.0A,0.0A,0.0A,0.0A,,26.4C,,,,,,,
01/20/15    18:46:25,18 days 20:55:00,0.0V,5.2V,13.2V,13.2V,0.0A,0.0A,0.0A,0.0A,,26.4C,,,,,,,
01/20/15    18:41:25,18 days 20:49:59,0.0V,5.2V,13.2V,13.2V,0.0A,0.0A,0.0A,-0.2A,,26.4C,,,,,,,
01/20/15    18:36:27,18 days 20:45:00,0.0V,5.2V,13.2V,13.2V,0.0A,0.0A,0.0A,0.0A,,26.5C,,,,,,,
01/20/15    18:31:27,18 days 20:39:59,0.0V,5.2V,13.2V,13.2V,0.0A,0.0A,0.0A,-0.2A,,26.6C,,,,,,,
01/20/15    18:26:29,18 days 20:35:00,0.0V,5.2V,13.2V,13.2V,0.0A,0.0A,0.0A,-0.2A,,26.7C,,,,,,,
01/20/15    18:21:30,18 days 20:30:00,0.0V,5.2V,13.2V,13.2V,0.0A,0.0A,0.0A,-0.2A,,26.7C,,,,,,,
01/20/15    18:16:31,18 days 20:25:00,0.0V,5.2V,13.2V,13.2V,0.0A,0.0A,0.0A,-0.2A,,26.8C,,,,,,,
01/20/15    18:11:32,18 days 20:20:00,0.0V,5.2V,13.2V,13.2V,0.0A,0.0A,0.0A,-0.2A,,26.9C,,,,,,,
01/20/15    18:06:33,18 days 20:14:59,0.0V,5.2V,13.2V,13.2V,0.0A,0.0A,0.0A,-0.2A,,26.9C,,,,,,,
01/20/15    18:01:35,18 days 20:10:00,0.0V,5.2V,13.2V,13.2V,0.0A,0.0A,0.0A,-0.2A,,26.9C,,,,,,,
01/20/15    17:56:35,18 days 20:04:59,0.0V,5.2V,13.2V,13.2V,0.0A,0.0A,0.0A,-0.2A,,26.9C,,,,,,,
01/20/15    17:51:37,18 days 20:00:00,0.0V,5.2V,13.2V,13.2V,0.0A,0.0A,0.0A,-0.2A,,26.9C,,,,,,,
01/20/15    17:46:38,18 days 19:55:00,0.0V,5.2V,13.2V,13.2V,0.0A,0.0A,0.0A,-0.2A,,26.9C,,,,,,,
01/20/15    17:41:39,18 days 19:50:00,0.0V,5.2V,13.2V,13.2V,0.0A,0.0A,0.0A,0.0A,,26.9C,,,,,,,
01/20/15    17:36:40,18 days 19:45:00,0.0V,5.2V,13.2V,13.2V,0.0A,0.0A,0.0A,-0.2A,,26.9C,,,,,,,
01/20/15    17:31:41,18 days 19:40:00,0.0V,5.2V,13.2V,13.2V,0.0A,0.0A,0.0A,0.0A,,26.9C,,,,,,,
01/20/15    17:26:42,18 days 19:35:00,0.0V,5.2V,13.2V,13.2V,0.0A,0.0A,0.0A,0.0A,,26.9C,,,,,,,
01/20/15    17:21:43,18 days 19:30:00,0.0V,5.2V,13.2V,13.2V,0.0A,0.0A,0.0A,-0.2A,,26.8C,,,,,,,
01/20/15    17:16:44,18 days 19:24:59,0.0V,5.2V,13.2V,13.2V,0.0A,0.0A,0.0A,-0.2A,,26.8C,,,,,,,
01/20/15    17:11:46,18 days 19:20:00,0.0V,5.2V,13.2V,13.2V,0.0A,0.0A,0.0A,-0.2A,,26.7C,,,,,,,
01/20/15    17:06:46,18 days 19:14:59,0.0V,5.2V,13.2V,13.2V,0.0A,0.0A,0.0A,0.0A,,26.7C,,,,,,,
01/20/15    17:01:48,18 days 19:10:00,0.0V,5.2V,13.2V,13.2V,0.0A,0.0A,0.0A,-0.2A,,26.7C,,,,,,,
01/20/15    16:56:48,18 days 19:04:59,0.0V,5.2V,13.2V,13.2V,0.0A,0.0A,0.0A,-0.2A,,26.8C,,,,,,,
01/20/15    16:51:50,18 days 19:00:00,0.0V,5.2V,13.2V,13.2V,0.0A,0.0A,0.0A,-0.2A,,26.8C,,,,,,,
01/20/15    16:46:51,18 days 18:55:00,0.0V,5.2V,13.2V,13.2V,0.0A,0.0A,0.0A,-0.2A,,26.9C,,,,,,,
01/20/15    16:41:52,18 days 18:50:00,0.0V,5.2V,13.2V,13.2V,0.0A,0.0A,0.0A,-0.2A,,26.9C,,,,,,,
01/20/15    16:36:53,18 days 18:45:00,0.0V,5.2V,13.2V,13.2V,0.0A,0.0A,0.0A,-0.2A,,26.9C,,,,,,,
01/20/15    16:31:54,18 days 18:40:00,0.0V,5.2V,13.2V,13.2V,0.0A,0.0A,0.0A,-0.2A,,26.8C,,,,,,,
01/20/15    16:26:55,18 days 18:35:00,0.0V,5.2V,13.2V,13.2V,0.0A,0.0A,0.0A,-0.2A,,26.8C,,,,,,,
01/20/15    16:21:56,18 days 18:30:00,0.0V,5.2V,13.2V,13.2V,0.0A,0.0A,0.0A,0.0A,,26.8C,,,,,,,
01/20/15    16:16:57,18 days 18:25:00,0.0V,5.2V,13.2V,13.2V,0.0A,0.0A,0.0A,-0.2A,,26.8C,,,,,,,
01/20/15    16:11:58,18 days 18:19:59,0.0V,5.2V,13.2V,13.2V,0.0A,0.0A,0.0A,0.0A,,26.8C,,,,,,,
01/20/15    16:06:59,18 days 18:14:59,0.0V,5.2V,13.2V,13.2V,0.0A,0.0A,0.0A,0.0A,,26.9C,,,,,,,
01/20/15    16:02:00,18 days 18:09:59,0.0V,5.2V,13.2V,13.2V,0.0A,0.0A,0.0A,-0.2A,,26.9C,,,,,,,
01/20/15    15:57:02,18 days 18:05:00,0.0V,5.2V,13.2V,13.2V,0.0A,0.0A,0.0A,-0.2A,,26.9C,,,,,,,
01/20/15    15:52:03,18 days 18:00:00,0.0V,5.2V,13.2V,13.2V,0.0A,0.0A,0.0A,-0.2A,,27.0C,,,,,,,
01/20/15    15:47:04,18 days 17:55:00,0.0V,5.2V,13.2V,13.2V,0.0A,0.0A,0.0A,0.0A,,27.1C,,,,,,,
01/20/15    15:42:05,18 days 17:50:00,0.0V,5.2V,13.2V,13.2V,0.0A,0.0A,0.0A,-0.2A,,27.2C,,,,,,,
01/20/15    15:37:06,18 days 17:45:00,0.0V,5.2V,13.2V,13.2V,0.0A,0.0A,0.0A,0.0A,,27.3C,,,,,,,
01/20/15    15:32:07,18 days 17:40:00,0.0V,5.2V,13.2V,13.2V,0.0A,0.0A,0.0A,-0.2A,,27.4C,,,,,,,
01/20/15    15:27:08,18 days 17:35:00,0.0V,5.2V,13.2V,13.2V,0.0A,0.0A,0.0A,-0.2A,,27.5C,,,,,,,
01/20/15    15:22:09,18 days 17:30:00,0.0V,5.2V,13.2V,13.2V,0.0A,0.0A,0.0A,0.0A,,27.6C,,,,,,,
01/20/15    15:17:11,18 days 17:25:00,0.0V,5.2V,13.2V,13.2V,0.0A,0.0A,0.0A,-0.2A,,27.7C,,,,,,,
01/20/15    15:12:11,18 days 17:19:59,0.0V,5.2V,13.2V,13.2V,0.0A,0.0A,0.0A,-0.2A,,27.8C,,,,,,,
01/20/15    15:07:13,18 days 17:15:00,0.0V,5.2V,13.2V,13.2V,0.0A,0.0A,0.0A,-0.2A,,27.8C,,,,,,,
01/20/15    15:02:14,18 days 17:10:00,0.0V,5.2V,13.2V,13.2V,0.0A,0.0A,0.0A,-0.2A,,27.8C,,,,,,,
01/20/15    14:57:15,18 days 17:05:00,0.0V,5.2V,13.2V,13.2V,0.0A,0.0A,0.0A,-0.2A,,27.9C,,,,,,,
01/20/15    14:52:16,18 days 17:00:00,0.0V,5.2V,13.2V,13.2V,0.0A,0.0A,0.0A,0.0A,,27.9C,,,,,,,
01/20/15    14:47:17,18 days 16:54:59,0.0V,5.2V,13.2V,13.2V,0.0A,0.0A,0.0A,-0.2A,,27.9C,,,,,,,
01/20/15    14:42:18,18 days 16:49:59,0.0V,5.2V,13.2V,13.2V,0.0A,0.0A,0.0A,-0.2A,,27.9C,,,,,,,
01/20/15    14:37:20,18 days 16:45:00,0.0V,5.2V,13.2V,13.2V,0.0A,0.0A,0.0A,-0.2A,,27.9C,,,,,,,
01/20/15    14:32:20,18 days 16:39:59,0.0V,5.2V,13.2V,13.2V,0.0A,0.0A,0.0A,-0.2A,,27.9C,,,,,,,
01/20/15    14:27:22,18 days 16:35:00,0.0V,5.2V,13.2V,13.2V,0.0A,0.0A,0.0A,0.0A,,28.0C,,,,,,,
01/20/15    14:22:23,18 days 16:30:00,0.0V,5.2V,13.2V,13.2V,0.0A,0.0A,0.0A,0.0A,,28.0C,,,,,,,
01/20/15    14:17:24,18 days 16:25:00,0.0V,5.2V,13.2V,13.2V,0.0A,0.0A,0.0A,-0.2A,,28.1C,,,,,,,
01/20/15    14:12:25,18 days 16:19:59,0.0V,5.2V,13.2V,13.2V,0.0A,0.0A,0.0A,-0.2A,,28.2C,,,,,,,
01/20/15    14:07:27,18 days 16:15:00,0.0V,5.2V,13.2V,13.2V,0.0A,0.0A,0.0A,-0.2A,,28.3C,,,,,,,
01/20/15    14:02:27,18 days 16:09:59,0.0V,5.2V,13.2V,13.2V,0.0A,0.0A,0.0A,0.0A,,28.3C,,,,,,,
01/20/15    13:57:29,18 days 16:05:00,0.0V,5.2V,13.2V,13.2V,0.0A,0.0A,0.0A,-0.2A,,28.4C,,,,,,,
01/20/15    13:52:30,18 days 16:00:00,0.0V,5.2V,13.2V,13.2V,0.0A,0.0A,0.0A,-0.2A,,28.4C,,,,,,,
01/20/15    13:47:31,18 days 15:55:00,0.0V,5.2V,13.2V,13.2V,0.0A,0.0A,0.0A,0.0A,,28.4C,,,,,,,
01/20/15    13:42:32,18 days 15:50:00,0.0V,5.2V,13.2V,13.2V,0.0A,0.0A,0.0A,-0.2A,,28.5C,,,,,,,
01/20/15    13:37:33,18 days 15:45:00,0.0V,5.2V,13.2V,13.2V,0.0A,0.0A,0.0A,-0.2A,,28.5C,,,,,,,
01/20/15    13:32:35,18 days 15:40:00,0.0V,5.2V,13.2V,13.2V,0.0A,0.0A,0.0A,0.0A,,28.6C,,,,,,,
01/20/15    13:27:35,18 days 15:34:59,0.0V,5.2V,13.2V,13.2V,0.0A,0.0A,0.0A,-0.2A,,28.7C,,,,,,,
01/20/15    13:22:37,18 days 15:30:00,0.0V,5.2V,13.2V,13.2V,0.0A,0.0A,0.0A,-0.2A,,28.7C,,,,,,,
01/20/15    13:17:38,18 days 15:25:00,0.0V,5.2V,13.2V,13.2V,0.0A,0.0A,0.0A,-0.2A,,28.8C,,,,,,,
01/20/15    13:12:39,18 days 15:20:00,0.0V,5.2V,13.2V,13.2V,0.0A,0.0A,0.0A,-0.2A,,28.8C,,,,,,,
01/20/15    13:07:40,18 days 15:14:59,0.0V,5.2V,13.2V,13.2V,0.0A,0.0A,0.0A,-0.2A,,28.9C,,,,,,,
01/20/15    13:02:42,18 days 15:10:00,0.0V,5.2V,13.2V,13.2V,0.0A,0.0A,0.0A,0.0A,,28.9C,,,,,,,
01/20/15    12:57:42,18 days 15:04:59,0.0V,5.2V,13.2V,13.2V,0.0A,0.0A,0.0A,-0.2A,,29.0C,,,,,,,
01/20/15    12:52:44,18 days 15:00:00,0.0V,5.2V,13.2V,13.2V,0.0A,0.0A,0.0A,-0.2A,,29.0C,,,,,,,
01/20/15    12:47:45,18 days 14:55:00,0.0V,5.2V,13.2V,13.2V,0.0A,0.0A,0.0A,0.0A,,29.1C,,,,,,,
01/20/15    12:42:46,18 days 14:50:00,0.0V,5.2V,13.2V,13.2V,0.0A,0.0A,0.0A,-0.2A,,29.1C,,,,,,,
01/20/15    12:37:47,18 days 14:45:00,0.0V,5.2V,13.2V,13.2V,0.0A,0.0A,0.0A,-0.2A,,29.2C,,,,,,,
01/20/15    12:32:48,18 days 14:39:59,0.0V,5.2V,13.2V,13.2V,0.0A,0.0A,0.0A,0.0A,,29.2C,,,,,,,
01/20/15    12:27:49,18 days 14:34:59,0.0V,5.2V,13.2V,13.2V,0.0A,0.0A,0.0A,-0.2A,,29.2C,,,,,,,
01/20/15    12:22:51,18 days 14:30:00,0.0V,5.2V,13.2V,13.2V,0.0A,0.0A,0.0A,-0.2A,,29.2C,,,,,,,
01/20/15    12:17:52,18 days 14:25:00,0.0V,5.2V,13.2V,13.2V,0.0A,0.0A,0.0A,-0.2A,,29.3C,,,,,,,
01/20/15    12:12:53,18 days 14:20:00,0.0V,5.2V,13.2V,13.2V,0.0A,0.0A,0.0A,-0.2A,,29.3C,,,,,,,
01/20/15    12:07:54,18 days 14:15:00,0.0V,5.2V,13.2V,13.2V,0.0A,0.0A,0.0A,-0.2A,,29.3C,,,,,,,
01/20/15    12:02:55,18 days 14:09:59,0.0V,5.2V,13.2V,13.2V,0.0A,0.0A,0.0A,-0.2A,,29.3C,,,,,,,
01/20/15    11:57:56,18 days 14:04:59,0.0V,5.2V,13.2V,13.2V,0.0A,0.0A,0.0A,0.0A,,29.3C,,,,,,,
01/20/15    11:52:58,18 days 14:00:00,0.0V,5.2V,13.2V,13.2V,0.0A,0.0A,0.0A,0.0A,,29.3C,,,,,,,
01/20/15    11:47:59,18 days 13:55:00,0.1V,5.2V,13.2V,13.2V,0.0A,0.0A,0.0A,-0.2A,,29.3C,,,,,,,
01/20/15    11:43:00,18 days 13:50:00,0.0V,5.2V,13.2V,13.2V,0.0A,0.0A,0.0A,-0.2A,,29.4C,,,,,,,
01/20/15    11:38:01,18 days 13:44:59,0.0V,5.2V,13.2V,13.2V,0.0A,0.0A,0.0A,-0.2A,,29.5C,,,,,,,
01/20/15    11:33:02,18 days 13:39:59,0.0V,5.2V,13.2V,13.2V,0.0A,0.0A,0.0A,-0.2A,,29.5C,,,,,,,
01/20/15    11:28:04,18 days 13:35:00,0.0V,5.2V,13.2V,13.2V,0.0A,0.0A,0.0A,-0.2A,,29.6C,,,,,,,
01/20/15    11:23:05,18 days 13:30:00,0.0V,5.2V,13.1V,13.1V,0.0A,0.0A,0.3A,0.0A,,29.6C,,,,,,,
01/20/15    11:18:06,18 days 13:25:00,0.0V,5.2V,13.1V,13.1V,0.0A,0.0A,0.3A,-0.2A,,29.6C,,,,,,,
01/20/15    11:13:07,18 days 13:20:00,0.0V,5.2V,13.1V,13.1V,0.0A,0.0A,0.3A,-0.2A,,29.7C,,,,,,,
01/20/15    11:08:09,18 days 13:15:00,0.0V,5.2V,13.1V,13.1V,0.0A,0.0A,0.3A,0.0A,,29.7C,,,,,,,
01/20/15    11:03:09,18 days 13:09:59,0.0V,5.2V,13.1V,13.1V,0.0A,0.0A,0.3A,-0.2A,,29.8C,,,,,,,
01/20/15    10:58:11,18 days 13:05:00,0.0V,5.2V,13.1V,13.1V,0.0A,0.0A,0.3A,-0.2A,,29.9C,,,,,,,
01/20/15    10:53:12,18 days 13:00:00,0.0V,5.2V,13.1V,13.1V,0.0A,0.0A,0.3A,-0.2A,,29.9C,,,,,,,
01/20/15    10:48:13,18 days 12:55:00,0.0V,5.2V,13.1V,13.1V,0.0A,0.0A,0.3A,0.0A,,29.9C,,,,,,,
01/20/15    10:43:14,18 days 12:50:00,0.0V,5.2V,13.1V,13.1V,0.0A,0.0A,0.3A,-0.2A,,29.9C,,,,,,,
01/20/15    10:38:15,18 days 12:45:00,0.0V,5.2V,13.1V,13.1V,0.0A,0.0A,0.3A,-0.2A,,30.0C,,,,,,,
01/20/15    10:33:16,18 days 12:39:59,0.0V,5.2V,13.1V,13.1V,0.0A,0.0A,0.3A,-0.2A,,30.0C,,,,,,,
01/20/15    10:28:18,18 days 12:35:00,0.1V,5.2V,13.2V,13.2V,0.0A,0.0A,0.0A,0.0A,,30.0C,,,,,,,
01/20/15    10:23:19,18 days 12:30:00,0.4V,5.2V,13.2V,13.2V,0.0A,0.0A,0.0A,-0.2A,,30.1C,,,,,,,
01/20/15    10:18:20,18 days 12:25:00,1.6V,5.2V,13.2V,13.2V,0.0A,0.0A,0.0A,0.0A,,30.1C,,,,,,,
01/20/15    10:13:21,18 days 12:20:00,5.5V,5.2V,13.2V,13.2V,0.0A,0.0A,0.0A,-0.2A,,30.2C,,,,,,,
01/20/15    10:08:23,18 days 12:15:00,10.6V,5.2V,13.2V,13.2V,0.0A,0.0A,0.0A,-0.2A,,30.3C,,,,,,,
01/20/15    10:03:24,18 days 12:10:00,12.9V,5.2V,13.2V,13.2V,0.0A,0.0A,0.0A,-0.2A,,30.3C,,,,,,,
01/20/15    09:58:25,18 days 12:05:00,13.2V,5.2V,13.2V,13.2V,0.0A,0.0A,0.0A,-0.2A,,30.3C,,,,,,,
01/20/15    09:53:26,18 days 11:59:59,13.6V,5.2V,13.2V,13.2V,0.0A,0.0A,0.0A,-0.2A,,30.4C,,,,,,,
01/20/15    09:48:28,18 days 11:55:00,13.7V,5.2V,13.2V,13.2V,0.0A,0.0A,0.0A,-0.2A,,30.5C,,,,,,,
01/20/15    09:43:29,18 days 11:50:00,13.7V,5.2V,13.2V,13.2V,0.0A,0.0A,0.0A,-0.2A,,30.5C,,,,,,,
01/20/15    09:38:30,18 days 11:45:00,13.7V,5.2V,13.2V,13.2V,0.0A,0.0A,0.0A,0.0A,,30.6C,,,,,,,
01/20/15    09:33:31,18 days 11:39:59,13.7V,5.2V,13.2V,13.2V,0.0A,0.0A,0.0A,-0.2A,,30.7C,,,,,,,
01/20/15    09:28:33,18 days 11:35:00,13.9V,5.2V,13.2V,13.2V,0.0A,0.0A,0.0A,0.0A,,30.8C,,,,,,,
01/20/15    09:23:34,18 days 11:30:00,13.9V,5.2V,13.2V,13.2V,0.0A,0.0A,0.0A,-0.2A,,30.9C,,,,,,,
01/20/15    09:18:35,18 days 11:24:59,13.8V,5.2V,13.2V,13.2V,0.0A,0.0A,0.0A,-0.2A,,31.0C,,,,,,,
01/20/15    09:13:37,18 days 11:20:00,14.0V,4.7V,13.1V,13.1V,0.7A,0.0A,0.0A,-0.2A,,31.0C,,,,,,,
01/20/15    09:08:38,18 days 11:15:00,14.2V,4.7V,13.1V,13.1V,0.7A,0.0A,0.0A,-0.2A,,31.1C,,,,,,,
01/20/15    09:03:39,18 days 11:10:00,14.4V,4.7V,13.1V,13.1V,0.7A,0.0A,0.0A,-0.2A,,31.2C,,,,,,,
01/20/15    08:58:40,18 days 11:04:59,14.4V,4.6V,13.1V,13.1V,1.0A,0.0A,0.0A,-0.2A,,31.4C,,,,,,,
01/20/15    08:53:42,18 days 11:00:00,14.7V,4.7V,13.1V,13.2V,0.7A,0.0A,0.0A,-0.2A,,31.5C,,,,,,,
01/20/15    08:48:43,18 days 10:54:59,14.9V,4.7V,13.2V,13.2V,0.7A,0.0A,0.0A,-0.2A,,31.6C,,,,,,,
01/20/15    08:43:45,18 days 10:50:00,15.3V,4.7V,13.2V,13.2V,0.7A,0.0A,0.0A,-0.2A,,31.7C,,,,,,,
01/20/15    08:38:46,18 days 10:45:00,15.9V,4.7V,13.3V,13.3V,0.7A,0.0A,0.0A,-0.2A,,31.7C,,,,,,,
01/20/15    08:33:47,18 days 10:40:00,15.5V,4.6V,13.1V,13.2V,1.0A,0.0A,0.0A,-0.2A,,31.8C,,,,,,,
01/20/15    08:28:48,18 days 10:34:59,14.6V,4.6V,13.1V,13.1V,1.0A,0.0A,0.0A,-0.2A,,31.8C,,,,,,,
01/20/15    08:23:50,18 days 10:30:00,14.2V,4.6V,13.0V,13.1V,1.0A,0.0A,0.0A,-0.2A,,31.9C,,,,,,,
01/20/15    08:18:51,18 days 10:25:00,14.6V,4.6V,13.1V,13.1V,1.0A,0.0A,0.0A,-0.2A,,31.9C,,,,,,,
01/20/15    08:13:52,18 days 10:20:00,13.6V,4.6V,13.0V,13.1V,1.0A,0.0A,0.0A,-0.2A,,31.9C,,,,,,,
01/20/15    08:08:53,18 days 10:14:59,13.5V,4.6V,13.0V,13.1V,1.0A,0.0A,0.0A,-0.2A,,31.9C,,,,,,,
01/20/15    08:03:55,18 days 10:10:00,13.5V,4.6V,13.0V,13.1V,1.0A,0.0A,0.0A,-0.2A,,31.8C,,,,,,,
01/20/15    07:58:56,18 days 10:05:00,13.6V,4.6V,13.0V,13.1V,1.0A,0.0A,0.0A,-0.2A,,31.8C,,,,,,,
01/20/15    07:53:57,18 days 09:59:59,13.6V,4.6V,13.1V,13.1V,1.0A,0.0A,0.0A,-0.2A,,31.8C,,,,,,,
01/20/15    07:48:58,18 days 09:54:59,13.6V,4.6V,13.1V,13.1V,1.0A,0.0A,0.0A,0.0A,,31.8C,,,,,,,
01/20/15    07:44:00,18 days 09:50:00,13.6V,4.6V,13.0V,13.1V,1.0A,0.0A,0.0A,0.0A,,31.8C,,,,,,,
01/20/15    07:39:01,18 days 09:45:00,13.5V,4.6V,13.0V,13.1V,1.0A,0.0A,0.0A,-0.2A,,31.8C,,,,,,,
01/20/15    07:34:02,18 days 09:40:00,13.8V,5.2V,13.3V,13.3V,0.0A,0.0A,0.0A,-0.2A,,31.8C,,,,,,,
01/20/15    07:29:03,18 days 09:34:59,13.9V,4.8V,13.4V,13.4V,0.0A,0.0A,0.0A,-0.2A,,31.8C,,,,,,,
01/20/15    07:24:05,18 days 09:30:00,14.0V,4.8V,13.4V,13.5V,0.0A,0.0A,0.0A,-0.2A,,31.9C,,,,,,,
01/20/15    07:19:06,18 days 09:25:00,14.1V,4.8V,13.6V,13.6V,0.0A,0.0A,0.0A,-0.2A,,31.9C,,,,,,,
01/20/15    07:14:07,18 days 09:19:59,14.3V,4.8V,13.7V,13.7V,0.0A,0.0A,0.0A,-0.2A,,31.9C,,,,,,,
01/20/15    07:09:08,18 days 09:14:59,14.5V,4.8V,13.8V,13.8V,0.0A,0.0A,0.0A,-0.2A,,31.9C,,,,,,,
01/20/15    07:04:10,18 days 09:10:00,14.5V,4.8V,13.8V,13.9V,0.0A,0.0A,0.0A,-0.2A,,32.0C,,,,,,,
01/20/15    06:59:11,18 days 09:05:00,14.5V,4.8V,14.0V,14.0V,0.0A,0.0A,0.0A,-0.2A,,32.0C,,,,,,,
01/20/15    06:54:12,18 days 08:59:59,15.0V,4.8V,14.2V,14.2V,0.0A,0.0A,0.0A,-0.2A,,32.1C,,,,,,,
01/20/15    06:49:14,18 days 08:55:00,14.9V,4.8V,14.0V,14.0V,0.0A,0.0A,0.0A,-0.2A,,32.1C,,,,,,,
01/20/15    06:44:15,18 days 08:50:00,14.7V,4.8V,14.1V,14.1V,0.0A,0.0A,0.0A,-0.2A,,32.2C,,,,,,,
01/20/15    06:39:17,18 days 08:45:00,15.0V,4.8V,14.2V,14.2V,0.0A,0.0A,0.0A,-0.2A,,32.2C,,,,,,,
01/20/15    06:34:18,18 days 08:40:00,19.3V,4.8V,14.3V,14.3V,0.1A,0.0A,0.0A,-0.2A,,32.2C,,,,,,,
01/20/15    06:29:19,18 days 08:35:00,19.6V,4.8V,14.3V,14.3V,0.1A,0.0A,0.0A,-0.2A,,32.2C,,,,,,,
01/20/15    06:24:21,18 days 08:30:00,20.2V,4.8V,14.2V,14.3V,0.1A,0.0A,0.0A,-0.2A,,32.2C,,,,,,,
01/20/15    06:19:22,18 days 08:25:00,19.6V,4.8V,14.3V,14.3V,0.2A,0.0A,0.0A,-0.2A,,32.2C,,,,,,,
01/20/15    06:14:23,18 days 08:19:59,20.6V,4.7V,14.2V,14.3V,0.2A,0.0A,0.0A,-0.2A,,32.3C,,,,,,,
01/20/15    06:09:25,18 days 08:15:00,15.4V,4.7V,14.0V,14.0V,0.2A,0.0A,0.0A,-0.2A,,32.3C,,,,,,,
01/20/15    06:04:26,18 days 08:10:00,15.1V,4.7V,13.5V,13.6V,0.2A,0.0A,0.0A,-0.2A,,32.3C,,,,,,,
01/20/15    05:59:27,18 days 08:04:59,15.0V,4.7V,13.5V,13.5V,0.3A,0.0A,0.0A,-0.2A,,32.3C,,,,,,,
01/20/15    05:54:28,18 days 07:59:59,14.7V,4.7V,13.4V,13.5V,0.3A,0.0A,0.0A,-0.2A,,32.4C,,,,,,,
01/20/15    05:49:30,18 days 07:55:00,14.8V,4.7V,13.5V,13.5V,0.3A,0.0A,0.0A,-0.2A,,32.4C,,,,,,,
01/20/15    05:44:31,18 days 07:50:00,14.7V,4.7V,13.6V,13.6V,0.3A,0.0A,0.0A,-0.2A,,32.5C,,,,,,,
01/20/15    05:39:33,18 days 07:45:00,15.0V,4.7V,13.8V,13.8V,0.4A,0.0A,0.0A,0.0A,,32.5C,,,,,,,
01/20/15    05:34:34,18 days 07:40:00,15.3V,4.7V,14.0V,14.1V,0.4A,0.0A,0.0A,-0.2A,,32.6C,,,,,,,
01/20/15    05:29:35,18 days 07:35:00,15.3V,4.7V,14.2V,14.2V,0.4A,0.0A,0.0A,-0.2A,,32.6C,,,,,,,
01/20/15    05:24:36,18 days 07:29:59,19.7V,4.7V,14.2V,14.3V,0.4A,0.0A,0.0A,-0.2A,,32.7C,,,,,,,
01/20/15    05:19:38,18 days 07:25:00,21.1V,4.7V,14.3V,14.3V,0.4A,0.0A,0.0A,-0.2A,,32.8C,,,,,,,
01/20/15    05:14:39,18 days 07:19:59,20.3V,4.7V,14.2V,14.3V,0.4A,0.0A,0.0A,-0.2A,,32.9C,,,,,,,
01/20/15    05:09:41,18 days 07:15:00,21.8V,4.7V,14.2V,14.3V,0.4A,0.0A,0.0A,0.0A,,33.0C,,,,,,,
01/20/15    05:04:42,18 days 07:10:00,18.7V,4.7V,14.2V,14.2V,0.4A,0.0A,0.0A,-0.2A,,33.1C,,,,,,,
01/20/15    04:59:44,18 days 07:05:00,15.4V,4.7V,14.1V,14.2V,0.4A,0.0A,0.0A,-0.2A,,33.2C,,,,,,,
01/20/15    04:54:45,18 days 07:00:00,20.6V,4.7V,14.2V,14.2V,0.4A,0.0A,0.0A,-0.2A,,33.3C,,,,,,,
01/20/15    04:49:46,18 days 06:54:59,20.8V,4.7V,14.2V,14.2V,0.5A,0.0A,0.0A,-0.2A,,33.3C,,,,,,,
01/20/15    04:44:48,18 days 06:50:00,20.4V,4.7V,14.2V,14.2V,0.5A,0.0A,0.0A,-0.2A,,33.3C,,,,,,,
01/20/15    04:39:49,18 days 06:45:00,20.8V,4.7V,14.2V,14.3V,0.5A,0.0A,0.0A,-0.2A,,33.2C,,,,,,,
01/20/15    04:34:51,18 days 06:40:00,15.7V,4.7V,13.8V,13.8V,0.6A,0.0A,0.0A,-0.2A,,33.2C,,,,,,,
01/20/15    04:29:52,18 days 06:35:00,15.7V,4.7V,14.1V,14.2V,0.5A,0.0A,0.0A,-0.2A,,33.0C,,,,,,,
01/20/15    04:24:54,18 days 06:30:00,18.9V,4.7V,14.2V,14.3V,0.8A,0.0A,0.0A,-0.2A,,32.8C,,,,,,,
01/20/15    04:19:55,18 days 06:25:00,16.4V,4.6V,14.1V,14.1V,0.8A,0.0A,0.0A,-0.2A,,32.6C,,,,,,,
01/20/15    04:14:56,18 days 06:20:00,14.8V,4.6V,13.3V,13.4V,0.8A,0.0A,0.0A,-0.2A,,32.5C,,,,,,,
01/20/15    04:09:57,18 days 06:14:59,14.8V,4.7V,13.4V,13.4V,0.8A,0.0A,0.0A,-0.2A,,32.3C,,,,,,,
01/20/15    04:04:59,18 days 06:10:00,15.1V,4.7V,13.5V,13.5V,0.8A,0.0A,0.0A,-0.2A,,32.1C,,,,,,,
01/20/15    04:00:00,18 days 06:05:00,15.6V,4.7V,13.8V,13.9V,0.8A,0.0A,0.0A,-0.2A,,31.9C,,,,,,,
01/20/15    03:55:01,18 days 06:00:00,15.3V,4.7V,13.7V,13.7V,0.8A,0.0A,0.0A,-0.2A,,31.7C,,,,,,,
01/20/15    03:50:02,18 days 05:54:59,15.6V,4.7V,13.8V,13.8V,0.8A,0.0A,0.0A,-0.2A,,31.6C,,,,,,,
01/20/15    03:45:04,18 days 05:50:00,15.4V,4.7V,13.7V,13.7V,0.8A,0.0A,0.0A,-0.2A,,31.4C,,,,,,,
01/20/15    03:40:05,18 days 05:45:00,15.3V,4.7V,13.6V,13.6V,0.8A,0.0A,0.0A,-0.2A,,31.3C,,,,,,,
01/20/15    03:35:06,18 days 05:39:59,15.8V,5.2V,13.8V,13.8V,0.0A,0.0A,0.0A,-0.2A,,31.2C,,,,,,,
01/20/15    03:30:07,18 days 05:34:59,14.7V,5.2V,13.5V,13.5V,0.0A,0.0A,0.0A,-0.2A,,31.2C,,,,,,,
01/20/15    03:25:09,18 days 05:30:00,15.5V,5.2V,13.7V,13.8V,0.0A,0.0A,0.0A,-0.2A,,31.1C,,,,,,,
01/20/15    03:20:10,18 days 05:25:00,15.5V,5.2V,13.7V,13.7V,0.0A,0.0A,0.0A,-0.2A,,31.0C,,,,,,,
01/20/15    03:15:11,18 days 05:19:59,15.3V,5.2V,13.6V,13.7V,0.0A,0.0A,0.0A,-0.2A,,31.0C,,,,,,,
01/20/15    03:10:12,18 days 05:14:59,15.2V,5.2V,13.6V,13.7V,0.0A,0.0A,0.0A,-0.2A,,30.9C,,,,,,,
01/20/15    03:05:14,18 days 05:10:00,15.2V,5.2V,13.7V,13.7V,0.0A,0.0A,0.0A,-0.2A,,30.8C,,,,,,,
01/20/15    03:00:15,18 days 05:05:00,15.3V,5.2V,13.7V,13.7V,0.0A,0.0A,0.0A,-0.2A,,30.7C,,,,,,,
01/20/15    02:55:16,18 days 04:59:59,15.4V,5.2V,13.7V,13.8V,0.0A,0.0A,0.0A,-0.2A,,30.6C,,,,,,,
01/20/15    02:50:17,18 days 04:54:59,15.5V,5.2V,13.7V,13.8V,0.0A,0.0A,0.0A,-0.2A,,30.5C,,,,,,,
01/20/15    02:45:19,18 days 04:50:00,15.4V,5.2V,13.7V,13.7V,0.0A,0.0A,0.0A,0.0A,,30.5C,,,,,,,
01/20/15    02:40:20,18 days 04:45:00,15.4V,5.2V,13.6V,13.7V,0.0A,0.0A,0.0A,-0.2A,,30.4C,,,,,,,
01/20/15    02:35:21,18 days 04:39:59,15.4V,5.2V,13.6V,13.7V,0.0A,0.0A,0.0A,-0.2A,,30.3C,,,,,,,
01/20/15    02:30:23,18 days 04:35:00,15.4V,5.2V,13.7V,13.7V,0.0A,0.0A,0.0A,-0.2A,,30.2C,,,,,,,
01/20/15    02:25:24,18 days 04:30:00,15.3V,4.7V,13.5V,13.6V,0.7A,0.0A,0.0A,0.0A,,30.1C,,,,,,,
01/20/15    02:20:25,18 days 04:25:00,15.5V,4.7V,13.6V,13.6V,0.7A,0.0A,0.0A,0.0A,,30.1C,,,,,,,
01/20/15    02:15:26,18 days 04:19:59,15.4V,4.7V,13.6V,13.6V,0.7A,0.0A,0.0A,-0.2A,,30.0C,,,,,,,
01/20/15    02:10:28,18 days 04:15:00,15.3V,4.7V,13.6V,13.6V,0.5A,0.0A,0.0A,0.0A,,29.9C,,,,,,,
01/20/15    02:05:29,18 days 04:10:00,15.4V,4.7V,13.5V,13.5V,0.7A,0.0A,0.0A,0.0A,,29.8C,,,,,,,
01/20/15    02:00:30,18 days 04:05:00,15.3V,4.7V,13.5V,13.5V,0.7A,0.0A,0.0A,-0.2A,,29.7C,,,,,,,
01/20/15    01:55:31,18 days 03:59:59,15.3V,4.7V,13.5V,13.6V,0.7A,0.0A,0.0A,-0.2A,,29.6C,,,,,,,
01/20/15    01:50:33,18 days 03:55:00,15.4V,4.7V,13.5V,13.5V,0.7A,0.0A,0.0A,0.0A,,29.4C,,,,,,,
01/20/15    01:45:34,18 days 03:50:00,15.5V,4.7V,13.5V,13.5V,0.7A,0.0A,0.0A,-0.2A,,29.3C,,,,,,,
01/20/15    01:40:35,18 days 03:45:00,15.2V,4.7V,13.5V,13.5V,0.7A,0.0A,0.0A,-0.2A,,29.2C,,,,,,,
01/20/15    01:35:36,18 days 03:39:59,15.5V,4.7V,13.4V,13.4V,0.7A,0.0A,0.0A,-0.2A,,29.1C,,,,,,,
01/20/15    01:30:38,18 days 03:35:00,15.2V,4.7V,13.4V,13.4V,0.7A,0.0A,0.0A,-0.2A,,29.0C,,,,,,,
01/20/15    01:25:39,18 days 03:30:00,15.2V,4.7V,13.4V,13.4V,0.7A,0.0A,0.0A,-0.2A,,29.0C,,,,,,,
01/20/15    01:20:40,18 days 03:25:00,15.1V,4.7V,13.4V,13.4V,0.7A,0.0A,0.0A,-0.2A,,28.9C,,,,,,,
01/20/15    01:15:41,18 days 03:20:00,15.2V,4.7V,13.3V,13.4V,0.7A,0.0A,0.0A,0.0A,,28.8C,,,,,,,
01/20/15    01:10:42,18 days 03:14:59,16.7V,4.7V,13.3V,13.3V,0.7A,0.0A,0.0A,-0.2A,,28.7C,,,,,,,
01/20/15    01:05:43,18 days 03:09:59,15.2V,4.7V,13.3V,13.3V,0.7A,0.0A,0.0A,0.0A,,28.6C,,,,,,,
01/20/15    01:00:45,18 days 03:05:00,15.2V,4.7V,13.2V,13.3V,0.7A,0.0A,0.0A,-0.2A,,28.5C,,,,,,,
01/20/15    00:55:46,18 days 03:00:00,15.2V,4.7V,13.2V,13.2V,0.7A,0.0A,0.0A,-0.2A,,28.4C,,,,,,,
01/20/15    00:50:47,18 days 02:55:00,15.2V,4.7V,13.2V,13.2V,0.7A,0.0A,0.0A,0.0A,,28.3C,,,,,,,
01/20/15    00:45:48,18 days 02:50:00,14.9V,4.7V,13.2V,13.2V,0.7A,0.0A,0.0A,-0.2A,,28.3C,,,,,,,
01/20/15    00:40:49,18 days 02:45:00,14.9V,4.7V,13.1V,13.2V,0.8A,0.0A,0.0A,-0.2A,,28.2C,,,,,,,
01/20/15    00:35:50,18 days 02:39:59,15.0V,4.7V,13.1V,13.2V,0.7A,0.0A,0.0A,-0.2A,,28.1C,,,,,,,
01/20/15    00:30:52,18 days 02:35:00,14.9V,4.6V,13.1V,13.1V,0.8A,0.0A,0.0A,-0.2A,,28.0C,,,,,,,
01/20/15    00:25:53,18 days 02:30:00,14.9V,4.7V,13.1V,13.1V,0.8A,0.0A,0.0A,0.0A,,28.0C,,,,,,,
01/20/15    00:20:54,18 days 02:25:00,14.9V,4.6V,13.1V,13.1V,0.8A,0.0A,0.0A,-0.2A,,27.9C,,,,,,,
01/20/15    00:15:55,18 days 02:20:00,14.8V,4.7V,13.0V,13.0V,0.8A,0.0A,0.0A,-0.2A,,27.8C,,,,,,,
01/20/15    00:10:56,18 days 02:15:00,14.8V,4.7V,13.0V,13.1V,0.8A,0.0A,0.0A,-0.2A,,27.7C,,,,,,,
01/20/15    00:05:57,18 days 02:10:00,14.8V,4.6V,13.0V,13.1V,0.8A,0.0A,0.0A,-0.2A,,27.6C,,,,,,,
01/20/15    00:00:58,18 days 02:04:59,14.8V,4.6V,13.0V,13.0V,0.8A,0.0A,0.0A,-0.2A,,27.5C,,,,,,,
01/19/15    23:56:00,18 days 02:00:00,14.6V,4.6V,13.0V,13.0V,0.8A,0.0A,0.0A,-0.2A,,27.5C,,,,,,,
01/19/15    23:51:00,18 days 01:54:59,14.6V,4.6V,13.0V,13.0V,0.8A,0.0A,0.0A,0.0A,,27.4C,,,,,,,
01/19/15    23:46:02,18 days 01:50:00,14.5V,4.6V,13.0V,13.0V,0.8A,0.0A,0.0A,-0.2A,,27.3C,,,,,,,
01/19/15    23:41:03,18 days 01:45:00,14.5V,4.6V,13.0V,13.0V,0.8A,0.0A,0.0A,0.0A,,27.1C,,,,,,,
01/19/15    23:36:04,18 days 01:40:00,14.3V,4.7V,13.0V,13.1V,0.8A,0.0A,0.0A,-0.2A,,27.0C,,,,,,,
01/19/15    23:31:05,18 days 01:35:00,14.4V,5.2V,13.2V,13.2V,0.0A,0.0A,0.0A,-0.2A,,27.0C,,,,,,,
01/19/15    23:26:06,18 days 01:30:00,14.1V,5.2V,13.2V,13.2V,0.0A,0.0A,0.0A,-0.2A,,27.0C,,,,,,,
01/19/15    23:21:07,18 days 01:25:00,14.0V,5.2V,13.2V,13.2V,0.0A,0.0A,0.0A,-0.2A,,27.0C,,,,,,,
01/19/15    23:16:08,18 days 01:20:00,13.9V,5.2V,13.2V,13.2V,0.0A,0.0A,0.0A,-0.2A,,27.0C,,,,,,,
01/19/15    23:11:09,18 days 01:15:00,13.9V,5.2V,13.2V,13.2V,0.0A,0.0A,0.0A,0.0A,,27.1C,,,,,,,
01/19/15    23:06:10,18 days 01:10:00,13.9V,5.2V,13.2V,13.2V,0.0A,0.0A,0.0A,-0.2A,,27.1C,,,,,,,
01/19/15    23:01:11,18 days 01:04:59,13.9V,5.2V,13.2V,13.2V,0.0A,0.0A,0.0A,-0.2A,,27.0C,,,,,,,
01/19/15    22:56:13,18 days 01:00:00,14.0V,5.2V,13.2V,13.2V,0.0A,0.0A,0.0A,-0.2A,,27.0C,,,,,,,
01/19/15    22:51:13,18 days 00:54:59,13.9V,5.2V,13.2V,13.2V,0.0A,0.0A,0.0A,0.0A,,27.0C,,,,,,,
01/19/15    22:46:15,18 days 00:50:00,13.9V,5.2V,13.2V,13.2V,0.0A,0.0A,0.0A,-0.2A,,27.0C,,,,,,,
01/19/15    22:41:16,18 days 00:45:00,13.8V,5.2V,13.2V,13.2V,0.0A,0.0A,0.0A,-0.2A,,27.0C,,,,,,,
01/19/15    22:36:17,18 days 00:40:00,13.9V,5.2V,13.2V,13.2V,0.0A,0.0A,0.0A,-0.2A,,27.1C,,,,,,,
01/19/15    22:31:18,18 days 00:35:00,16.9V,5.2V,13.2V,13.2V,0.0A,0.0A,0.0A,-0.2A,,27.1C,,,,,,,
01/19/15    22:26:19,18 days 00:30:00,13.7V,5.2V,13.2V,13.2V,0.0A,0.0A,0.0A,0.0A,,27.1C,,,,,,,
01/19/15    22:21:20,18 days 00:24:59,13.7V,5.2V,13.2V,13.2V,0.0A,0.0A,0.0A,-0.2A,,27.1C,,,,,,,
01/19/15    22:16:21,18 days 00:19:59,13.7V,5.2V,13.2V,13.2V,0.0A,0.0A,0.0A,0.0A,,27.2C,,,,,,,
01/19/15    22:11:22,18 days 00:14:59,13.7V,5.2V,13.2V,13.2V,0.0A,0.0A,0.0A,-0.2A,,27.2C,,,,,,,
01/19/15    22:06:24,18 days 00:10:00,14.3V,5.2V,13.2V,13.2V,0.0A,0.0A,0.0A,-0.2A,,27.2C,,,,,,,
01/19/15    22:01:25,18 days 00:05:00,13.7V,5.2V,13.2V,13.2V,0.0A,0.0A,0.0A,-0.2A,,27.3C,,,,,,,
01/19/15    21:56:26,18 days 00:00:00,13.7V,5.2V,13.2V,13.2V,0.0A,0.0A,0.0A,-0.2A,,27.3C,,,,,,,
01/19/15    21:51:27,17 days 23:55:00,13.7V,5.2V,13.2V,13.2V,0.0A,0.0A,0.0A,-0.2A,,27.3C,,,,,,,
01/19/15    21:46:28,17 days 23:49:59,13.2V,5.2V,13.2V,13.2V,0.0A,0.0A,0.0A,-0.2A,,27.3C,,,,,,,
01/19/15    21:41:30,17 days 23:45:00,13.1V,5.2V,13.2V,13.2V,0.0A,0.0A,0.0A,0.0A,,27.3C,,,,,,,
01/19/15    21:36:31,17 days 23:40:00,11.0V,5.2V,13.2V,13.2V,0.0A,0.0A,0.0A,-0.2A,,27.3C,,,,,,,
01/19/15    21:31:32,17 days 23:35:00,6.5V,5.2V,13.2V,13.2V,0.0A,0.0A,0.0A,-0.2A,,27.3C,,,,,,,
01/19/15    21:26:33,17 days 23:30:00,2.7V,5.2V,13.2V,13.2V,0.0A,0.0A,0.0A,-0.2A,,27.3C,,,,,,,
01/19/15    21:21:34,17 days 23:24:59,0.8V,5.2V,13.2V,13.2V,0.0A,0.0A,0.0A,-0.2A,,27.3C,,,,,,,
01/19/15    21:16:35,17 days 23:19:59,0.2V,5.2V,13.2V,13.2V,0.0A,0.0A,0.0A,-0.2A,,27.4C,,,,,,,
01/19/15    21:11:37,17 days 23:15:00,0.0V,5.2V,13.2V,13.2V,0.0A,0.0A,0.0A,-0.2A,,27.4C,,,,,,,
01/19/15    21:06:38,17 days 23:10:00,0.0V,5.2V,13.2V,13.2V,0.0A,0.0A,0.0A,-0.2A,,27.4C,,,,,,,
01/19/15    21:01:39,17 days 23:05:00,0.0V,5.2V,13.2V,13.2V,0.0A,0.0A,0.0A,-0.2A,,27.5C,,,,,,,
01/19/15    20:56:40,17 days 23:00:00,0.0V,5.2V,13.2V,13.2V,0.0A,0.0A,0.0A,-0.2A,,27.5C,,,,,,,
01/19/15    20:51:41,17 days 22:54:59,0.0V,5.2V,13.2V,13.2V,0.0A,0.0A,0.0A,-0.2A,,27.6C,,,,,,,
01/19/15    20:46:42,17 days 22:49:59,0.0V,5.2V,13.2V,13.2V,0.0A,0.0A,0.0A,0.0A,,27.7C,,,,,,,
01/19/15    20:41:44,17 days 22:45:00,0.0V,5.2V,13.2V,13.2V,0.0A,0.0A,0.0A,-0.2A,,27.7C,,,,,,,
01/19/15    20:36:45,17 days 22:40:00,0.0V,5.2V,13.2V,13.2V,0.0A,0.0A,0.0A,-0.2A,,27.8C,,,,,,,
01/19/15    20:31:46,17 days 22:35:00,0.0V,5.2V,13.2V,13.2V,0.0A,0.0A,0.0A,-0.2A,,27.9C,,,,,,,
01/19/15    20:26:47,17 days 22:29:59,0.0V,5.2V,13.2V,13.2V,0.0A,0.0A,0.0A,-0.2A,,27.9C,,,,,,,
01/19/15    20:21:49,17 days 22:25:00,0.0V,5.2V,13.2V,13.2V,0.0A,0.0A,0.0A,-0.2A,,28.0C,,,,,,,
01/19/15    20:16:50,17 days 22:20:00,0.0V,5.2V,13.2V,13.2V,0.0A,0.0A,0.0A,-0.2A,,28.0C,,,,,,,
01/19/15    20:11:51,17 days 22:15:00,0.0V,5.2V,13.2V,13.2V,0.0A,0.0A,0.0A,-0.2A,,28.0C,,,,,,,
01/19/15    20:06:52,17 days 22:09:59,0.0V,5.2V,13.2V,13.2V,0.0A,0.0A,0.0A,-0.2A,,28.1C,,,,,,,
01/19/15    20:01:54,17 days 22:05:00,0.0V,5.2V,13.2V,13.2V,0.0A,0.0A,0.0A,-0.2A,,28.1C,,,,,,,
01/19/15    19:56:55,17 days 22:00:00,0.0V,5.2V,13.2V,13.2V,0.0A,0.0A,0.0A,-0.2A,,28.1C,,,,,,,
01/19/15    19:51:56,17 days 21:54:59,0.0V,5.2V,13.2V,13.2V,0.0A,0.0A,0.0A,-0.2A,,28.1C,,,,,,,
01/19/15    19:46:58,17 days 21:50:00,0.0V,5.2V,13.2V,13.2V,0.0A,0.0A,0.0A,0.0A,,28.1C,,,,,,,
01/19/15    19:41:59,17 days 21:45:00,0.0V,5.2V,13.0V,13.0V,0.0A,0.0A,0.3A,-0.2A,,28.2C,,,,,,,
01/19/15    19:37:00,17 days 21:40:00,0.0V,5.2V,13.0V,13.0V,0.0A,0.0A,0.3A,-0.2A,,28.2C,,,,,,,
01/19/15    19:32:02,17 days 21:35:00,0.0V,5.2V,13.0V,13.0V,0.0A,0.0A,0.3A,-0.2A,,28.2C,,,,,,,
01/19/15    19:27:03,17 days 21:30:00,0.0V,5.2V,13.0V,13.0V,0.0A,0.0A,0.3A,-0.2A,,28.2C,,,,,,,
01/19/15    19:22:04,17 days 21:25:00,0.0V,5.2V,13.1V,13.0V,0.0A,0.0A,0.3A,-0.2A,,28.2C,,,,,,,
01/19/15    19:17:06,17 days 21:20:00,0.0V,5.2V,13.1V,13.1V,0.0A,0.0A,0.3A,0.0A,,28.3C,,,,,,,
01/19/15    19:12:07,17 days 21:15:00,0.0V,5.2V,13.1V,13.1V,0.0A,0.0A,0.3A,-0.2A,,28.3C,,,,,,,
01/19/15    19:07:08,17 days 21:10:00,0.0V,5.2V,13.1V,13.1V,0.0A,0.0A,0.3A,0.0A,,28.3C,,,,,,,
01/19/15    19:02:09,17 days 21:04:59,0.0V,5.2V,13.1V,13.1V,0.0A,0.0A,0.3A,-0.2A,,28.4C,,,,,,,
01/19/15    18:57:11,17 days 21:00:00,0.0V,5.2V,13.1V,13.1V,0.0A,0.0A,0.3A,-0.2A,,28.4C,,,,,,,
01/19/15    18:52:12,17 days 20:55:00,0.0V,5.2V,13.1V,13.1V,0.0A,0.0A,0.3A,-0.2A,,28.4C,,,,,,,
01/19/15    18:47:13,17 days 20:50:00,0.0V,5.2V,13.1V,13.1V,0.0A,0.0A,0.3A,0.0A,,28.4C,,,,,,,
01/19/15    18:42:14,17 days 20:44:59,0.0V,5.2V,13.1V,13.1V,0.0A,0.0A,0.3A,0.0A,,28.4C,,,,,,,
01/19/15    18:37:16,17 days 20:40:00,0.0V,5.2V,13.1V,13.1V,0.0A,0.0A,0.3A,-0.2A,,28.4C,,,,,,,
01/19/15    18:32:17,17 days 20:35:00,0.0V,5.2V,13.1V,13.1V,0.0A,0.0A,0.3A,0.0A,,28.4C,,,,,,,
01/19/15    18:27:18,17 days 20:29:59,0.0V,5.2V,13.1V,13.1V,0.0A,0.0A,0.3A,-0.2A,,28.4C,,,,,,,
01/19/15    18:22:19,17 days 20:24:59,0.0V,5.2V,13.1V,13.1V,0.0A,0.0A,0.3A,-0.2A,,28.4C,,,,,,,
01/19/15    18:17:21,17 days 20:20:00,0.0V,5.2V,13.1V,13.1V,0.0A,0.0A,0.3A,-0.2A,,28.4C,,,,,,,
01/19/15    18:12:22,17 days 20:15:00,0.0V,5.2V,13.1V,13.1V,0.0A,0.0A,0.3A,-0.2A,,28.5C,,,,,,,
01/19/15    18:07:23,17 days 20:09:59,0.0V,5.2V,13.1V,13.1V,0.0A,0.0A,0.3A,-0.2A,,28.5C,,,,,,,
01/19/15    18:02:24,17 days 20:04:59,0.0V,5.2V,13.1V,13.1V,0.0A,0.0A,0.3A,-0.2A,,28.5C,,,,,,,
01/19/15    17:57:26,17 days 20:00:00,0.0V,5.2V,13.1V,13.1V,0.0A,0.0A,0.3A,0.0A,,28.6C,,,,,,,
01/19/15    17:52:27,17 days 19:55:00,0.0V,5.2V,13.1V,13.1V,0.0A,0.0A,0.3A,-0.2A,,28.6C,,,,,,,
01/19/15    17:47:28,17 days 19:50:00,0.0V,5.2V,13.1V,13.1V,0.0A,0.0A,0.3A,-0.2A,,28.6C,,,,,,,
01/19/15    17:42:30,17 days 19:45:00,0.0V,5.2V,13.1V,13.1V,0.0A,0.0A,0.3A,0.0A,,28.7C,,,,,,,
01/19/15    17:37:31,17 days 19:40:00,0.0V,5.2V,13.1V,13.1V,0.0A,0.0A,0.3A,-0.2A,,28.7C,,,,,,,
01/19/15    17:32:32,17 days 19:35:00,0.0V,5.2V,13.1V,13.1V,0.0A,0.0A,0.3A,-0.2A,,28.8C,,,,,,,
01/19/15    17:27:33,17 days 19:30:00,0.0V,5.2V,13.1V,13.1V,0.0A,0.0A,0.3A,-0.2A,,28.8C,,,,,,,
01/19/15    17:22:34,17 days 19:25:00,0.0V,5.2V,13.1V,13.1V,0.0A,0.0A,0.3A,-0.2A,,28.8C,,,,,,,
01/19/15    17:17:35,17 days 19:19:59,0.0V,5.2V,13.1V,13.1V,0.0A,0.0A,0.3A,-0.2A,,28.9C,,,,,,,
01/19/15    17:12:37,17 days 19:15:00,0.0V,5.2V,13.1V,13.1V,0.0A,0.0A,0.3A,0.0A,,28.9C,,,,,,,
01/19/15    17:07:38,17 days 19:10:00,0.0V,5.2V,13.1V,13.1V,0.0A,0.0A,0.3A,-0.2A,,28.9C,,,,,,,
01/19/15    17:02:39,17 days 19:05:00,0.0V,5.2V,13.1V,13.1V,0.0A,0.0A,0.3A,-0.2A,,29.0C,,,,,,,
01/19/15    16:57:40,17 days 19:00:00,0.0V,5.2V,13.1V,13.1V,0.0A,0.0A,0.3A,-0.2A,,29.0C,,,,,,,
01/19/15    16:52:41,17 days 18:55:00,0.0V,5.2V,13.1V,13.1V,0.0A,0.0A,0.3A,-0.2A,,29.0C,,,,,,,
01/19/15    16:47:42,17 days 18:50:00,0.0V,5.2V,13.1V,13.1V,0.0A,0.0A,0.3A,-0.2A,,29.1C,,,,,,,
01/19/15    16:42:43,17 days 18:45:00,0.0V,5.2V,13.2V,13.2V,0.0A,0.0A,0.0A,-0.2A,,29.1C,,,,,,,
01/19/15    16:37:44,17 days 18:40:00,0.0V,5.2V,13.2V,13.2V,0.0A,0.0A,0.0A,-0.2A,,29.1C,,,,,,,
01/19/15    16:32:45,17 days 18:34:59,0.0V,5.2V,13.2V,13.2V,0.0A,0.0A,0.0A,-0.2A,,29.2C,,,,,,,
01/19/15    16:27:46,17 days 18:29:59,0.0V,5.2V,13.2V,13.2V,0.0A,0.0A,0.0A,-0.2A,,29.2C,,,,,,,
01/19/15    16:22:48,17 days 18:25:00,0.0V,5.2V,13.2V,13.2V,0.0A,0.0A,0.0A,-0.2A,,29.2C,,,,,,,
01/19/15    16:17:49,17 days 18:20:00,0.0V,5.2V,13.2V,13.2V,0.0A,0.0A,0.0A,-0.2A,,29.3C,,,,,,,
01/19/15    16:12:50,17 days 18:15:00,0.0V,5.2V,13.2V,13.2V,0.0A,0.0A,0.0A,0.0A,,29.3C,,,,,,,
01/19/15    16:07:51,17 days 18:09:59,0.0V,5.2V,13.2V,13.2V,0.0A,0.0A,0.0A,-0.2A,,29.3C,,,,,,,
01/19/15    16:02:53,17 days 18:05:00,0.0V,5.2V,13.2V,13.2V,0.0A,0.0A,0.0A,-0.2A,,29.4C,,,,,,,
01/19/15    15:57:54,17 days 18:00:00,0.0V,5.2V,13.2V,13.2V,0.0A,0.0A,0.0A,-0.2A,,29.4C,,,,,,,
01/19/15    15:52:55,17 days 17:55:00,0.0V,5.2V,13.2V,13.2V,0.0A,0.0A,0.0A,0.0A,,29.4C,,,,,,,
01/19/15    15:47:56,17 days 17:49:59,0.0V,5.2V,13.2V,13.2V,0.0A,0.0A,0.0A,-0.2A,,29.4C,,,,,,,
01/19/15    15:42:58,17 days 17:45:00,0.0V,5.2V,13.2V,13.2V,0.0A,0.0A,0.0A,-0.2A,,29.5C,,,,,,,
01/19/15    15:37:59,17 days 17:40:00,0.0V,5.2V,13.2V,13.2V,0.0A,0.0A,0.0A,-0.2A,,29.5C,,,,,,,
01/19/15    15:33:00,17 days 17:35:00,0.0V,5.2V,13.2V,13.2V,0.0A,0.0A,0.0A,-0.2A,,29.5C,,,,,,,
01/19/15    15:28:02,17 days 17:30:00,0.0V,5.2V,13.2V,13.2V,0.0A,0.0A,0.0A,-0.2A,,29.6C,,,,,,,
01/19/15    15:23:03,17 days 17:25:00,0.0V,5.2V,13.2V,13.2V,0.0A,0.0A,0.0A,-0.2A,,29.6C,,,,,,,
01/19/15    15:18:04,17 days 17:20:00,0.0V,5.2V,13.2V,13.2V,0.0A,0.0A,0.0A,-0.2A,,29.6C,,,,,,,
01/19/15    15:13:05,17 days 17:14:59,0.0V,5.2V,13.2V,13.2V,0.0A,0.0A,0.0A,-0.2A,,29.7C,,,,,,,
01/19/15    15:08:07,17 days 17:10:00,0.0V,5.2V,13.2V,13.2V,0.0A,0.0A,0.0A,-0.2A,,29.7C,,,,,,,
01/19/15    15:03:08,17 days 17:05:00,0.0V,5.2V,13.2V,13.2V,0.0A,0.0A,0.0A,-0.2A,,29.7C,,,,,,,
01/19/15    14:58:09,17 days 16:59:59,0.0V,5.2V,13.2V,13.2V,0.0A,0.0A,0.0A,-0.2A,,29.7C,,,,,,,
01/19/15    14:53:10,17 days 16:54:59,0.0V,5.2V,13.2V,13.2V,0.0A,0.0A,0.0A,-0.2A,,29.7C,,,,,,,
01/19/15    14:48:12,17 days 16:50:00,0.0V,5.2V,13.2V,13.2V,0.0A,0.0A,0.0A,-0.2A,,29.8C,,,,,,,
01/19/15    14:43:13,17 days 16:45:00,0.0V,5.2V,13.2V,13.2V,0.0A,0.0A,0.0A,-0.2A,,29.8C,,,,,,,
01/19/15    14:38:15,17 days 16:40:00,0.0V,5.2V,13.2V,13.2V,0.0A,0.0A,0.0A,-0.2A,,29.8C,,,,,,,
01/19/15    14:33:16,17 days 16:35:00,0.0V,5.2V,13.2V,13.2V,0.0A,0.0A,0.0A,-0.2A,,29.9C,,,,,,,
01/19/15    14:28:17,17 days 16:29:59,0.0V,5.2V,13.2V,13.2V,0.0A,0.0A,0.0A,-0.2A,,30.0C,,,,,,,
01/19/15    14:23:19,17 days 16:25:00,0.0V,5.2V,13.2V,13.2V,0.0A,0.0A,0.0A,-0.2A,,30.0C,,,,,,,
01/19/15    14:18:20,17 days 16:20:00,0.0V,5.2V,13.2V,13.2V,0.0A,0.0A,0.0A,-0.2A,,30.0C,,,,,,,
01/19/15    14:13:21,17 days 16:14:59,0.0V,5.2V,13.2V,13.2V,0.0A,0.0A,0.0A,-0.2A,,30.1C,,,,,,,
01/19/15    14:08:23,17 days 16:10:00,0.0V,5.2V,13.2V,13.2V,0.0A,0.0A,0.0A,-0.2A,,30.1C,,,,,,,
01/19/15    14:03:24,17 days 16:05:00,0.0V,5.2V,13.2V,13.2V,0.0A,0.0A,0.0A,-0.2A,,30.1C,,,,,,,
01/19/15    13:58:26,17 days 16:00:00,0.0V,5.2V,13.2V,13.2V,0.0A,0.0A,0.0A,0.0A,,30.2C,,,,,,,
01/19/15    13:53:27,17 days 15:55:00,0.0V,5.2V,13.2V,13.2V,0.0A,0.0A,0.0A,-0.2A,,30.2C,,,,,,,
01/19/15    13:48:28,17 days 15:50:00,0.0V,5.2V,13.2V,13.2V,0.0A,0.0A,0.0A,-0.2A,,30.3C,,,,,,,
01/19/15    13:43:29,17 days 15:44:59,0.0V,5.2V,13.2V,13.2V,0.0A,0.0A,0.0A,-0.2A,,30.3C,,,,,,,
01/19/15    13:38:31,17 days 15:40:00,0.0V,5.2V,13.2V,13.2V,0.0A,0.0A,0.0A,-0.2A,,30.3C,,,,,,,
01/19/15    13:33:32,17 days 15:35:00,0.0V,5.2V,13.2V,13.2V,0.0A,0.0A,0.0A,-0.2A,,30.3C,,,,,,,
01/19/15    13:28:33,17 days 15:29:59,0.0V,5.2V,13.2V,13.2V,0.0A,0.0A,0.0A,-0.2A,,30.4C,,,,,,,
01/19/15    13:23:34,17 days 15:24:59,0.0V,5.2V,13.2V,13.2V,0.0A,0.0A,0.0A,-0.2A,,30.4C,,,,,,,
01/19/15    13:18:36,17 days 15:20:00,0.0V,5.2V,13.2V,13.2V,0.0A,0.0A,0.0A,-0.2A,,30.4C,,,,,,,
01/19/15    13:13:37,17 days 15:15:00,0.0V,5.2V,13.2V,13.2V,0.0A,0.0A,0.0A,-0.2A,,30.4C,,,,,,,
01/19/15    13:08:38,17 days 15:09:59,0.0V,5.2V,13.2V,13.2V,0.0A,0.0A,0.0A,-0.2A,,30.4C,,,,,,,
01/19/15    13:03:40,17 days 15:05:00,0.0V,5.2V,13.2V,13.2V,0.0A,0.0A,0.0A,-0.2A,,30.5C,,,,,,,
01/19/15    12:58:41,17 days 15:00:00,0.0V,5.2V,13.2V,13.2V,0.0A,0.0A,0.0A,-0.2A,,30.5C,,,,,,,
01/19/15    12:53:43,17 days 14:55:00,0.0V,5.2V,13.2V,13.2V,0.0A,0.0A,0.0A,-0.2A,,30.5C,,,,,,,
01/19/15    12:48:44,17 days 14:50:00,0.0V,5.2V,13.2V,13.2V,0.0A,0.0A,0.0A,0.0A,,30.5C,,,,,,,
01/19/15    12:43:45,17 days 14:45:00,0.0V,5.2V,13.2V,13.2V,0.0A,0.0A,0.0A,-0.2A,,30.5C,,,,,,,
01/19/15    12:38:46,17 days 14:39:59,0.0V,5.2V,13.2V,13.2V,0.0A,0.0A,0.0A,-0.2A,,30.6C,,,,,,,
01/19/15    12:33:48,17 days 14:35:00,0.0V,5.2V,13.2V,13.2V,0.0A,0.0A,0.0A,0.0A,,30.6C,,,,,,,
01/19/15    12:28:49,17 days 14:30:00,0.0V,5.2V,13.2V,13.2V,0.0A,0.0A,0.0A,-0.2A,,30.6C,,,,,,,
01/19/15    12:23:50,17 days 14:25:00,0.0V,5.2V,13.2V,13.2V,0.0A,0.0A,0.0A,-0.2A,,30.7C,,,,,,,
01/19/15    12:18:51,17 days 14:20:00,0.0V,5.2V,13.2V,13.2V,0.0A,0.0A,0.0A,0.0A,,30.7C,,,,,,,
01/19/15    12:13:53,17 days 14:15:00,0.0V,5.2V,13.2V,13.2V,0.0A,0.0A,0.0A,-0.2A,,30.7C,,,,,,,
01/19/15    12:08:54,17 days 14:10:00,0.0V,5.2V,13.2V,13.2V,0.0A,0.0A,0.0A,-0.2A,,30.8C,,,,,,,
01/19/15    12:03:55,17 days 14:04:59,0.0V,5.2V,13.2V,13.2V,0.0A,0.0A,0.0A,-0.2A,,30.8C,,,,,,,
01/19/15    11:58:57,17 days 14:00:00,0.0V,5.2V,13.2V,13.2V,0.0A,0.0A,0.0A,-0.2A,,30.8C,,,,,,,
01/19/15    11:53:58,17 days 13:55:00,0.0V,5.2V,13.2V,13.2V,0.0A,0.0A,0.0A,-0.2A,,30.9C,,,,,,,
01/19/15    11:48:59,17 days 13:49:59,0.0V,5.2V,13.2V,13.2V,0.0A,0.0A,0.0A,-0.2A,,30.9C,,,,,,,
01/19/15    11:44:01,17 days 13:45:00,0.0V,5.2V,13.2V,13.2V,0.0A,0.0A,0.0A,-0.2A,,31.0C,,,,,,,
01/19/15    11:39:02,17 days 13:40:00,0.0V,5.2V,13.2V,13.2V,0.0A,0.0A,0.0A,-0.2A,,31.0C,,,,,,,
01/19/15    11:34:03,17 days 13:34:59,0.0V,5.2V,13.2V,13.2V,0.0A,0.0A,0.0A,-0.2A,,31.0C,,,,,,,
01/19/15    11:29:05,17 days 13:30:00,0.0V,5.2V,13.2V,13.2V,0.0A,0.0A,0.0A,-0.2A,,31.1C,,,,,,,
01/19/15    11:24:06,17 days 13:25:00,0.0V,5.2V,13.2V,13.2V,0.0A,0.0A,0.0A,-0.2A,,31.1C,,,,,,,
01/19/15    11:19:07,17 days 13:19:59,0.0V,5.2V,13.2V,13.2V,0.0A,0.0A,0.0A,-0.2A,,31.1C,,,,,,,
01/19/15    11:14:09,17 days 13:15:00,0.0V,5.2V,13.2V,13.2V,0.0A,0.0A,0.0A,-0.2A,,31.1C,,,,,,,
01/19/15    11:09:10,17 days 13:09:59,0.0V,5.2V,13.2V,13.2V,0.0A,0.0A,0.0A,0.0A,,31.1C,,,,,,,
01/19/15    11:04:12,17 days 13:05:00,0.0V,5.2V,13.2V,13.2V,0.0A,0.0A,0.0A,0.0A,,31.2C,,,,,,,
01/19/15    10:59:13,17 days 13:00:00,0.0V,5.2V,13.2V,13.2V,0.0A,0.0A,0.0A,0.0A,,31.2C,,,,,,,
01/19/15    10:54:14,17 days 12:54:59,0.0V,5.2V,13.2V,13.2V,0.0A,0.0A,0.0A,-0.2A,,31.2C,,,,,,,
01/19/15    10:49:16,17 days 12:50:00,0.0V,5.2V,13.2V,13.2V,0.0A,0.0A,0.0A,-0.2A,,31.2C,,,,,,,
01/19/15    10:44:17,17 days 12:45:00,0.0V,5.2V,13.2V,13.2V,0.0A,0.0A,0.0A,-0.2A,,31.2C,,,,,,,
01/19/15    10:39:18,17 days 12:40:00,0.0V,5.2V,13.2V,13.2V,0.0A,0.0A,0.0A,-0.2A,,31.3C,,,,,,,
01/19/15    10:34:19,17 days 12:34:59,0.1V,5.2V,13.2V,13.2V,0.0A,0.0A,0.0A,0.0A,,31.3C,,,,,,,
01/19/15    10:29:21,17 days 12:30:00,0.4V,5.2V,13.2V,13.2V,0.0A,0.0A,0.0A,-0.2A,,31.4C,,,,,,,
01/19/15    10:24:22,17 days 12:25:00,1.6V,5.2V,13.2V,13.2V,0.0A,0.0A,0.0A,-0.2A,,31.5C,,,,,,,
01/19/15    10:19:23,17 days 12:20:00,4.5V,5.2V,13.2V,13.3V,0.0A,0.0A,0.0A,-0.2A,,31.6C,,,,,,,
01/19/15    10:14:24,17 days 12:14:59,8.8V,5.2V,13.3V,13.3V,0.0A,0.0A,0.0A,0.0A,,31.7C,,,,,,,
01/19/15    10:09:26,17 days 12:10:00,12.1V,5.2V,13.3V,13.3V,0.0A,0.0A,0.0A,-0.2A,,31.8C,,,,,,,
01/19/15    10:04:27,17 days 12:04:59,13.3V,5.2V,13.3V,13.4V,0.0A,0.0A,0.0A,-0.2A,,31.9C,,,,,,,
01/19/15    09:59:29,17 days 12:00:00,13.6V,5.2V,13.4V,13.4V,0.0A,0.0A,0.0A,0.0A,,31.9C,,,,,,,
01/19/15    09:54:30,17 days 11:55:00,14.1V,5.2V,13.6V,13.6V,0.0A,0.0A,0.0A,-0.2A,,31.9C,,,,,,,
01/19/15    09:49:32,17 days 11:50:00,14.3V,5.2V,13.8V,13.8V,0.0A,0.0A,0.0A,0.0A,,32.0C,,,,,,,
01/19/15    09:44:33,17 days 11:45:00,14.6V,5.2V,14.1V,14.1V,0.0A,0.0A,0.0A,-0.2A,,32.0C,,,,,,,
01/19/15    09:39:34,17 days 11:40:00,14.9V,5.2V,14.3V,14.4V,0.0A,0.0A,0.0A,-0.2A,,32.0C,,,,,,,
01/19/15    09:34:35,17 days 11:34:59,18.4V,5.2V,14.3V,14.4V,0.0A,0.0A,0.0A,-0.2A,,32.0C,,,,,,,
01/19/15    09:29:37,17 days 11:30:00,18.7V,5.2V,14.3V,14.4V,0.0A,0.0A,0.0A,0.0A,,32.0C,,,,,,,
01/19/15    09:24:38,17 days 11:25:00,18.9V,5.2V,14.3V,14.4V,0.0A,0.0A,0.0A,-0.2A,,32.0C,,,,,,,
01/19/15    09:19:40,17 days 11:20:00,20.8V,5.2V,14.3V,14.4V,0.0A,0.0A,0.0A,-0.2A,,32.1C,,,,,,,
01/19/15    09:14:41,17 days 11:15:00,20.9V,5.2V,14.3V,14.4V,0.0A,0.0A,0.0A,-0.2A,,32.1C,,,,,,,
01/19/15    09:09:42,17 days 11:10:00,15.5V,5.2V,13.6V,13.6V,0.0A,0.0A,0.0A,-0.2A,,32.1C,,,,,,,
01/19/15    09:04:43,17 days 11:04:59,15.0V,5.2V,13.3V,13.4V,0.0A,0.0A,0.0A,-0.2A,,32.1C,,,,,,,
01/19/15    08:59:45,17 days 11:00:00,13.8V,5.2V,13.2V,13.3V,0.0A,0.0A,0.0A,-0.2A,,32.2C,,,,,,,
01/19/15    08:54:46,17 days 10:55:00,13.7V,5.2V,13.2V,13.3V,0.0A,0.0A,0.0A,-0.2A,,32.2C,,,,,,,
01/19/15    08:49:47,17 days 10:49:59,13.8V,5.2V,13.2V,13.3V,0.0A,0.0A,0.0A,-0.2A,,32.3C,,,,,,,
01/19/15    08:44:49,17 days 10:45:00,13.8V,5.2V,13.3V,13.3V,0.0A,0.0A,0.0A,-0.2A,,32.3C,,,,,,,
01/19/15    08:39:50,17 days 10:40:00,13.8V,5.2V,13.3V,13.3V,0.0A,0.0A,0.0A,-0.2A,,32.4C,,,,,,,
01/19/15    08:34:51,17 days 10:35:00,13.9V,5.2V,13.4V,13.4V,0.0A,0.0A,0.0A,-0.2A,,32.4C,,,,,,,
01/19/15    08:29:53,17 days 10:30:00,14.0V,5.2V,13.5V,13.5V,0.0A,0.0A,0.0A,-0.2A,,32.4C,,,,,,,
01/19/15    08:24:54,17 days 10:25:00,14.1V,5.2V,13.6V,13.6V,0.0A,0.0A,0.0A,-0.2A,,32.5C,,,,,,,
01/19/15    08:19:55,17 days 10:19:59,14.3V,5.2V,13.8V,13.8V,0.0A,0.0A,0.0A,-0.2A,,32.5C,,,,,,,
01/19/15    08:14:57,17 days 10:15:00,14.5V,5.2V,14.0V,14.0V,0.0A,0.0A,0.0A,-0.2A,,32.5C,,,,,,,
01/19/15    08:09:58,17 days 10:10:00,14.6V,5.2V,14.1V,14.1V,0.0A,0.0A,0.0A,-0.2A,,32.6C,,,,,,,
01/19/15    08:05:00,17 days 10:05:00,14.8V,5.2V,14.3V,14.3V,0.0A,0.0A,0.0A,-0.2A,,32.6C,,,,,,,
01/19/15    08:00:01,17 days 10:00:00,18.8V,5.2V,14.3V,14.4V,0.0A,0.0A,0.0A,0.0A,,32.6C,,,,,,,
01/19/15    07:55:02,17 days 09:55:00,19.5V,5.2V,14.3V,14.4V,0.0A,0.0A,0.0A,-0.2A,,32.7C,,,,,,,
01/19/15    07:50:03,17 days 09:49:59,19.1V,5.2V,14.3V,14.4V,0.0A,0.0A,0.0A,-0.2A,,32.7C,,,,,,,
01/19/15    07:45:05,17 days 09:45:00,21.0V,5.2V,14.3V,14.4V,0.0A,0.0A,0.0A,-0.2A,,32.7C,,,,,,,
01/19/15    07:40:06,17 days 09:39:59,20.7V,5.2V,14.3V,14.4V,0.0A,0.0A,0.0A,-0.2A,,32.7C,,,,,,,
01/19/15    07:35:08,17 days 09:35:00,19.7V,5.2V,14.3V,14.4V,0.0A,0.0A,0.0A,-0.2A,,32.7C,,,,,,,
01/19/15    07:30:09,17 days 09:29:59,20.6V,5.2V,14.3V,14.4V,0.0A,0.0A,0.0A,-0.2A,,32.7C,,,,,,,
01/19/15    07:25:11,17 days 09:25:00,19.1V,5.2V,14.3V,14.4V,0.0A,0.0A,0.0A,-0.2A,,32.7C,,,,,,,
01/19/15    07:20:12,17 days 09:20:00,19.2V,5.2V,14.3V,14.4V,0.0A,0.0A,0.0A,-0.2A,,32.7C,,,,,,,
01/19/15    07:15:14,17 days 09:15:00,20.7V,5.2V,14.3V,14.4V,0.0A,0.0A,0.0A,-0.2A,,32.6C,,,,,,,
01/19/15    07:10:15,17 days 09:10:00,21.3V,5.2V,14.3V,14.4V,0.0A,0.0A,0.0A,-0.2A,,32.6C,,,,,,,
01/19/15    07:05:17,17 days 09:05:00,21.7V,5.2V,14.3V,14.4V,0.0A,0.0A,0.0A,-0.2A,,32.6C,,,,,,,
01/19/15    07:00:18,17 days 09:00:00,21.8V,5.2V,14.3V,14.3V,0.0A,0.0A,0.0A,-0.2A,,32.6C,,,,,,,
01/19/15    06:55:20,17 days 08:55:00,19.7V,5.2V,14.3V,14.4V,0.0A,0.0A,0.0A,-0.2A,,32.5C,,,,,,,
01/19/15    06:50:21,17 days 08:50:00,19.5V,5.2V,14.3V,14.4V,0.0A,0.0A,0.0A,0.0A,,32.5C,,,,,,,
01/19/15    06:45:22,17 days 08:44:59,21.0V,5.2V,14.3V,14.4V,0.0A,0.0A,0.0A,-0.2A,,32.5C,,,,,,,
01/19/15    06:40:24,17 days 08:40:00,21.8V,5.2V,14.3V,14.4V,0.0A,0.0A,0.0A,-0.2A,,32.4C,,,,,,,
01/19/15    06:35:25,17 days 08:35:00,19.4V,5.2V,14.3V,14.4V,0.0A,0.0A,0.0A,-0.2A,,32.3C,,,,,,,
01/19/15    06:30:27,17 days 08:30:00,19.2V,5.2V,14.3V,14.4V,0.0A,0.0A,0.0A,-0.2A,,32.2C,,,,,,,
01/19/15    06:25:28,17 days 08:25:00,19.2V,5.2V,14.3V,14.4V,0.0A,0.0A,0.0A,-0.2A,,32.1C,,,,,,,
01/19/15    06:20:30,17 days 08:20:00,18.9V,5.2V,14.3V,14.4V,0.0A,0.0A,0.0A,-0.2A,,31.9C,,,,,,,
01/19/15    06:15:31,17 days 08:15:00,20.2V,5.2V,14.3V,14.4V,0.0A,0.0A,0.0A,-0.2A,,31.9C,,,,,,,
01/19/15    06:10:33,17 days 08:10:00,20.1V,5.2V,14.3V,14.4V,0.0A,0.0A,0.0A,-0.2A,,31.9C,,,,,,,
01/19/15    06:05:34,17 days 08:05:00,20.1V,5.2V,14.3V,14.4V,0.0A,0.0A,0.0A,-0.2A,,31.8C,,,,,,,
01/19/15    06:00:36,17 days 08:00:00,20.2V,5.2V,14.3V,14.4V,0.0A,0.0A,0.0A,-0.2A,,31.8C,,,,,,,
01/19/15    05:55:37,17 days 07:55:00,20.1V,5.2V,14.3V,14.4V,0.0A,0.0A,0.0A,-0.2A,,31.8C,,,,,,,
01/19/15    05:50:39,17 days 07:50:00,20.2V,5.2V,14.3V,14.4V,0.0A,0.0A,0.0A,-0.2A,,31.8C,,,,,,,
01/19/15    05:45:40,17 days 07:45:00,20.0V,5.2V,14.3V,14.4V,0.0A,0.0A,0.0A,-0.2A,,31.8C,,,,,,,
01/19/15    05:40:42,17 days 07:40:00,20.0V,5.2V,14.3V,14.4V,0.0A,0.0A,0.0A,0.0A,,31.8C,,,,,,,
01/19/15    05:35:43,17 days 07:35:00,20.0V,5.2V,14.3V,14.4V,0.0A,0.0A,0.0A,-0.2A,,31.9C,,,,,,,
01/19/15    05:30:45,17 days 07:30:00,20.3V,5.2V,14.3V,14.4V,0.0A,0.0A,0.0A,-0.2A,,31.9C,,,,,,,
01/19/15    05:25:46,17 days 07:25:00,20.1V,5.2V,14.3V,14.4V,0.0A,0.0A,0.0A,-0.2A,,32.0C,,,,,,,
01/19/15    05:20:47,17 days 07:19:59,20.3V,5.2V,14.3V,14.4V,0.0A,0.0A,0.0A,-0.2A,,32.0C,,,,,,,
01/19/15    05:15:49,17 days 07:15:00,20.0V,5.2V,14.3V,14.4V,0.0A,0.0A,0.0A,-0.2A,,32.1C,,,,,,,
01/19/15    05:10:50,17 days 07:10:00,20.0V,5.2V,14.3V,14.4V,0.0A,0.0A,0.0A,-0.2A,,32.1C,,,,,,,
01/19/15    05:05:51,17 days 07:04:59,20.2V,5.2V,14.3V,14.4V,0.0A,0.0A,0.0A,-0.2A,,32.1C,,,,,,,
01/19/15    05:00:53,17 days 07:00:00,20.2V,5.2V,14.3V,14.4V,0.0A,0.0A,0.0A,-0.2A,,32.2C,,,,,,,
01/19/15    04:55:54,17 days 06:54:59,19.9V,5.2V,14.3V,14.4V,0.0A,0.0A,0.0A,0.0A,,32.1C,,,,,,,
01/19/15    04:50:56,17 days 06:50:00,19.2V,5.1V,14.3V,14.3V,0.0A,0.0A,0.0A,-0.2A,,32.0C,,,,,,,
01/19/15    04:45:57,17 days 06:45:00,15.7V,4.7V,14.1V,14.1V,0.6A,0.0A,0.0A,-0.2A,,31.9C,,,,,,,
01/19/15    04:40:59,17 days 06:40:00,15.6V,4.7V,14.0V,14.0V,0.5A,0.0A,0.0A,-0.2A,,31.8C,,,,,,,
01/19/15    04:36:00,17 days 06:35:00,15.4V,4.7V,13.9V,13.9V,0.6A,0.0A,0.0A,-0.2A,,31.7C,,,,,,,
01/19/15    04:31:01,17 days 06:29:59,15.4V,4.7V,13.9V,13.9V,0.6A,0.0A,0.0A,-0.2A,,31.5C,,,,,,,
01/19/15    04:26:02,17 days 06:24:59,15.5V,4.7V,13.8V,13.9V,0.6A,0.0A,0.0A,-0.2A,,31.4C,,,,,,,
01/19/15    04:21:04,17 days 06:20:00,15.5V,4.7V,13.8V,13.8V,0.6A,0.0A,0.0A,-0.2A,,31.4C,,,,,,,
01/19/15    04:16:06,17 days 06:15:00,15.5V,4.7V,13.8V,13.8V,0.6A,0.0A,0.0A,-0.2A,,31.3C,,,,,,,
01/19/15    04:11:07,17 days 06:10:00,15.4V,4.7V,13.8V,13.8V,0.5A,0.0A,0.0A,-0.2A,,31.2C,,,,,,,
01/19/15    04:06:08,17 days 06:05:00,15.5V,4.7V,13.8V,13.8V,0.5A,0.0A,0.0A,-0.2A,,31.1C,,,,,,,
01/19/15    04:01:09,17 days 05:59:59,15.6V,4.7V,13.8V,13.8V,0.4A,0.0A,0.0A,-0.2A,,31.0C,,,,,,,
01/19/15    03:56:11,17 days 05:55:00,15.6V,4.7V,13.7V,13.8V,0.4A,0.0A,0.0A,-0.2A,,30.8C,,,,,,,
01/19/15    03:51:12,17 days 05:50:00,15.8V,4.7V,13.7V,13.7V,0.4A,0.0A,0.0A,-0.2A,,30.7C,,,,,,,
01/19/15    03:46:13,17 days 05:45:00,15.4V,4.7V,13.7V,13.7V,0.4A,0.0A,0.0A,-0.2A,,30.6C,,,,,,,
01/19/15    03:41:14,17 days 05:39:59,15.4V,4.7V,13.7V,13.7V,0.4A,0.0A,0.0A,-0.2A,,30.5C,,,,,,,
01/19/15    03:36:16,17 days 05:35:00,15.4V,4.7V,13.7V,13.7V,0.4A,0.0A,0.0A,-0.2A,,30.4C,,,,,,,
01/19/15    03:31:17,17 days 05:30:00,15.4V,4.7V,13.7V,13.7V,0.4A,0.0A,0.0A,-0.2A,,30.2C,,,,,,,
01/19/15    03:26:19,17 days 05:25:00,16.0V,4.7V,13.7V,13.7V,0.4A,0.0A,0.0A,-0.2A,,30.1C,,,,,,,
01/19/15    03:21:20,17 days 05:20:00,15.3V,4.7V,13.7V,13.7V,0.4A,0.0A,0.0A,-0.2A,,30.0C,,,,,,,
01/19/15    03:16:21,17 days 05:15:00,15.4V,4.7V,13.7V,13.7V,0.4A,0.0A,0.0A,-0.2A,,29.8C,,,,,,,
01/19/15    03:11:22,17 days 05:09:59,15.4V,4.7V,13.6V,13.7V,0.4A,0.0A,0.0A,-0.2A,,29.7C,,,,,,,
01/19/15    03:06:24,17 days 05:05:00,15.2V,4.7V,13.6V,13.7V,0.4A,0.0A,0.0A,-0.2A,,29.5C,,,,,,,
01/19/15    03:01:25,17 days 04:59:59,18.7V,4.7V,13.5V,13.6V,0.4A,0.0A,0.0A,-0.2A,,29.4C,,,,,,,
01/19/15    02:56:27,17 days 04:55:00,15.3V,4.7V,13.6V,13.7V,0.4A,0.0A,0.0A,-0.2A,,29.3C,,,,,,,
01/19/15    02:51:28,17 days 04:50:00,15.4V,4.7V,13.6V,13.6V,0.6A,0.0A,0.0A,-0.2A,,29.2C,,,,,,,
01/19/15    02:46:29,17 days 04:44:59,15.5V,4.7V,13.6V,13.6V,0.6A,0.0A,0.0A,-0.2A,,29.1C,,,,,,,
01/19/15    02:41:30,17 days 04:39:59,15.4V,4.7V,13.6V,13.6V,0.6A,0.0A,0.0A,-0.2A,,28.9C,,,,,,,
01/19/15    02:36:32,17 days 04:35:00,15.4V,4.7V,13.6V,13.6V,0.6A,0.0A,0.0A,-0.2A,,28.8C,,,,,,,
01/19/15    02:31:33,17 days 04:30:00,15.4V,4.7V,13.6V,13.6V,0.6A,0.0A,0.0A,-0.2A,,28.7C,,,,,,,
01/19/15    02:26:34,17 days 04:24:59,15.4V,4.7V,13.6V,13.6V,0.6A,0.0A,0.0A,-0.2A,,28.6C,,,,,,,
01/19/15    02:21:35,17 days 04:19:59,15.4V,4.7V,13.5V,13.6V,0.6A,0.0A,0.0A,-0.2A,,28.5C,,,,,,,
01/19/15    02:16:37,17 days 04:15:00,15.4V,4.7V,13.5V,13.5V,0.6A,0.0A,0.0A,-0.2A,,28.4C,,,,,,,
01/19/15    02:11:38,17 days 04:09:59,15.4V,4.7V,13.5V,13.5V,0.6A,0.0A,0.0A,-0.2A,,28.2C,,,,,,,
01/19/15    02:06:40,17 days 04:05:00,15.4V,4.7V,13.5V,13.5V,0.6A,0.0A,0.0A,-0.2A,,28.1C,,,,,,,
01/19/15    02:01:41,17 days 04:00:00,15.3V,4.7V,13.5V,13.5V,0.6A,0.0A,0.0A,-0.2A,,28.0C,,,,,,,
01/19/15    01:56:42,17 days 03:55:00,15.2V,4.7V,13.5V,13.5V,0.6A,0.0A,0.0A,-0.2A,,27.9C,,,,,,,
01/19/15    01:51:44,17 days 03:50:00,15.2V,4.7V,13.4V,13.5V,0.6A,0.0A,0.0A,-0.2A,,27.7C,,,,,,,
01/19/15    01:46:45,17 days 03:45:00,15.3V,4.7V,13.4V,13.4V,0.6A,0.0A,0.0A,-0.2A,,27.6C,,,,,,,
01/19/15    01:41:46,17 days 03:40:00,15.2V,4.7V,13.4V,13.4V,0.6A,0.0A,0.0A,-0.2A,,27.5C,,,,,,,
01/19/15    01:36:47,17 days 03:35:00,15.2V,4.7V,13.4V,13.4V,0.6A,0.0A,0.0A,-0.2A,,27.4C,,,,,,,
01/19/15    01:31:49,17 days 03:30:00,15.2V,4.7V,13.4V,13.4V,0.6A,0.0A,0.0A,0.0A,,27.3C,,,,,,,
01/19/15    01:26:49,17 days 03:24:59,15.2V,4.7V,13.4V,13.4V,0.6A,0.0A,0.0A,-0.2A,,27.1C,,,,,,,
01/19/15    01:21:51,17 days 03:20:00,15.2V,4.7V,13.3V,13.4V,0.6A,0.0A,0.0A,-0.2A,,27.0C,,,,,,,
01/19/15    01:16:52,17 days 03:15:00,15.2V,4.7V,13.3V,13.3V,0.6A,0.0A,0.0A,-0.2A,,26.9C,,,,,,,
01/19/15    01:11:53,17 days 03:10:00,15.2V,4.7V,13.3V,13.3V,0.6A,0.0A,0.0A,-0.2A,,26.8C,,,,,,,
01/19/15    01:06:54,17 days 03:05:00,15.2V,4.7V,13.3V,13.3V,0.6A,0.0A,0.0A,-0.2A,,26.7C,,,,,,,
01/19/15    01:01:55,17 days 02:59:59,15.2V,4.7V,13.3V,13.3V,0.6A,0.0A,0.0A,-0.2A,,26.5C,,,,,,,
01/19/15    00:56:57,17 days 02:55:00,15.1V,4.7V,13.2V,13.3V,0.6A,0.0A,0.0A,-0.2A,,26.4C,,,,,,,
01/19/15    00:51:58,17 days 02:50:00,15.0V,4.6V,13.2V,13.2V,0.9A,0.0A,0.0A,-0.2A,,26.2C,,,,,,,
01/19/15    00:46:59,17 days 02:44:59,15.0V,4.6V,13.2V,13.2V,0.9A,0.0A,0.0A,-0.2A,,26.1C,,,,,,,
01/19/15    00:42:01,17 days 02:40:00,15.0V,4.6V,13.2V,13.2V,0.9A,0.0A,0.0A,-0.2A,,26.0C,,,,,,,
01/19/15    00:37:02,17 days 02:35:00,15.2V,5.2V,13.3V,13.4V,0.0A,0.0A,0.0A,0.0A,,25.9C,,,,,,,
01/19/15    00:32:03,17 days 02:30:00,15.2V,5.2V,13.3V,13.3V,0.0A,0.0A,0.0A,-0.2A,,25.8C,,,,,,,
01/19/15    00:27:04,17 days 02:24:59,15.1V,5.2V,13.3V,13.3V,0.0A,0.0A,0.0A,-0.2A,,25.8C,,,,,,,
01/19/15    00:22:06,17 days 02:20:00,15.1V,5.2V,13.3V,13.3V,0.0A,0.0A,0.0A,-0.2A,,25.8C,,,,,,,
01/19/15    00:17:06,17 days 02:14:59,15.1V,5.2V,13.2V,13.3V,0.0A,0.0A,0.0A,-0.2A,,25.7C,,,,,,,
01/19/15    00:12:08,17 days 02:10:00,14.9V,5.2V,13.2V,13.2V,0.0A,0.0A,0.0A,-0.2A,,25.7C,,,,,,,
01/19/15    00:07:09,17 days 02:05:00,14.8V,5.2V,13.2V,13.2V,0.0A,0.0A,0.0A,0.0A,,25.7C,,,,,,,
01/19/15    00:02:10,17 days 02:00:00,14.7V,5.2V,13.1V,13.2V,0.0A,0.0A,0.0A,-0.2A,,25.7C,,,,,,,
01/18/15    23:57:11,17 days 01:54:59,20.1V,5.2V,13.1V,13.1V,0.0A,0.0A,0.0A,-0.2A,,25.6C,,,,,,,
01/18/15    23:52:12,17 days 01:49:59,14.7V,5.2V,13.1V,13.1V,0.0A,0.0A,0.0A,0.0A,,25.6C,,,,,,,
01/18/15    23:47:14,17 days 01:45:00,14.6V,5.2V,13.1V,13.1V,0.0A,0.0A,0.0A,-0.2A,,25.6C,,,,,,,
01/18/15    23:42:15,17 days 01:40:00,14.6V,5.2V,13.1V,13.1V,0.0A,0.0A,0.0A,0.0A,,25.6C,,,,,,,
01/18/15    23:37:16,17 days 01:35:00,14.5V,5.2V,13.1V,13.1V,0.0A,0.0A,0.0A,-0.2A,,25.6C,,,,,,,
01/18/15    23:32:17,17 days 01:29:59,14.4V,5.2V,13.0V,13.0V,0.0A,0.0A,0.0A,-0.2A,,25.6C,,,,,,,
01/18/15    23:27:19,17 days 01:25:00,14.3V,4.6V,12.9V,12.9V,0.9A,0.0A,0.0A,-0.2A,,25.5C,,,,,,,
01/18/15    23:22:20,17 days 01:20:00,14.3V,4.7V,12.9V,12.9V,0.6A,0.0A,0.0A,0.0A,,25.4C,,,,,,,
01/18/15    23:17:21,17 days 01:15:00,14.2V,4.7V,12.9V,12.9V,0.6A,0.0A,0.0A,-0.2A,,25.3C,,,,,,,
01/18/15    23:12:22,17 days 01:10:00,14.2V,4.6V,12.8V,12.8V,0.9A,0.0A,0.0A,-0.2A,,25.2C,,,,,,,
01/18/15    23:07:23,17 days 01:04:59,14.2V,4.6V,12.8V,12.8V,0.9A,0.0A,0.0A,-0.2A,,25.2C,,,,,,,
01/18/15    23:02:24,17 days 00:59:59,14.2V,4.6V,12.8V,12.8V,0.9A,0.0A,0.0A,-0.2A,,25.1C,,,,,,,
01/18/15    22:57:26,17 days 00:55:00,14.2V,4.6V,12.8V,12.8V,0.9A,0.0A,0.0A,-0.2A,,25.0C,,,,,,,
01/18/15    22:52:27,17 days 00:50:00,14.1V,4.6V,12.8V,12.9V,0.9A,0.0A,0.0A,-0.2A,,24.9C,,,,,,,
01/18/15    22:47:28,17 days 00:45:00,14.2V,5.2V,13.1V,13.1V,0.0A,0.0A,0.0A,-0.2A,,24.9C,,,,,,,
01/18/15    22:42:29,17 days 00:40:00,14.0V,5.2V,13.1V,13.1V,0.0A,0.0A,0.0A,-0.2A,,24.9C,,,,,,,
01/18/15    22:37:30,17 days 00:34:59,13.9V,5.2V,13.0V,13.1V,0.0A,0.0A,0.0A,-0.2A,,24.9C,,,,,,,
01/18/15    22:32:31,17 days 00:29:59,13.8V,5.2V,13.0V,13.1V,0.0A,0.0A,0.0A,-0.2A,,24.9C,,,,,,,
01/18/15    22:27:33,17 days 00:25:00,13.8V,5.2V,13.0V,13.1V,0.0A,0.0A,0.0A,0.0A,,24.9C,,,,,,,
01/18/15    22:22:34,17 days 00:20:00,13.5V,5.2V,13.0V,13.1V,0.0A,0.0A,0.0A,-0.2A,,24.9C,,,,,,,
01/18/15    22:17:35,17 days 00:15:00,13.6V,5.2V,13.0V,13.1V,0.0A,0.0A,0.0A,0.0A,,24.9C,,,,,,,
01/18/15    22:12:36,17 days 00:09:59,13.6V,5.2V,13.0V,13.1V,0.0A,0.0A,0.0A,-0.2A,,25.0C,,,,,,,
01/18/15    22:07:38,17 days 00:05:00,13.5V,5.2V,13.0V,13.0V,0.0A,0.0A,0.0A,-0.2A,,25.0C,,,,,,,
01/18/15    22:02:39,17 days 00:00:00,13.5V,5.2V,13.0V,13.0V,0.0A,0.0A,0.0A,-0.2A,,25.0C,,,,,,,
01/18/15    21:57:40,16 days 23:55:00,13.5V,5.2V,13.0V,13.0V,0.0A,0.0A,0.0A,-0.2A,,25.0C,,,,,,,
01/18/15    21:52:41,16 days 23:50:00,13.5V,5.2V,13.0V,13.0V,0.0A,0.0A,0.0A,-0.2A,,25.0C,,,,,,,
01/18/15    21:47:42,16 days 23:44:59,13.4V,5.2V,13.0V,13.0V,0.0A,0.0A,0.0A,-0.2A,,25.0C,,,,,,,
01/18/15    21:42:43,16 days 23:39:59,13.3V,5.2V,13.0V,13.0V,0.0A,0.0A,0.0A,-0.2A,,25.1C,,,,,,,
01/18/15    21:37:44,16 days 23:34:59,13.0V,5.2V,13.0V,13.0V,0.0A,0.0A,0.0A,-0.2A,,25.1C,,,,,,,
01/18/15    21:32:46,16 days 23:30:00,8.5V,5.2V,13.0V,13.0V,0.0A,0.0A,0.0A,-0.2A,,25.1C,,,,,,,
01/18/15    21:27:47,16 days 23:25:00,3.8V,5.2V,13.0V,13.0V,0.0A,0.0A,0.0A,-0.2A,,25.2C,,,,,,,
01/18/15    21:22:48,16 days 23:20:00,1.1V,5.2V,13.0V,13.0V,0.0A,0.0A,0.0A,-0.2A,,25.2C,,,,,,,
01/18/15    21:17:49,16 days 23:15:00,0.3V,5.2V,13.0V,13.0V,0.0A,0.0A,0.0A,-0.2A,,25.2C,,,,,,,
01/18/15    21:12:51,16 days 23:10:00,0.0V,5.2V,13.0V,13.0V,0.0A,0.0A,0.0A,-0.2A,,25.2C,,,,,,,
01/18/15    21:07:51,16 days 23:04:59,0.0V,5.2V,13.0V,13.0V,0.0A,0.0A,0.0A,-0.2A,,25.3C,,,,,,,
01/18/15    21:02:53,16 days 23:00:00,0.0V,5.2V,13.0V,13.0V,0.0A,0.0A,0.0A,-0.2A,,25.3C,,,,,,,
01/18/15    20:57:54,16 days 22:55:00,0.0V,5.2V,13.0V,13.0V,0.0A,0.0A,0.0A,-0.2A,,25.3C,,,,,,,
01/18/15    20:52:55,16 days 22:50:00,0.0V,5.2V,13.0V,13.0V,0.0A,0.0A,0.0A,-0.2A,,25.3C,,,,,,,
01/18/15    20:47:56,16 days 22:45:00,0.0V,5.2V,13.0V,13.0V,0.0A,0.0A,0.0A,-0.2A,,25.4C,,,,,,,
01/18/15    20:42:58,16 days 22:40:00,0.0V,5.2V,13.0V,13.0V,0.0A,0.0A,0.0A,-0.2A,,25.4C,,,,,,,
01/18/15    20:37:58,16 days 22:34:59,0.0V,5.2V,13.0V,13.1V,0.0A,0.0A,0.0A,-0.2A,,25.4C,,,,,,,
01/18/15    20:33:00,16 days 22:30:00,0.0V,5.2V,13.0V,13.1V,0.0A,0.0A,0.0A,0.0A,,25.4C,,,,,,,
01/18/15    20:28:01,16 days 22:25:00,0.0V,5.2V,13.0V,13.1V,0.0A,0.0A,0.0A,0.0A,,25.5C,,,,,,,
01/18/15    20:23:02,16 days 22:20:00,0.0V,5.2V,13.0V,13.1V,0.0A,0.0A,0.0A,-0.2A,,25.5C,,,,,,,
01/18/15    20:18:03,16 days 22:15:00,0.0V,5.2V,13.0V,13.1V,0.0A,0.0A,0.0A,-0.2A,,25.5C,,,,,,,
01/18/15    20:13:04,16 days 22:09:59,0.0V,5.2V,13.0V,13.1V,0.0A,0.0A,0.0A,-0.2A,,25.5C,,,,,,,
01/18/15    20:08:05,16 days 22:04:59,0.0V,5.2V,13.0V,13.1V,0.0A,0.0A,0.0A,0.0A,,25.6C,,,,,,,
01/18/15    20:03:07,16 days 22:00:00,0.0V,5.2V,13.0V,13.1V,0.0A,0.0A,0.0A,-0.2A,,25.6C,,,,,,,
01/18/15    19:58:07,16 days 21:54:59,0.0V,5.2V,13.0V,13.1V,0.0A,0.0A,0.0A,-0.2A,,25.6C,,,,,,,
01/18/15    19:53:09,16 days 21:50:00,0.0V,5.2V,13.0V,13.1V,0.0A,0.0A,0.0A,0.0A,,25.7C,,,,,,,
01/18/15    19:48:10,16 days 21:45:00,0.0V,5.2V,13.0V,13.1V,0.0A,0.0A,0.0A,-0.2A,,25.7C,,,,,,,
01/18/15    19:43:11,16 days 21:40:00,0.0V,5.2V,13.0V,13.1V,0.0A,0.0A,0.0A,0.0A,,25.7C,,,,,,,
01/18/15    19:38:12,16 days 21:35:00,0.0V,5.2V,13.0V,13.1V,0.0A,0.0A,0.0A,-0.2A,,25.8C,,,,,,,
01/18/15    19:33:13,16 days 21:30:00,0.0V,5.2V,13.0V,13.1V,0.0A,0.0A,0.0A,-0.2A,,25.8C,,,,,,,
01/18/15    19:28:14,16 days 21:25:00,0.0V,5.2V,13.1V,13.1V,0.0A,0.0A,0.0A,-0.2A,,25.8C,,,,,,,
01/18/15    19:23:15,16 days 21:20:00,0.0V,5.2V,13.1V,13.1V,0.0A,0.0A,0.0A,-0.2A,,25.9C,,,,,,,
01/18/15    19:18:17,16 days 21:15:00,0.0V,5.2V,13.1V,13.1V,0.0A,0.0A,0.0A,-0.2A,,25.9C,,,,,,,
01/18/15    19:13:17,16 days 21:09:59,0.0V,5.2V,13.1V,13.1V,0.0A,0.0A,0.0A,0.0A,,25.9C,,,,,,,
01/18/15    19:08:19,16 days 21:05:00,0.0V,5.2V,13.1V,13.1V,0.0A,0.0A,0.0A,-0.2A,,26.0C,,,,,,,
01/18/15    19:03:20,16 days 21:00:00,0.0V,5.2V,13.1V,13.1V,0.0A,0.0A,0.0A,0.0A,,26.0C,,,,,,,
01/18/15    18:58:21,16 days 20:55:00,0.0V,5.2V,13.1V,13.1V,0.0A,0.0A,0.0A,0.0A,,26.1C,,,,,,,
01/18/15    18:53:22,16 days 20:50:00,0.0V,5.2V,13.1V,13.1V,0.0A,0.0A,0.0A,-0.2A,,26.1C,,,,,,,
01/18/15    18:48:23,16 days 20:45:00,0.0V,5.2V,13.1V,13.1V,0.0A,0.0A,0.0A,0.0A,,26.1C,,,,,,,
01/18/15    18:43:24,16 days 20:40:00,0.0V,5.2V,13.1V,13.1V,0.0A,0.0A,0.0A,-0.2A,,26.2C,,,,,,,
01/18/15    18:38:25,16 days 20:34:59,0.0V,5.2V,13.1V,13.1V,0.0A,0.0A,0.0A,0.0A,,26.2C,,,,,,,
01/18/15    18:33:26,16 days 20:29:59,0.0V,5.2V,13.1V,13.1V,0.0A,0.0A,0.0A,-0.2A,,26.2C,,,,,,,
01/18/15    18:28:28,16 days 20:25:00,0.0V,5.2V,13.1V,13.1V,0.0A,0.0A,0.0A,-0.2A,,26.3C,,,,,,,
01/18/15    18:23:29,16 days 20:20:00,0.0V,5.2V,13.1V,13.1V,0.0A,0.0A,0.0A,-0.2A,,26.3C,,,,,,,
01/18/15    18:18:30,16 days 20:15:00,0.0V,5.2V,13.1V,13.1V,0.0A,0.0A,0.0A,-0.2A,,26.3C,,,,,,,
01/18/15    18:13:31,16 days 20:10:00,0.0V,5.2V,13.1V,13.1V,0.0A,0.0A,0.0A,-0.2A,,26.4C,,,,,,,
01/18/15    18:08:32,16 days 20:05:00,0.0V,5.2V,13.1V,13.1V,0.0A,0.0A,0.0A,-0.2A,,26.4C,,,,,,,
01/18/15    18:03:33,16 days 20:00:00,0.0V,5.2V,13.1V,13.1V,0.0A,0.0A,0.0A,-0.2A,,26.4C,,,,,,,
01/18/15    17:58:34,16 days 19:54:59,0.0V,5.2V,13.1V,13.1V,0.0A,0.0A,0.0A,-0.2A,,26.5C,,,,,,,
01/18/15    17:53:35,16 days 19:49:59,0.0V,5.2V,13.1V,13.1V,0.0A,0.0A,0.0A,0.0A,,26.5C,,,,,,,
01/18/15    17:48:37,16 days 19:45:00,0.0V,5.2V,13.1V,13.1V,0.0A,0.0A,0.0A,-0.2A,,26.5C,,,,,,,
01/18/15    17:43:38,16 days 19:40:00,0.0V,5.2V,13.1V,13.1V,0.0A,0.0A,0.0A,-0.2A,,26.5C,,,,,,,
01/18/15    17:38:39,16 days 19:34:59,0.0V,5.2V,13.1V,13.1V,0.0A,0.0A,0.0A,0.0A,,26.6C,,,,,,,
01/18/15    17:33:40,16 days 19:29:59,0.0V,5.2V,13.1V,13.1V,0.0A,0.0A,0.0A,-0.2A,,26.6C,,,,,,,
01/18/15    17:28:42,16 days 19:25:00,0.0V,5.2V,13.1V,13.1V,0.0A,0.0A,0.0A,0.0A,,26.6C,,,,,,,
01/18/15    17:23:43,16 days 19:20:00,0.0V,5.2V,13.1V,13.1V,0.0A,0.0A,0.0A,-0.2A,,26.6C,,,,,,,
01/18/15    17:18:44,16 days 19:15:00,0.0V,5.2V,13.1V,13.1V,0.0A,0.0A,0.0A,-0.2A,,26.6C,,,,,,,
01/18/15    17:13:45,16 days 19:09:59,0.0V,5.2V,13.1V,13.1V,0.0A,0.0A,0.0A,-0.2A,,26.7C,,,,,,,
01/18/15    17:08:46,16 days 19:04:59,0.0V,5.2V,13.1V,13.1V,0.0A,0.0A,0.0A,-0.2A,,26.7C,,,,,,,
01/18/15    17:03:48,16 days 19:00:00,0.0V,5.2V,13.1V,13.1V,0.0A,0.0A,0.0A,0.0A,,26.7C,,,,,,,
01/18/15    16:58:49,16 days 18:55:00,0.0V,5.2V,13.1V,13.1V,0.0A,0.0A,0.0A,-0.2A,,26.7C,,,,,,,
01/18/15    16:53:50,16 days 18:50:00,0.0V,5.2V,13.1V,13.1V,0.0A,0.0A,0.0A,-0.2A,,26.8C,,,,,,,
01/18/15    16:48:51,16 days 18:44:59,0.0V,5.2V,13.1V,13.1V,0.0A,0.0A,0.0A,-0.2A,,26.8C,,,,,,,
01/18/15    16:43:53,16 days 18:40:00,0.0V,5.2V,13.1V,13.1V,0.0A,0.0A,0.0A,-0.2A,,26.8C,,,,,,,
01/18/15    16:38:54,16 days 18:35:00,0.0V,5.2V,13.1V,13.1V,0.0A,0.0A,0.0A,-0.2A,,26.8C,,,,,,,
01/18/15    16:33:55,16 days 18:30:00,0.0V,5.2V,13.1V,13.1V,0.0A,0.0A,0.0A,-0.2A,,26.8C,,,,,,,
01/18/15    16:28:56,16 days 18:25:00,0.0V,5.2V,13.1V,13.1V,0.0A,0.0A,0.0A,-0.2A,,26.8C,,,,,,,
01/18/15    16:23:57,16 days 18:20:00,0.0V,5.2V,13.1V,13.1V,0.0A,0.0A,0.0A,0.0A,,26.9C,,,,,,,
01/18/15    16:18:58,16 days 18:15:00,0.0V,5.2V,13.1V,13.1V,0.0A,0.0A,0.0A,-0.2A,,26.9C,,,,,,,
01/18/15    16:14:00,16 days 18:10:00,0.0V,5.2V,13.1V,13.2V,0.0A,0.0A,0.0A,-0.2A,,26.9C,,,,,,,
01/18/15    16:09:00,16 days 18:04:59,0.0V,5.2V,13.1V,13.2V,0.0A,0.0A,0.0A,-0.2A,,26.9C,,,,,,,
01/18/15    16:04:02,16 days 18:00:00,0.0V,5.2V,13.1V,13.2V,0.0A,0.0A,0.0A,-0.2A,,26.9C,,,,,,,
01/18/15    15:59:03,16 days 17:55:00,0.0V,5.2V,13.1V,13.2V,0.0A,0.0A,0.0A,-0.2A,,27.0C,,,,,,,
01/18/15    15:54:04,16 days 17:50:00,0.0V,5.2V,13.1V,13.2V,0.0A,0.0A,0.0A,0.0A,,27.0C,,,,,,,
01/18/15    15:49:05,16 days 17:45:00,0.0V,5.2V,13.1V,13.2V,0.0A,0.0A,0.0A,-0.2A,,27.0C,,,,,,,
01/18/15    15:44:06,16 days 17:39:59,0.0V,5.2V,13.2V,13.2V,0.0A,0.0A,0.0A,-0.2A,,27.0C,,,,,,,
01/18/15    15:39:07,16 days 17:34:59,0.0V,5.2V,13.2V,13.2V,0.0A,0.0A,0.0A,-0.2A,,27.0C,,,,,,,
01/18/15    15:34:09,16 days 17:30:00,0.0V,5.2V,13.2V,13.2V,0.0A,0.0A,0.0A,-0.2A,,27.1C,,,,,,,
01/18/15    15:29:10,16 days 17:25:00,0.0V,5.2V,13.2V,13.2V,0.0A,0.0A,0.0A,-0.2A,,27.1C,,,,,,,
01/18/15    15:24:11,16 days 17:20:00,0.0V,5.2V,13.2V,13.2V,0.0A,0.0A,0.0A,0.0A,,27.2C,,,,,,,
01/18/15    15:19:12,16 days 17:15:00,0.0V,5.2V,13.2V,13.2V,0.0A,0.0A,0.0A,0.0A,,27.2C,,,,,,,
01/18/15    15:14:13,16 days 17:09:59,0.0V,5.2V,13.2V,13.2V,0.0A,0.0A,0.0A,-0.2A,,27.3C,,,,,,,
01/18/15    15:09:14,16 days 17:04:59,0.0V,5.2V,13.2V,13.2V,0.0A,0.0A,0.0A,0.0A,,27.3C,,,,,,,
01/18/15    15:04:16,16 days 17:00:00,0.0V,5.2V,13.2V,13.2V,0.0A,0.0A,0.0A,0.0A,,27.3C,,,,,,,
01/18/15    14:59:17,16 days 16:55:00,0.0V,5.2V,13.2V,13.2V,0.0A,0.0A,0.0A,0.0A,,27.3C,,,,,,,
01/18/15    14:54:18,16 days 16:50:00,0.0V,5.2V,13.2V,13.2V,0.0A,0.0A,0.0A,-0.2A,,27.4C,,,,,,,
01/18/15    14:49:20,16 days 16:45:00,0.0V,5.2V,13.2V,13.2V,0.0A,0.0A,0.0A,-0.2A,,27.4C,,,,,,,
01/18/15    14:44:21,16 days 16:40:00,0.0V,5.2V,13.2V,13.2V,0.0A,0.0A,0.0A,-0.2A,,27.4C,,,,,,,
01/18/15    14:39:22,16 days 16:35:00,0.0V,5.2V,13.2V,13.2V,0.0A,0.0A,0.0A,-0.2A,,27.4C,,,,,,,
01/18/15    14:34:23,16 days 16:29:59,0.0V,5.2V,13.2V,13.2V,0.0A,0.0A,0.0A,-0.2A,,27.4C,,,,,,,
01/18/15    14:29:25,16 days 16:25:00,0.0V,5.2V,13.2V,13.2V,0.0A,0.0A,0.0A,-0.2A,,27.5C,,,,,,,
01/18/15    14:24:26,16 days 16:20:00,0.0V,5.2V,13.2V,13.2V,0.0A,0.0A,0.0A,-0.2A,,27.5C,,,,,,,
01/18/15    14:19:27,16 days 16:15:00,0.0V,5.2V,13.2V,13.2V,0.0A,0.0A,0.0A,0.0A,,27.5C,,,,,,,
01/18/15    14:14:28,16 days 16:09:59,0.0V,5.2V,13.2V,13.2V,0.0A,0.0A,0.0A,-0.2A,,27.5C,,,,,,,
01/18/15    14:09:30,16 days 16:05:00,0.0V,5.2V,13.2V,13.2V,0.0A,0.0A,0.0A,-0.2A,,27.5C,,,,,,,
01/18/15    14:04:31,16 days 16:00:00,0.0V,5.2V,13.2V,13.2V,0.0A,0.0A,0.0A,-0.2A,,27.6C,,,,,,,
01/18/15    13:59:32,16 days 15:55:00,0.0V,5.2V,13.2V,13.2V,0.0A,0.0A,0.0A,-0.2A,,27.6C,,,,,,,
01/18/15    13:54:33,16 days 15:49:59,0.0V,5.2V,13.2V,13.2V,0.0A,0.0A,0.0A,-0.2A,,27.6C,,,,,,,
01/18/15    13:49:35,16 days 15:45:00,0.0V,5.2V,13.2V,13.2V,0.0A,0.0A,0.0A,-0.2A,,27.7C,,,,,,,
01/18/15    13:44:36,16 days 15:40:00,0.0V,5.2V,13.2V,13.2V,0.0A,0.0A,0.0A,0.0A,,27.7C,,,,,,,
01/18/15    13:39:37,16 days 15:35:00,0.0V,5.2V,13.2V,13.2V,0.0A,0.0A,0.0A,-0.2A,,27.7C,,,,,,,
01/18/15    13:34:38,16 days 15:30:00,0.0V,5.2V,13.2V,13.2V,0.0A,0.0A,0.0A,-0.2A,,27.7C,,,,,,,
01/18/15    13:29:39,16 days 15:25:00,0.0V,5.2V,13.2V,13.2V,0.0A,0.0A,0.0A,-0.2A,,27.7C,,,,,,,
01/18/15    13:24:40,16 days 15:19:59,0.0V,5.2V,13.2V,13.2V,0.0A,0.0A,0.0A,-0.2A,,27.8C,,,,,,,
01/18/15    13:19:41,16 days 15:14:59,0.0V,5.2V,13.2V,13.2V,0.0A,0.0A,0.0A,0.0A,,27.8C,,,,,,,
01/18/15    13:14:42,16 days 15:09:59,0.0V,5.2V,13.2V,13.2V,0.0A,0.0A,0.0A,0.0A,,27.8C,,,,,,,
01/18/15    13:09:44,16 days 15:05:00,0.0V,5.2V,13.2V,13.2V,0.0A,0.0A,0.0A,-0.2A,,27.8C,,,,,,,
01/18/15    13:04:45,16 days 15:00:00,0.0V,5.2V,13.2V,13.2V,0.0A,0.0A,0.0A,0.0A,,27.9C,,,,,,,
01/18/15    12:59:46,16 days 14:54:59,0.0V,5.2V,13.2V,13.2V,0.0A,0.0A,0.0A,-0.2A,,27.9C,,,,,,,
01/18/15    12:54:47,16 days 14:49:59,0.0V,5.2V,13.2V,13.2V,0.0A,0.0A,0.0A,-0.2A,,27.9C,,,,,,,
01/18/15    12:49:49,16 days 14:45:00,0.0V,5.2V,13.2V,13.2V,0.0A,0.0A,0.0A,-0.2A,,27.9C,,,,,,,
01/18/15    12:44:50,16 days 14:40:00,0.0V,5.2V,13.2V,13.2V,0.0A,0.0A,0.0A,-0.2A,,28.0C,,,,,,,
01/18/15    12:39:51,16 days 14:35:00,0.0V,5.2V,13.2V,13.2V,0.0A,0.0A,0.0A,-0.2A,,28.0C,,,,,,,
01/18/15    12:34:53,16 days 14:30:00,0.0V,5.2V,13.2V,13.2V,0.0A,0.0A,0.0A,0.0A,,28.0C,,,,,,,
01/18/15    12:29:54,16 days 14:25:00,0.0V,5.2V,13.2V,13.2V,0.0A,0.0A,0.0A,-0.2A,,28.1C,,,,,,,
01/18/15    12:24:55,16 days 14:20:00,0.0V,5.2V,13.2V,13.2V,0.0A,0.0A,0.0A,-0.2A,,28.1C,,,,,,,
01/18/15    12:19:56,16 days 14:15:00,0.0V,5.2V,13.2V,13.2V,0.0A,0.0A,0.0A,-0.2A,,28.2C,,,,,,,
01/18/15    12:14:58,16 days 14:10:00,0.0V,5.2V,13.2V,13.2V,0.0A,0.0A,0.0A,-0.2A,,28.2C,,,,,,,
01/18/15    12:09:59,16 days 14:05:00,0.0V,5.2V,13.2V,13.2V,0.0A,0.0A,0.0A,-0.2A,,28.2C,,,,,,,
01/18/15    12:05:00,16 days 14:00:00,0.0V,5.2V,13.2V,13.2V,0.0A,0.0A,0.0A,0.0A,,28.3C,,,,,,,
01/18/15    12:00:01,16 days 13:54:59,0.0V,5.2V,13.2V,13.2V,0.0A,0.0A,0.0A,-0.2A,,28.3C,,,,,,,
