01/22/15    18:02:08,20 days 17:55:00,0.0V,4.8V,12.6V,12.5V,0.3A,0.0A,0.0A,-0.2A,,26.2C,,,,,,,
01/22/15    17:57:07,20 days 17:49:59,0.0V,4.7V,12.6V,12.5V,0.3A,0.0A,0.0A,0.0A,,26.2C,,,,,,,
01/22/15    17:52:07,20 days 17:44:59,0.0V,4.8V,12.6V,12.5V,0.3A,0.0A,0.0A,-0.2A,,26.2C,,,,,,,
01/22/15    17:47:07,20 days 17:39:59,0.0V,4.8V,12.6V,12.5V,0.3A,0.0A,0.0A,0.0A,,26.3C,,,,,,,
01/22/15    17:42:07,20 days 17:34:59,0.0V,4.8V,12.6V,12.5V,0.3A,0.0A,0.0A,-0.2A,,26.3C,,,,,,,
01/22/15    17:37:07,20 days 17:30:00,0.0V,4.8V,12.6V,12.5V,0.3A,0.0A,0.0A,-0.2A,,26.3C,,,,,,,
01/22/15    17:32:07,20 days 17:25:00,0.0V,4.7V,12.6V,12.5V,0.3A,0.0A,0.0A,0.0A,,26.4C,,,,,,,
01/22/15    17:27:07,20 days 17:20:00,0.0V,4.7V,12.6V,12.5V,0.4A,0.0A,0.0A,-0.2A,,26.4C,,,,,,,
01/22/15    17:22:07,20 days 17:15:00,0.0V,4.7V,12.6V,12.5V,0.4A,0.0A,0.0A,-0.2A,,26.4C,,,,,,,
01/22/15    17:17:07,20 days 17:10:00,0.0V,4.7V,12.6V,12.5V,0.4A,0.0A,0.0A,-0.2A,,26.4C,,,,,,,
01/22/15    17:12:07,20 days 17:05:00,0.0V,4.7V,12.6V,12.6V,0.4A,0.0A,0.0A,0.0A,,26.4C,,,,,,,
01/22/15    17:07:07,20 days 17:00:00,0.0V,4.7V,12.6V,12.6V,0.4A,0.0A,0.0A,-0.2A,,26.5C,,,,,,,
01/22/15    17:02:07,20 days 16:55:00,0.0V,4.7V,12.6V,12.6V,0.5A,0.0A,0.0A,-0.2A,,26.5C,,,,,,,
01/22/15    16:57:07,20 days 16:50:00,0.0V,4.7V,12.6V,12.6V,0.5A,0.0A,0.0A,-0.2A,,26.5C,,,,,,,
01/22/15    16:52:06,20 days 16:44:59,0.1V,4.7V,12.6V,12.5V,0.6A,0.0A,0.0A,-0.2A,,26.5C,,,,,,,
01/22/15    16:47:06,20 days 16:40:00,0.1V,4.7V,12.6V,12.6V,0.6A,0.0A,0.0A,-0.2A,,26.5C,,,,,,,
01/22/15    16:42:06,20 days 16:35:00,0.1V,4.7V,12.6V,12.6V,0.6A,0.0A,0.0A,-0.2A,,26.6C,,,,,,,
01/22/15    16:37:06,20 days 16:30:00,0.1V,4.7V,12.6V,12.6V,0.6A,0.0A,0.0A,-0.2A,,26.6C,,,,,,,
01/22/15    16:32:06,20 days 16:25:00,0.1V,4.7V,12.6V,12.6V,0.6A,0.0A,0.0A,-0.2A,,26.6C,,,,,,,
01/22/15    16:27:06,20 days 16:20:00,0.1V,4.7V,12.6V,12.6V,0.6A,0.0A,0.0A,-0.2A,,26.6C,,,,,,,
01/22/15    16:22:05,20 days 16:14:59,0.1V,4.7V,12.6V,12.6V,0.6A,0.0A,0.0A,-0.2A,,26.6C,,,,,,,
01/22/15    16:17:06,20 days 16:10:00,0.1V,4.7V,12.6V,12.6V,0.6A,0.0A,0.0A,-0.2A,,26.6C,,,,,,,
01/22/15    16:12:05,20 days 16:04:59,0.1V,4.7V,12.6V,12.6V,0.6A,0.0A,0.0A,0.0A,,26.7C,,,,,,,
01/22/15    16:07:06,20 days 16:00:00,0.1V,4.7V,12.6V,12.6V,0.6A,0.0A,0.0A,-0.2A,,26.7C,,,,,,,
01/22/15    16:02:05,20 days 15:54:59,0.1V,4.7V,12.6V,12.6V,0.6A,0.0A,0.0A,-0.2A,,26.7C,,,,,,,
01/22/15    15:57:05,20 days 15:49:59,0.1V,4.7V,12.7V,12.6V,0.6A,0.0A,0.0A,-0.2A,,26.7C,,,,,,,
01/22/15    15:52:05,20 days 15:45:00,0.1V,4.7V,12.7V,12.6V,0.6A,0.0A,0.0A,-0.2A,,26.7C,,,,,,,
01/22/15    15:47:05,20 days 15:40:00,0.1V,4.7V,12.7V,12.6V,0.6A,0.0A,0.0A,-0.2A,,26.7C,,,,,,,
01/22/15    15:42:05,20 days 15:35:00,0.1V,4.7V,12.7V,12.6V,0.7A,0.0A,0.0A,-0.2A,,26.8C,,,,,,,
01/22/15    15:37:05,20 days 15:30:00,0.1V,4.7V,12.7V,12.7V,0.7A,0.0A,0.0A,-0.2A,,26.8C,,,,,,,
01/22/15    15:32:04,20 days 15:24:59,0.1V,4.7V,12.7V,12.7V,0.7A,0.0A,0.0A,-0.2A,,26.8C,,,,,,,
01/22/15    15:27:05,20 days 15:20:00,0.1V,4.7V,12.7V,12.7V,0.7A,0.0A,0.0A,-0.2A,,26.8C,,,,,,,
01/22/15    15:22:04,20 days 15:14:59,0.1V,4.7V,12.7V,12.7V,0.7A,0.0A,0.0A,-0.2A,,26.8C,,,,,,,
01/22/15    15:17:04,20 days 15:09:59,0.1V,4.7V,12.7V,12.7V,0.7A,0.0A,0.0A,-0.2A,,26.8C,,,,,,,
01/22/15    15:12:04,20 days 15:04:59,0.1V,4.7V,12.7V,12.7V,0.7A,0.0A,0.0A,-0.2A,,26.8C,,,,,,,
01/22/15    15:07:04,20 days 15:00:00,0.1V,4.7V,12.7V,12.7V,0.7A,0.0A,0.0A,-0.2A,,26.9C,,,,,,,
01/22/15    15:02:04,20 days 14:55:00,0.1V,4.7V,12.7V,12.7V,0.7A,0.0A,0.0A,-0.2A,,26.9C,,,,,,,
01/22/15    14:57:04,20 days 14:50:00,0.1V,4.7V,12.7V,12.7V,0.7A,0.0A,0.0A,-0.2A,,26.9C,,,,,,,
01/22/15    14:52:04,20 days 14:45:00,0.1V,4.7V,12.7V,12.7V,0.7A,0.0A,0.0A,-0.2A,,26.9C,,,,,,,
01/22/15    14:47:04,20 days 14:40:00,0.1V,4.7V,12.7V,12.7V,0.7A,0.0A,0.0A,-0.2A,,26.9C,,,,,,,
01/22/15    14:42:04,20 days 14:35:00,0.1V,4.7V,12.7V,12.7V,0.7A,0.0A,0.0A,-0.2A,,27.0C,,,,,,,
01/22/15    14:37:03,20 days 14:29:59,0.1V,4.7V,12.7V,12.7V,0.8A,0.0A,0.0A,-0.2A,,27.0C,,,,,,,
01/22/15    14:32:04,20 days 14:25:00,0.1V,4.7V,12.7V,12.7V,0.8A,0.0A,0.0A,-0.2A,,27.0C,,,,,,,
01/22/15    14:27:03,20 days 14:19:59,0.1V,4.7V,12.7V,12.7V,0.8A,0.0A,0.0A,-0.2A,,27.0C,,,,,,,
01/22/15    14:22:03,20 days 14:14:59,0.1V,4.7V,12.7V,12.7V,0.8A,0.0A,0.0A,-0.2A,,27.1C,,,,,,,
01/22/15    14:17:03,20 days 14:10:00,0.1V,4.7V,12.7V,12.7V,0.8A,0.0A,0.0A,-0.2A,,27.1C,,,,,,,
01/22/15    14:12:03,20 days 14:05:00,0.1V,4.8V,12.8V,12.8V,0.4A,0.0A,0.0A,-0.2A,,27.1C,,,,,,,
01/22/15    14:07:03,20 days 14:00:00,0.1V,4.8V,12.8V,12.8V,0.3A,0.0A,0.0A,0.0A,,27.1C,,,,,,,
01/22/15    14:02:03,20 days 13:55:00,0.1V,4.7V,12.8V,12.7V,0.8A,0.0A,0.0A,-0.2A,,27.2C,,,,,,,
01/22/15    13:57:03,20 days 13:50:00,0.1V,4.7V,12.8V,12.7V,0.8A,0.0A,0.0A,-0.2A,,27.2C,,,,,,,
01/22/15    13:52:03,20 days 13:45:00,0.1V,4.7V,12.8V,12.7V,0.8A,0.0A,0.0A,-0.2A,,27.2C,,,,,,,
01/22/15    13:47:02,20 days 13:39:59,0.1V,4.7V,12.8V,12.7V,0.8A,0.0A,0.0A,-0.2A,,27.2C,,,,,,,
01/22/15    13:42:02,20 days 13:34:59,0.1V,4.7V,12.8V,12.7V,0.8A,0.0A,0.0A,0.0A,,27.2C,,,,,,,
01/22/15    13:37:02,20 days 13:29:59,0.1V,4.7V,12.8V,12.7V,0.9A,0.0A,0.0A,-0.2A,,27.2C,,,,,,,
01/22/15    13:32:02,20 days 13:25:00,0.1V,4.7V,12.8V,12.7V,0.9A,0.0A,0.0A,0.0A,,27.2C,,,,,,,
01/22/15    13:27:02,20 days 13:20:00,0.1V,4.7V,12.8V,12.7V,0.9A,0.0A,0.0A,-0.2A,,27.3C,,,,,,,
01/22/15    13:22:02,20 days 13:15:00,0.1V,4.7V,12.8V,12.7V,0.9A,0.0A,0.0A,-0.2A,,27.3C,,,,,,,
01/22/15    13:17:02,20 days 13:10:00,0.1V,4.7V,12.8V,12.8V,0.9A,0.0A,0.0A,-0.2A,,27.3C,,,,,,,
01/22/15    13:12:02,20 days 13:05:00,0.1V,4.7V,12.8V,12.8V,0.9A,0.0A,0.0A,-0.2A,,27.3C,,,,,,,
01/22/15    13:07:02,20 days 13:00:00,0.1V,4.7V,12.8V,12.8V,0.9A,0.0A,0.0A,-0.2A,,27.3C,,,,,,,
01/22/15    13:02:02,20 days 12:55:00,0.1V,4.7V,12.8V,12.8V,0.9A,0.0A,0.0A,-0.2A,,27.3C,,,,,,,
01/22/15    12:57:02,20 days 12:50:00,0.1V,4.6V,12.8V,12.8V,0.9A,0.0A,0.0A,-0.2A,,27.3C,,,,,,,
01/22/15    12:52:02,20 days 12:45:00,0.1V,4.6V,12.8V,12.8V,0.9A,0.0A,0.0A,-0.2A,,27.3C,,,,,,,
01/22/15    12:47:02,20 days 12:40:00,0.1V,4.6V,12.8V,12.8V,0.9A,0.0A,0.0A,-0.2A,,27.3C,,,,,,,
01/22/15    12:42:02,20 days 12:35:00,0.1V,4.6V,12.8V,12.8V,0.9A,0.0A,0.0A,-0.2A,,27.3C,,,,,,,
01/22/15    12:37:02,20 days 12:30:00,0.1V,4.8V,12.9V,12.9V,0.0A,0.0A,0.0A,-0.2A,,27.2C,,,,,,,
01/22/15    12:32:02,20 days 12:25:00,0.1V,4.6V,12.8V,12.8V,1.0A,0.0A,0.0A,-0.2A,,27.2C,,,,,,,
01/22/15    12:27:02,20 days 12:20:00,0.1V,4.6V,12.8V,12.8V,1.0A,0.0A,0.0A,-0.2A,,27.2C,,,,,,,
01/22/15    12:22:01,20 days 12:14:59,0.1V,4.6V,12.8V,12.8V,1.0A,0.0A,0.0A,-0.2A,,27.2C,,,,,,,
01/22/15    12:17:02,20 days 12:10:00,0.1V,4.6V,12.8V,12.8V,1.0A,0.0A,0.0A,0.0A,,27.1C,,,,,,,
01/22/15    12:12:01,20 days 12:04:59,0.1V,4.6V,12.8V,12.8V,1.0A,0.0A,0.0A,-0.2A,,27.1C,,,,,,,
01/22/15    12:07:02,20 days 12:00:00,0.1V,4.6V,12.8V,12.8V,0.9A,0.0A,0.0A,-0.2A,,27.0C,,,,,,,
01/22/15    12:02:01,20 days 11:54:59,0.1V,4.8V,12.9V,12.9V,0.2A,0.0A,0.0A,-0.2A,,27.0C,,,,,,,
01/22/15    11:57:01,20 days 11:49:59,0.1V,4.7V,12.9V,12.8V,0.8A,0.0A,0.0A,-0.2A,,26.9C,,,,,,,
01/22/15    11:52:01,20 days 11:44:59,0.1V,4.7V,12.9V,12.8V,0.7A,0.0A,0.0A,0.0A,,26.9C,,,,,,,
01/22/15    11:47:01,20 days 11:39:59,0.1V,4.6V,12.8V,12.8V,0.9A,0.0A,0.0A,-0.2A,,26.9C,,,,,,,
01/22/15    11:42:01,20 days 11:35:00,0.0V,4.6V,12.7V,12.7V,0.9A,0.0A,0.3A,-0.2A,,26.8C,,,,,,,
01/22/15    11:37:01,20 days 11:30:00,0.0V,5.2V,12.9V,12.9V,0.0A,0.0A,0.2A,-0.2A,,26.9C,,,,,,,
01/22/15    11:32:01,20 days 11:25:00,0.0V,5.2V,12.9V,12.9V,0.0A,0.0A,0.2A,-0.2A,,26.9C,,,,,,,
01/22/15    11:27:01,20 days 11:20:00,0.0V,5.2V,12.9V,12.9V,0.0A,0.0A,0.2A,-0.2A,,26.9C,,,,,,,
01/22/15    11:22:01,20 days 11:15:00,0.0V,5.2V,12.9V,12.9V,0.0A,0.0A,0.2A,-0.2A,,26.9C,,,,,,,
01/22/15    11:17:01,20 days 11:10:00,0.0V,5.2V,12.9V,12.9V,0.0A,0.0A,0.2A,-0.2A,,27.0C,,,,,,,
01/22/15    11:12:01,20 days 11:05:00,0.0V,5.2V,12.8V,12.8V,0.0A,0.1A,0.2A,-0.2A,,27.0C,,,,,,,
01/22/15    11:07:01,20 days 11:00:00,0.1V,5.2V,12.8V,12.8V,0.0A,0.1A,0.2A,-0.2A,,27.0C,,,,,,,
01/22/15    11:02:01,20 days 10:55:00,0.1V,4.7V,12.6V,12.6V,0.9A,0.1A,0.3A,-0.2A,,26.9C,,,,,,,
01/22/15    10:57:01,20 days 10:50:00,0.0V,4.7V,12.6V,12.6V,0.9A,0.1A,0.3A,0.0A,,26.9C,,,,,,,
01/22/15    10:52:01,20 days 10:45:00,0.0V,5.2V,12.8V,12.8V,0.0A,0.1A,0.2A,-0.2A,,27.0C,,,,,,,
01/22/15    10:47:01,20 days 10:40:00,0.0V,5.2V,12.8V,12.8V,0.0A,0.1A,0.2A,-0.2A,,27.0C,,,,,,,
01/22/15    10:42:01,20 days 10:35:00,0.0V,5.2V,12.8V,12.8V,0.0A,0.1A,0.2A,0.0A,,27.0C,,,,,,,
01/22/15    10:37:01,20 days 10:30:00,0.0V,5.2V,12.8V,12.8V,0.0A,0.1A,0.2A,-0.2A,,27.0C,,,,,,,
01/22/15    10:32:01,20 days 10:25:00,0.0V,5.2V,12.8V,12.8V,0.0A,0.1A,0.3A,-0.2A,,27.1C,,,,,,,
01/22/15    10:27:01,20 days 10:20:00,0.0V,5.2V,12.8V,12.8V,0.0A,0.1A,0.3A,-0.2A,,27.1C,,,,,,,
01/22/15    10:22:01,20 days 10:15:00,0.0V,5.2V,13.0V,13.0V,0.0A,0.1A,0.0A,-0.2A,,27.1C,,,,,,,
01/22/15    10:17:01,20 days 10:10:00,0.0V,5.2V,13.0V,13.0V,0.0A,0.1A,0.0A,-0.2A,,27.2C,,,,,,,
01/22/15    10:12:01,20 days 10:05:00,0.0V,5.2V,13.0V,13.0V,0.0A,0.1A,0.0A,-0.2A,,27.2C,,,,,,,
01/22/15    10:07:01,20 days 09:59:59,0.0V,5.2V,13.0V,13.0V,0.0A,0.1A,0.0A,-0.2A,,27.2C,,,,,,,
01/22/15    10:02:02,20 days 09:55:00,0.0V,5.2V,13.0V,13.0V,0.0A,0.1A,0.0A,0.0A,,27.2C,,,,,,,
01/22/15    09:57:01,20 days 09:49:59,0.0V,5.2V,13.0V,13.0V,0.0A,0.1A,0.0A,0.0A,,27.3C,,,,,,,
01/22/15    09:52:02,20 days 09:45:00,0.0V,5.2V,13.0V,13.0V,0.0A,0.1A,0.0A,0.0A,,27.3C,,,,,,,
01/22/15    09:47:01,20 days 09:39:59,0.1V,5.2V,13.0V,13.0V,0.0A,0.1A,0.0A,-0.2A,,27.3C,,,,,,,
01/22/15    09:42:02,20 days 09:35:00,0.2V,5.2V,13.0V,13.0V,0.0A,0.1A,0.0A,-0.2A,,27.4C,,,,,,,
01/22/15    09:37:01,20 days 09:29:59,0.4V,5.2V,13.0V,13.0V,0.0A,0.1A,0.0A,-0.2A,,27.4C,,,,,,,
01/22/15    09:32:02,20 days 09:25:00,1.0V,5.2V,13.0V,13.0V,0.0A,0.1A,0.0A,-0.2A,,27.5C,,,,,,,
01/22/15    09:27:01,20 days 09:19:59,2.3V,5.2V,13.0V,13.0V,0.0A,0.1A,0.0A,-0.2A,,27.5C,,,,,,,
01/22/15    09:22:01,20 days 09:14:59,6.7V,5.2V,13.0V,13.0V,0.0A,0.1A,0.0A,0.0A,,27.5C,,,,,,,
01/22/15    09:17:01,20 days 09:10:00,12.5V,5.2V,13.0V,13.0V,0.0A,0.1A,0.0A,-0.2A,,27.6C,,,,,,,
01/22/15    09:12:01,20 days 09:05:00,13.2V,5.2V,13.0V,13.0V,0.0A,0.1A,0.0A,-0.2A,,27.6C,,,,,,,
01/22/15    09:07:01,20 days 09:00:00,14.3V,5.2V,13.1V,13.1V,0.0A,0.0A,0.0A,0.0A,,27.7C,,,,,,,
01/22/15    09:02:01,20 days 08:55:00,13.6V,5.2V,13.1V,13.1V,0.0A,0.0A,0.0A,-0.2A,,27.7C,,,,,,,
01/22/15    08:57:01,20 days 08:50:00,13.6V,5.2V,13.1V,13.1V,0.0A,0.0A,0.0A,-0.2A,,27.7C,,,,,,,
01/22/15    08:52:01,20 days 08:45:00,13.6V,5.2V,13.1V,13.1V,0.0A,0.0A,0.0A,0.0A,,27.8C,,,,,,,
01/22/15    08:47:01,20 days 08:40:00,14.2V,5.2V,13.2V,13.1V,0.0A,0.0A,0.0A,0.0A,,27.8C,,,,,,,
01/22/15    08:42:01,20 days 08:35:00,13.6V,5.2V,13.2V,13.1V,0.0A,0.0A,0.0A,0.0A,,27.8C,,,,,,,
01/22/15    08:37:00,20 days 08:29:59,13.6V,5.2V,13.2V,13.1V,0.0A,0.0A,0.0A,-0.2A,,27.9C,,,,,,,
01/22/15    08:32:01,20 days 08:25:00,13.7V,5.2V,13.2V,13.2V,0.0A,0.0A,0.0A,-0.2A,,27.9C,,,,,,,
01/22/15    08:27:00,20 days 08:19:59,13.9V,5.2V,13.2V,13.2V,0.0A,0.0A,0.0A,-0.2A,,27.9C,,,,,,,
01/22/15    08:22:00,20 days 08:14:59,14.0V,5.2V,13.2V,13.2V,0.0A,0.0A,0.0A,-0.2A,,27.9C,,,,,,,
01/22/15    08:17:01,20 days 08:10:00,14.1V,5.2V,13.2V,13.2V,0.0A,0.0A,0.0A,-0.2A,,27.9C,,,,,,,
01/22/15    08:12:00,20 days 08:04:59,14.1V,5.2V,13.2V,13.2V,0.0A,0.0A,0.0A,-0.2A,,27.9C,,,,,,,
01/22/15    08:07:01,20 days 08:00:00,14.2V,5.2V,13.2V,13.2V,0.0A,0.0A,0.0A,0.0A,,28.0C,,,,,,,
01/22/15    08:02:00,20 days 07:55:00,14.2V,5.2V,13.2V,13.2V,0.0A,0.0A,0.0A,-0.2A,,28.0C,,,,,,,
01/22/15    07:57:00,20 days 07:50:00,14.3V,5.2V,13.2V,13.2V,0.0A,0.0A,0.0A,-0.2A,,28.0C,,,,,,,
01/22/15    07:52:00,20 days 07:45:00,14.6V,5.2V,13.2V,13.2V,0.0A,0.0A,0.0A,-0.2A,,28.0C,,,,,,,
01/22/15    07:47:00,20 days 07:40:00,15.0V,5.2V,13.3V,13.2V,0.0A,0.0A,0.0A,-0.2A,,28.0C,,,,,,,
01/22/15    07:42:00,20 days 07:35:00,14.7V,5.2V,13.3V,13.2V,0.0A,0.0A,0.0A,-0.2A,,28.0C,,,,,,,
01/22/15    07:37:00,20 days 07:30:00,14.8V,5.2V,13.3V,13.2V,0.0A,0.0A,0.0A,-0.2A,,28.0C,,,,,,,
01/22/15    07:32:00,20 days 07:25:00,14.8V,5.2V,13.3V,13.2V,0.0A,0.0A,0.0A,-0.2A,,28.0C,,,,,,,
01/22/15    07:27:00,20 days 07:20:00,14.9V,5.2V,13.3V,13.3V,0.0A,0.0A,0.0A,-0.2A,,28.0C,,,,,,,
01/22/15    07:22:00,20 days 07:15:00,14.9V,5.2V,13.3V,13.3V,0.0A,0.0A,0.0A,0.0A,,28.0C,,,,,,,
01/22/15    07:17:00,20 days 07:10:00,15.0V,5.2V,13.3V,13.3V,0.0A,0.0A,0.0A,-0.2A,,28.0C,,,,,,,
01/22/15    07:12:00,20 days 07:05:00,14.9V,5.2V,13.3V,13.3V,0.0A,0.0A,0.0A,-0.2A,,27.9C,,,,,,,
01/22/15    07:07:00,20 days 07:00:00,15.0V,5.2V,13.3V,13.3V,0.0A,0.0A,0.0A,-0.2A,,27.9C,,,,,,,
01/22/15    07:02:00,20 days 06:55:00,15.0V,5.2V,13.4V,13.4V,0.0A,0.0A,0.0A,-0.2A,,27.9C,,,,,,,
01/22/15    06:57:00,20 days 06:50:00,15.0V,5.2V,13.4V,13.4V,0.0A,0.0A,0.0A,-0.2A,,27.9C,,,,,,,
01/22/15    06:51:59,20 days 06:44:59,15.1V,5.2V,13.4V,13.4V,0.0A,0.0A,0.0A,-0.2A,,27.9C,,,,,,,
01/22/15    06:47:00,20 days 06:40:00,15.1V,5.2V,13.5V,13.4V,0.0A,0.0A,0.0A,-0.2A,,27.9C,,,,,,,
01/22/15    06:41:59,20 days 06:34:59,15.3V,5.2V,13.5V,13.5V,0.0A,0.0A,0.0A,-0.2A,,27.9C,,,,,,,
01/22/15    06:36:59,20 days 06:30:00,15.4V,5.2V,13.5V,13.5V,0.0A,0.0A,0.0A,-0.2A,,27.8C,,,,,,,
01/22/15    06:31:59,20 days 06:25:00,15.5V,5.2V,13.5V,13.5V,0.0A,0.0A,0.0A,-0.2A,,27.8C,,,,,,,
01/22/15    06:26:59,20 days 06:20:00,15.5V,5.2V,13.5V,13.5V,0.0A,0.0A,0.0A,-0.2A,,27.8C,,,,,,,
01/22/15    06:21:59,20 days 06:15:00,15.4V,5.2V,13.6V,13.5V,0.0A,0.0A,0.0A,-0.2A,,27.8C,,,,,,,
01/22/15    06:16:59,20 days 06:10:00,15.4V,5.2V,13.6V,13.5V,0.0A,0.0A,0.0A,-0.2A,,27.7C,,,,,,,
01/22/15    06:11:59,20 days 06:05:00,15.4V,5.2V,13.6V,13.6V,0.0A,0.0A,0.0A,-0.2A,,27.7C,,,,,,,
01/22/15    06:06:59,20 days 06:00:00,15.4V,5.2V,13.6V,13.6V,0.0A,0.0A,0.0A,-0.2A,,27.7C,,,,,,,
01/22/15    06:01:59,20 days 05:55:00,15.4V,5.2V,13.6V,13.6V,0.0A,0.0A,0.0A,-0.2A,,27.6C,,,,,,,
01/22/15    05:56:59,20 days 05:50:00,15.4V,5.2V,13.6V,13.6V,0.0A,0.0A,0.0A,-0.2A,,27.6C,,,,,,,
01/22/15    05:51:59,20 days 05:45:00,15.4V,5.2V,13.6V,13.6V,0.0A,0.0A,0.0A,-0.2A,,27.6C,,,,,,,
01/22/15    05:46:59,20 days 05:40:00,15.4V,5.2V,13.6V,13.6V,0.0A,0.0A,0.0A,-0.2A,,27.5C,,,,,,,
01/22/15    05:41:59,20 days 05:35:00,15.3V,5.2V,13.6V,13.6V,0.0A,0.0A,0.0A,-0.2A,,27.5C,,,,,,,
01/22/15    05:36:58,20 days 05:29:59,15.3V,5.2V,13.6V,13.6V,0.0A,0.0A,0.0A,0.0A,,27.4C,,,,,,,
01/22/15    05:31:59,20 days 05:25:00,15.4V,5.2V,13.6V,13.6V,0.0A,0.0A,0.0A,-0.2A,,27.3C,,,,,,,
01/22/15    05:26:58,20 days 05:19:59,16.5V,4.7V,13.5V,13.5V,0.4A,0.0A,0.0A,-0.2A,,27.2C,,,,,,,
01/22/15    05:21:58,20 days 05:15:00,15.4V,4.7V,13.6V,13.5V,0.4A,0.0A,0.0A,-0.2A,,27.1C,,,,,,,
01/22/15    05:16:58,20 days 05:10:00,20.3V,4.7V,13.4V,13.3V,0.4A,0.0A,0.0A,-0.2A,,27.0C,,,,,,,
01/22/15    05:11:58,20 days 05:05:00,20.5V,4.7V,13.3V,13.3V,0.5A,0.0A,0.0A,-0.2A,,26.9C,,,,,,,
01/22/15    05:06:58,20 days 05:00:00,15.4V,4.8V,13.7V,13.6V,0.0A,0.0A,0.0A,0.0A,,26.8C,,,,,,,
01/22/15    05:01:58,20 days 04:55:00,15.3V,4.8V,13.7V,13.6V,0.0A,0.0A,0.0A,-0.2A,,26.7C,,,,,,,
01/22/15    04:56:58,20 days 04:50:00,15.3V,4.8V,13.7V,13.6V,0.0A,0.0A,0.0A,-0.2A,,26.6C,,,,,,,
01/22/15    04:51:58,20 days 04:45:00,15.4V,4.8V,13.7V,13.7V,0.0A,0.0A,0.0A,0.0A,,26.5C,,,,,,,
01/22/15    04:46:58,20 days 04:40:00,19.2V,4.8V,13.5V,13.5V,0.3A,0.0A,0.0A,-0.2A,,26.5C,,,,,,,
01/22/15    04:41:58,20 days 04:35:00,19.3V,4.8V,13.6V,13.5V,0.2A,0.0A,0.0A,0.0A,,26.4C,,,,,,,
01/22/15    04:36:58,20 days 04:30:00,19.9V,4.8V,13.4V,13.4V,0.3A,0.0A,0.0A,-0.2A,,26.4C,,,,,,,
01/22/15    04:31:58,20 days 04:25:00,19.9V,4.7V,13.4V,13.4V,0.4A,0.0A,0.0A,0.0A,,26.3C,,,,,,,
01/22/15    04:26:58,20 days 04:20:00,20.9V,4.7V,13.2V,13.2V,0.4A,0.0A,0.0A,-0.2A,,26.3C,,,,,,,
01/22/15    04:21:58,20 days 04:15:00,20.5V,4.7V,13.4V,13.3V,0.4A,0.0A,0.0A,0.0A,,26.2C,,,,,,,
01/22/15    04:16:57,20 days 04:09:59,17.6V,4.7V,13.6V,13.6V,0.4A,0.0A,0.0A,-0.2A,,26.2C,,,,,,,
01/22/15    04:11:58,20 days 04:05:00,15.5V,4.7V,13.5V,13.5V,0.5A,0.0A,0.0A,-0.2A,,26.1C,,,,,,,
01/22/15    04:06:57,20 days 03:59:59,16.6V,4.7V,13.5V,13.4V,0.5A,0.0A,0.0A,-0.2A,,26.1C,,,,,,,
01/22/15    04:01:58,20 days 03:55:00,15.4V,4.7V,13.5V,13.4V,0.5A,0.0A,0.0A,-0.2A,,26.1C,,,,,,,
01/22/15    03:56:57,20 days 03:49:59,15.7V,4.7V,13.5V,13.5V,0.5A,0.0A,0.0A,-0.2A,,26.0C,,,,,,,
01/22/15    03:51:58,20 days 03:45:00,15.4V,4.7V,13.4V,13.4V,0.5A,0.0A,0.0A,-0.2A,,26.0C,,,,,,,
01/22/15    03:46:58,20 days 03:40:00,15.3V,4.7V,13.4V,13.4V,0.5A,0.0A,0.0A,-0.2A,,26.0C,,,,,,,
01/22/15    03:41:58,20 days 03:35:00,15.5V,4.7V,13.4V,13.4V,0.6A,0.0A,0.0A,0.0A,,26.0C,,,,,,,
01/22/15    03:36:58,20 days 03:30:00,15.5V,4.7V,13.4V,13.4V,0.6A,0.0A,0.0A,-0.2A,,25.9C,,,,,,,
01/22/15    03:31:58,20 days 03:25:00,15.4V,4.7V,13.4V,13.4V,0.6A,0.0A,0.0A,-0.2A,,25.9C,,,,,,,
01/22/15    03:26:58,20 days 03:20:00,15.2V,4.7V,13.3V,13.3V,0.6A,0.0A,0.0A,0.0A,,25.9C,,,,,,,
01/22/15    03:21:58,20 days 03:15:00,15.3V,4.7V,13.4V,13.4V,0.6A,0.0A,0.0A,0.0A,,25.8C,,,,,,,
01/22/15    03:16:58,20 days 03:10:00,15.7V,4.7V,13.5V,13.5V,0.6A,0.0A,0.0A,-0.2A,,25.8C,,,,,,,
01/22/15    03:11:57,20 days 03:04:59,21.0V,4.7V,13.3V,13.2V,0.6A,0.0A,0.0A,-0.2A,,25.8C,,,,,,,
01/22/15    03:06:58,20 days 03:00:00,21.0V,4.7V,13.2V,13.2V,0.6A,0.0A,0.0A,-0.2A,,25.7C,,,,,,,
01/22/15    03:01:57,20 days 02:54:59,21.4V,4.7V,13.2V,13.1V,0.6A,0.0A,0.0A,-0.2A,,25.7C,,,,,,,
01/22/15    02:56:57,20 days 02:50:00,18.1V,4.7V,13.4V,13.4V,0.6A,0.0A,0.0A,0.0A,,25.7C,,,,,,,
01/22/15    02:51:57,20 days 02:44:59,15.6V,4.7V,13.5V,13.5V,0.6A,0.0A,0.0A,-0.2A,,25.6C,,,,,,,
01/22/15    02:46:57,20 days 02:39:59,20.1V,4.7V,13.4V,13.4V,0.6A,0.0A,0.0A,-0.2A,,25.6C,,,,,,,
01/22/15    02:41:57,20 days 02:34:59,21.4V,4.7V,13.1V,13.0V,0.6A,0.0A,0.0A,-0.2A,,25.6C,,,,,,,
01/22/15    02:36:57,20 days 02:30:00,20.9V,4.7V,13.2V,13.2V,0.7A,0.0A,0.0A,-0.2A,,25.6C,,,,,,,
01/22/15    02:31:57,20 days 02:25:00,15.5V,4.7V,13.4V,13.4V,0.7A,0.0A,0.0A,-0.2A,,25.5C,,,,,,,
01/22/15    02:26:57,20 days 02:20:00,20.6V,4.7V,13.3V,13.3V,0.7A,0.0A,0.0A,-0.2A,,25.5C,,,,,,,
01/22/15    02:21:57,20 days 02:15:00,21.1V,4.7V,13.2V,13.2V,0.7A,0.0A,0.0A,-0.2A,,25.5C,,,,,,,
01/22/15    02:16:57,20 days 02:10:00,19.4V,4.7V,13.4V,13.4V,0.7A,0.0A,0.0A,-0.2A,,25.5C,,,,,,,
01/22/15    02:11:56,20 days 02:04:59,21.8V,4.7V,13.0V,13.0V,0.7A,0.0A,0.0A,-0.2A,,25.4C,,,,,,,
01/22/15    02:06:56,20 days 01:59:59,21.2V,4.7V,13.2V,13.1V,0.7A,0.0A,0.0A,-0.2A,,25.4C,,,,,,,
01/22/15    02:01:56,20 days 01:54:59,21.0V,4.7V,13.2V,13.2V,0.7A,0.0A,0.0A,-0.2A,,25.4C,,,,,,,
01/22/15    01:56:56,20 days 01:50:00,20.9V,4.7V,13.2V,13.2V,0.7A,0.0A,0.0A,0.0A,,25.4C,,,,,,,
01/22/15    01:51:56,20 days 01:45:00,21.6V,4.7V,13.1V,13.0V,0.7A,0.0A,0.0A,-0.2A,,25.4C,,,,,,,
01/22/15    01:46:56,20 days 01:40:00,17.7V,4.7V,13.4V,13.4V,0.7A,0.0A,0.0A,-0.2A,,25.3C,,,,,,,
01/22/15    01:41:56,20 days 01:35:00,21.2V,4.7V,13.2V,13.2V,0.8A,0.0A,0.0A,-0.2A,,25.3C,,,,,,,
01/22/15    01:36:56,20 days 01:30:00,15.7V,4.7V,13.4V,13.3V,0.8A,0.0A,0.0A,-0.2A,,25.3C,,,,,,,
01/22/15    01:31:56,20 days 01:25:00,15.7V,4.7V,13.3V,13.3V,0.8A,0.0A,0.0A,-0.2A,,25.3C,,,,,,,
01/22/15    01:26:55,20 days 01:19:59,15.4V,4.7V,13.1V,13.1V,0.8A,0.0A,0.2A,0.0A,,25.2C,,,,,,,
01/22/15    01:21:56,20 days 01:15:00,17.2V,4.7V,13.4V,13.3V,0.8A,0.0A,0.0A,-0.2A,,25.2C,,,,,,,
01/22/15    01:16:55,20 days 01:10:00,15.8V,4.7V,13.3V,13.3V,0.8A,0.0A,0.0A,0.0A,,25.2C,,,,,,,
01/22/15    01:11:55,20 days 01:05:00,15.7V,4.7V,13.3V,13.3V,0.8A,0.0A,0.0A,-0.2A,,25.1C,,,,,,,
01/22/15    01:06:55,20 days 01:00:00,21.9V,4.7V,13.0V,12.9V,0.8A,0.0A,0.0A,-0.2A,,25.1C,,,,,,,
01/22/15    01:01:55,20 days 00:55:00,15.7V,4.7V,13.2V,13.2V,0.9A,0.0A,0.0A,-0.2A,,25.1C,,,,,,,
01/22/15    00:56:54,20 days 00:49:59,15.4V,4.7V,13.2V,13.2V,0.9A,0.0A,0.0A,-0.2A,,25.0C,,,,,,,
01/22/15    00:51:54,20 days 00:45:00,15.7V,4.7V,13.2V,13.2V,0.9A,0.0A,0.0A,-0.2A,,24.9C,,,,,,,
01/22/15    00:46:54,20 days 00:40:00,15.4V,4.7V,13.2V,13.2V,0.9A,0.0A,0.0A,0.0A,,24.9C,,,,,,,
01/22/15    00:41:54,20 days 00:35:00,15.7V,4.7V,13.2V,13.2V,0.9A,0.0A,0.0A,-0.2A,,24.8C,,,,,,,
01/22/15    00:36:53,20 days 00:29:59,15.8V,4.7V,13.2V,13.2V,0.9A,0.0A,0.0A,-0.2A,,24.8C,,,,,,,
01/22/15    00:31:53,20 days 00:25:00,17.4V,4.7V,13.1V,13.1V,0.9A,0.0A,0.0A,-0.2A,,24.7C,,,,,,,
01/22/15    00:26:53,20 days 00:20:00,15.8V,4.7V,13.2V,13.2V,0.9A,0.0A,0.0A,-0.2A,,24.6C,,,,,,,
01/22/15    00:21:53,20 days 00:15:00,15.6V,4.7V,13.2V,13.2V,0.9A,0.0A,0.0A,0.0A,,24.5C,,,,,,,
01/22/15    00:16:52,20 days 00:09:59,15.5V,4.7V,13.1V,13.1V,0.9A,0.0A,0.0A,-0.2A,,24.5C,,,,,,,
01/22/15    00:11:53,20 days 00:05:00,15.5V,4.7V,13.1V,13.1V,0.9A,0.0A,0.0A,-0.2A,,24.4C,,,,,,,
01/22/15    00:06:52,20 days 00:00:00,20.5V,4.7V,13.0V,13.0V,0.9A,0.0A,0.0A,-0.2A,,24.3C,,,,,,,
01/22/15    00:01:52,19 days 23:55:00,15.5V,4.7V,13.1V,13.1V,0.9A,0.0A,0.0A,-0.2A,,24.2C,,,,,,,
01/21/15    23:56:52,19 days 23:50:00,15.5V,4.7V,13.1V,13.0V,0.9A,0.0A,0.0A,0.0A,,24.2C,,,,,,,
01/21/15    23:51:51,19 days 23:44:59,15.5V,4.7V,13.1V,13.1V,0.9A,0.0A,0.0A,0.0A,,24.1C,,,,,,,
01/21/15    23:46:51,19 days 23:40:00,15.6V,5.2V,13.3V,13.2V,0.0A,0.0A,0.0A,0.0A,,24.1C,,,,,,,
01/21/15    23:41:51,19 days 23:35:00,21.1V,5.2V,13.1V,13.1V,0.0A,0.0A,0.0A,-0.2A,,24.2C,,,,,,,
01/21/15    23:36:50,19 days 23:29:59,15.3V,5.2V,13.2V,13.1V,0.0A,0.0A,0.0A,0.0A,,24.2C,,,,,,,
01/21/15    23:31:50,19 days 23:24:59,15.1V,5.2V,13.1V,13.1V,0.0A,0.0A,0.0A,0.0A,,24.2C,,,,,,,
01/21/15    23:26:50,19 days 23:19:59,15.2V,5.2V,13.1V,13.1V,0.0A,0.0A,0.0A,0.0A,,24.2C,,,,,,,
01/21/15    23:21:50,19 days 23:14:59,15.2V,5.2V,13.1V,13.1V,0.0A,0.0A,0.0A,0.0A,,24.3C,,,,,,,
01/21/15    23:16:50,19 days 23:10:00,15.0V,5.2V,13.0V,13.0V,0.0A,0.0A,0.0A,0.0A,,24.3C,,,,,,,
01/21/15    23:11:50,19 days 23:05:00,15.0V,5.2V,13.0V,13.0V,0.0A,0.0A,0.0A,-0.2A,,24.4C,,,,,,,
01/21/15    23:06:50,19 days 23:00:00,14.9V,5.2V,13.0V,12.9V,0.0A,0.0A,0.0A,-0.2A,,24.4C,,,,,,,
01/21/15    23:01:50,19 days 22:55:00,15.0V,5.2V,12.9V,12.9V,0.0A,0.0A,0.0A,-0.2A,,24.5C,,,,,,,
01/21/15    22:56:50,19 days 22:50:00,14.9V,5.2V,12.9V,12.9V,0.0A,0.0A,0.0A,-0.2A,,24.5C,,,,,,,
01/21/15    22:51:49,19 days 22:44:59,14.7V,5.2V,12.9V,12.8V,0.0A,0.0A,0.0A,-0.2A,,24.5C,,,,,,,
01/21/15    22:46:49,19 days 22:40:00,14.7V,5.2V,12.8V,12.8V,0.0A,0.0A,0.0A,-0.2A,,24.5C,,,,,,,
01/21/15    22:41:49,19 days 22:35:00,14.6V,4.7V,12.6V,12.5V,1.0A,0.0A,0.0A,-0.2A,,24.5C,,,,,,,
01/21/15    22:36:49,19 days 22:30:00,14.5V,4.7V,12.6V,12.5V,1.0A,0.0A,0.0A,-0.2A,,24.4C,,,,,,,
01/21/15    22:31:49,19 days 22:25:00,14.4V,4.7V,12.6V,12.5V,0.9A,0.0A,0.0A,-0.2A,,24.4C,,,,,,,
01/21/15    22:26:49,19 days 22:20:00,14.1V,4.7V,12.4V,12.4V,0.9A,0.1A,0.0A,-0.2A,,24.3C,,,,,,,
01/21/15    22:21:48,19 days 22:14:59,13.8V,4.7V,12.4V,12.4V,1.0A,0.1A,0.0A,-0.2A,,24.3C,,,,,,,
01/21/15    22:16:48,19 days 22:09:59,13.3V,4.7V,12.4V,12.4V,1.0A,0.1A,0.0A,-0.2A,,24.2C,,,,,,,
01/21/15    22:11:48,19 days 22:04:59,12.9V,4.7V,12.5V,12.4V,1.0A,0.1A,0.0A,-0.2A,,24.1C,,,,,,,
01/21/15    22:06:48,19 days 22:00:00,12.9V,4.7V,12.5V,12.5V,1.0A,0.1A,0.0A,-0.2A,,24.1C,,,,,,,
01/21/15    22:01:48,19 days 21:55:00,12.5V,4.6V,12.5V,12.5V,1.0A,0.1A,0.0A,-0.2A,,24.0C,,,,,,,
01/21/15    21:56:48,19 days 21:50:00,12.4V,4.7V,12.5V,12.5V,1.0A,0.1A,0.0A,-0.2A,,24.0C,,,,,,,
01/21/15    21:51:48,19 days 21:45:00,12.4V,4.7V,12.5V,12.5V,1.0A,0.1A,0.0A,0.0A,,24.0C,,,,,,,
01/21/15    21:46:48,19 days 21:40:00,12.6V,5.2V,12.7V,12.7V,0.0A,0.1A,0.0A,-0.2A,,24.0C,,,,,,,
01/21/15    21:41:48,19 days 21:35:00,6.5V,5.2V,12.8V,12.7V,0.0A,0.1A,0.0A,0.0A,,24.0C,,,,,,,
01/21/15    21:36:48,19 days 21:30:00,3.1V,5.2V,12.8V,12.8V,0.0A,0.1A,0.0A,0.0A,,24.0C,,,,,,,
01/21/15    21:31:47,19 days 21:24:59,1.5V,5.2V,12.8V,12.8V,0.0A,0.1A,0.0A,-0.2A,,24.1C,,,,,,,
01/21/15    21:26:47,19 days 21:19:59,0.8V,5.2V,12.8V,12.8V,0.0A,0.1A,0.0A,-0.2A,,24.1C,,,,,,,
01/21/15    21:21:47,19 days 21:14:59,0.3V,5.2V,12.8V,12.8V,0.0A,0.1A,0.0A,-0.2A,,24.1C,,,,,,,
01/21/15    21:16:47,19 days 21:10:00,0.1V,5.2V,12.8V,12.8V,0.0A,0.1A,0.0A,-0.2A,,24.1C,,,,,,,
01/21/15    21:11:47,19 days 21:05:00,0.0V,5.2V,12.8V,12.8V,0.0A,0.1A,0.0A,-0.2A,,24.2C,,,,,,,
01/21/15    21:06:47,19 days 21:00:00,0.0V,5.2V,12.8V,12.8V,0.0A,0.1A,0.0A,-0.2A,,24.2C,,,,,,,
01/21/15    21:01:47,19 days 20:55:00,0.0V,5.2V,12.9V,12.9V,0.0A,0.0A,0.0A,-0.2A,,24.2C,,,,,,,
01/21/15    20:56:47,19 days 20:50:00,0.0V,5.2V,12.9V,12.9V,0.0A,0.0A,0.0A,-0.2A,,24.3C,,,,,,,
01/21/15    20:51:47,19 days 20:45:00,0.0V,5.2V,12.9V,12.9V,0.0A,0.0A,0.0A,-0.2A,,24.3C,,,,,,,
01/21/15    20:46:46,19 days 20:39:59,0.0V,5.2V,12.9V,12.9V,0.0A,0.0A,0.0A,0.0A,,24.3C,,,,,,,
01/21/15    20:41:46,19 days 20:34:59,0.0V,5.2V,12.9V,12.9V,0.0A,0.0A,0.0A,-0.2A,,24.4C,,,,,,,
01/21/15    20:36:46,19 days 20:30:00,0.0V,5.2V,12.9V,12.9V,0.0A,0.0A,0.0A,0.0A,,24.4C,,,,,,,
01/21/15    20:31:46,19 days 20:25:00,0.0V,5.2V,12.9V,12.9V,0.0A,0.0A,0.0A,-0.2A,,24.5C,,,,,,,
01/21/15    20:26:46,19 days 20:20:00,0.0V,5.2V,12.9V,12.9V,0.0A,0.0A,0.0A,-0.2A,,24.5C,,,,,,,
01/21/15    20:21:46,19 days 20:15:00,0.0V,5.2V,12.9V,12.9V,0.0A,0.0A,0.0A,0.0A,,24.6C,,,,,,,
01/21/15    20:16:46,19 days 20:10:00,0.0V,5.2V,12.9V,12.9V,0.0A,0.0A,0.0A,0.0A,,24.6C,,,,,,,
01/21/15    20:11:46,19 days 20:05:00,0.0V,5.2V,13.0V,12.9V,0.0A,0.0A,0.0A,-0.2A,,24.7C,,,,,,,
01/21/15    20:06:45,19 days 19:59:59,0.0V,5.2V,13.0V,12.9V,0.0A,0.0A,0.0A,-0.2A,,24.7C,,,,,,,
01/21/15    20:01:45,19 days 19:54:59,0.0V,5.2V,12.9V,12.9V,0.0A,0.0A,0.0A,-0.2A,,24.7C,,,,,,,
01/21/15    19:56:45,19 days 19:50:00,0.0V,5.2V,12.9V,12.9V,0.0A,0.0A,0.0A,0.0A,,24.8C,,,,,,,
01/21/15    19:51:45,19 days 19:45:00,0.0V,5.2V,12.9V,12.9V,0.0A,0.0A,0.0A,-0.2A,,24.8C,,,,,,,
01/21/15    19:46:45,19 days 19:40:00,0.0V,4.8V,12.9V,12.9V,0.0A,0.0A,0.0A,0.0A,,24.8C,,,,,,,
01/21/15    19:41:45,19 days 19:35:00,0.0V,4.8V,12.9V,12.9V,0.0A,0.0A,0.0A,0.0A,,24.8C,,,,,,,
01/21/15    19:36:45,19 days 19:30:00,0.0V,4.8V,12.9V,12.9V,0.2A,0.0A,0.0A,-0.2A,,24.9C,,,,,,,
01/21/15    19:31:45,19 days 19:25:00,0.0V,4.8V,12.9V,12.9V,0.3A,0.0A,0.0A,-0.2A,,24.9C,,,,,,,
01/21/15    19:26:45,19 days 19:20:00,0.0V,4.8V,12.9V,12.9V,0.0A,0.0A,0.0A,-0.2A,,24.9C,,,,,,,
01/21/15    19:21:45,19 days 19:15:00,0.0V,4.8V,12.9V,12.9V,0.0A,0.0A,0.0A,-0.2A,,24.9C,,,,,,,
01/21/15    19:16:44,19 days 19:09:59,0.0V,4.8V,12.9V,12.9V,0.0A,0.0A,0.0A,-0.2A,,25.0C,,,,,,,
01/21/15    19:11:45,19 days 19:05:00,0.0V,4.8V,12.9V,12.9V,0.2A,0.0A,0.0A,-0.2A,,25.0C,,,,,,,
01/21/15    19:06:44,19 days 18:59:59,0.0V,4.8V,12.9V,12.9V,0.3A,0.0A,0.0A,-0.2A,,25.0C,,,,,,,
01/21/15    19:01:44,19 days 18:54:59,0.0V,4.8V,12.9V,12.9V,0.0A,0.0A,0.0A,-0.2A,,25.1C,,,,,,,
01/21/15    18:56:44,19 days 18:50:00,0.0V,4.8V,12.9V,12.9V,0.0A,0.0A,0.0A,0.0A,,25.1C,,,,,,,
01/21/15    18:51:44,19 days 18:45:00,0.0V,4.8V,13.0V,12.9V,0.0A,0.0A,0.0A,-0.2A,,25.1C,,,,,,,
01/21/15    18:46:44,19 days 18:40:00,0.0V,4.8V,12.9V,12.9V,0.0A,0.0A,0.0A,-0.2A,,25.2C,,,,,,,
01/21/15    18:41:44,19 days 18:35:00,0.0V,4.8V,12.9V,12.9V,0.2A,0.0A,0.0A,-0.2A,,25.2C,,,,,,,
01/21/15    18:36:44,19 days 18:30:00,0.0V,4.8V,12.9V,12.9V,0.2A,0.0A,0.0A,0.0A,,25.2C,,,,,,,
01/21/15    18:31:44,19 days 18:25:00,0.0V,4.7V,12.9V,12.9V,0.4A,0.0A,0.0A,-0.2A,,25.3C,,,,,,,
01/21/15    18:26:44,19 days 18:20:00,0.0V,4.8V,12.9V,12.9V,0.2A,0.0A,0.0A,0.0A,,25.3C,,,,,,,
01/21/15    18:21:44,19 days 18:15:00,0.0V,4.8V,13.0V,12.9V,0.0A,0.0A,0.0A,-0.2A,,25.4C,,,,,,,
01/21/15    18:16:44,19 days 18:10:00,0.0V,4.8V,13.0V,12.9V,0.0A,0.0A,0.0A,0.0A,,25.4C,,,,,,,
01/21/15    18:11:43,19 days 18:04:59,0.0V,4.8V,13.0V,12.9V,0.0A,0.0A,0.0A,-0.2A,,25.4C,,,,,,,
01/21/15    18:06:44,19 days 18:00:00,0.0V,4.7V,12.9V,12.8V,0.5A,0.0A,0.0A,-0.2A,,25.4C,,,,,,,
01/21/15    18:01:43,19 days 17:54:59,0.0V,4.8V,13.0V,12.9V,0.0A,0.0A,0.0A,-0.2A,,25.5C,,,,,,,
01/21/15    17:56:43,19 days 17:49:59,0.0V,4.8V,13.0V,12.9V,0.0A,0.0A,0.0A,0.0A,,25.5C,,,,,,,
01/21/15    17:51:43,19 days 17:45:00,0.0V,4.8V,12.9V,12.9V,0.2A,0.0A,0.0A,-0.2A,,25.5C,,,,,,,
01/21/15    17:46:43,19 days 17:40:00,0.0V,4.8V,13.0V,12.9V,0.0A,0.0A,0.0A,-0.2A,,25.5C,,,,,,,
01/21/15    17:41:43,19 days 17:35:00,0.0V,4.8V,12.9V,12.9V,0.3A,0.0A,0.0A,-0.2A,,25.6C,,,,,,,
01/21/15    17:36:43,19 days 17:30:00,0.0V,4.8V,12.9V,12.9V,0.3A,0.0A,0.0A,-0.2A,,25.6C,,,,,,,
01/21/15    17:31:43,19 days 17:25:00,0.0V,4.8V,12.9V,12.9V,0.3A,0.0A,0.0A,0.0A,,25.6C,,,,,,,
01/21/15    17:26:43,19 days 17:20:00,0.0V,4.8V,12.9V,12.9V,0.2A,0.0A,0.0A,-0.2A,,25.6C,,,,,,,
01/21/15    17:21:43,19 days 17:15:00,0.0V,4.8V,12.9V,12.9V,0.2A,0.0A,0.0A,0.0A,,25.6C,,,,,,,
01/21/15    17:16:43,19 days 17:10:00,0.0V,4.8V,12.9V,12.9V,0.3A,0.0A,0.0A,-0.2A,,25.7C,,,,,,,
01/21/15    17:11:42,19 days 17:04:59,0.0V,4.8V,12.9V,12.9V,0.3A,0.0A,0.0A,-0.2A,,25.7C,,,,,,,
01/21/15    17:06:43,19 days 17:00:00,0.0V,4.8V,12.9V,12.9V,0.3A,0.0A,0.0A,-0.2A,,25.7C,,,,,,,
01/21/15    17:01:42,19 days 16:54:59,0.0V,4.8V,12.9V,12.9V,0.3A,0.0A,0.0A,0.0A,,25.8C,,,,,,,
01/21/15    16:56:43,19 days 16:50:00,0.0V,4.7V,12.9V,12.8V,0.5A,0.0A,0.0A,-0.2A,,25.8C,,,,,,,
01/21/15    16:51:42,19 days 16:44:59,0.0V,4.7V,12.9V,12.8V,0.4A,0.0A,0.0A,-0.2A,,25.9C,,,,,,,
01/21/15    16:46:43,19 days 16:40:00,0.0V,4.7V,12.9V,12.8V,0.5A,0.0A,0.0A,0.0A,,25.9C,,,,,,,
01/21/15    16:41:42,19 days 16:34:59,0.0V,4.7V,12.9V,12.8V,0.4A,0.0A,0.0A,-0.2A,,26.0C,,,,,,,
01/21/15    16:36:43,19 days 16:30:00,0.0V,4.7V,12.9V,12.8V,0.5A,0.0A,0.0A,-0.2A,,26.0C,,,,,,,
01/21/15    16:31:43,19 days 16:25:00,0.0V,4.7V,12.8V,12.8V,0.7A,0.0A,0.0A,-0.2A,,26.1C,,,,,,,
01/21/15    16:26:43,19 days 16:20:00,0.0V,4.7V,12.9V,12.8V,0.5A,0.0A,0.0A,-0.2A,,26.1C,,,,,,,
01/21/15    16:21:43,19 days 16:15:00,0.0V,4.7V,12.9V,12.8V,0.5A,0.0A,0.0A,-0.2A,,26.1C,,,,,,,
01/21/15    16:16:42,19 days 16:09:59,0.0V,4.7V,12.9V,12.8V,0.5A,0.0A,0.0A,-0.2A,,26.2C,,,,,,,
01/21/15    16:11:43,19 days 16:05:00,0.0V,4.7V,12.9V,12.8V,0.5A,0.0A,0.0A,-0.2A,,26.2C,,,,,,,
01/21/15    16:06:42,19 days 15:59:59,0.0V,4.7V,12.9V,12.8V,0.5A,0.0A,0.0A,0.0A,,26.2C,,,,,,,
01/21/15    16:01:42,19 days 15:54:59,0.0V,4.7V,12.9V,12.8V,0.5A,0.0A,0.0A,0.0A,,26.2C,,,,,,,
01/21/15    15:56:42,19 days 15:50:00,0.0V,4.7V,12.9V,12.8V,0.6A,0.0A,0.0A,-0.2A,,26.3C,,,,,,,
01/21/15    15:51:42,19 days 15:45:00,0.0V,4.7V,12.9V,12.8V,0.6A,0.0A,0.0A,-0.2A,,26.3C,,,,,,,
01/21/15    15:46:42,19 days 15:40:00,0.1V,4.7V,12.9V,12.8V,0.6A,0.0A,0.0A,0.0A,,26.3C,,,,,,,
01/21/15    15:41:42,19 days 15:35:00,0.1V,4.7V,12.9V,12.8V,0.6A,0.0A,0.0A,-0.2A,,26.3C,,,,,,,
01/21/15    15:36:42,19 days 15:30:00,0.1V,4.7V,12.8V,12.8V,0.7A,0.0A,0.0A,0.0A,,26.4C,,,,,,,
01/21/15    15:31:42,19 days 15:25:00,0.1V,4.7V,12.8V,12.8V,0.7A,0.0A,0.0A,0.0A,,26.4C,,,,,,,
01/21/15    15:26:41,19 days 15:19:59,0.1V,4.7V,12.8V,12.8V,0.7A,0.0A,0.0A,-0.2A,,26.4C,,,,,,,
01/21/15    15:21:42,19 days 15:15:00,0.1V,4.7V,12.8V,12.8V,0.7A,0.0A,0.0A,-0.2A,,26.5C,,,,,,,
01/21/15    15:16:41,19 days 15:09:59,0.1V,4.7V,12.8V,12.8V,0.7A,0.0A,0.0A,-0.2A,,26.5C,,,,,,,
01/21/15    15:11:41,19 days 15:04:59,0.1V,4.7V,12.8V,12.8V,0.8A,0.0A,0.0A,-0.2A,,26.5C,,,,,,,
01/21/15    15:06:41,19 days 15:00:00,0.1V,4.7V,12.8V,12.8V,0.8A,0.0A,0.0A,-0.2A,,26.5C,,,,,,,
01/21/15    15:01:41,19 days 14:55:00,0.1V,4.7V,12.8V,12.8V,0.8A,0.0A,0.0A,-0.2A,,26.5C,,,,,,,
01/21/15    14:56:41,19 days 14:50:00,0.1V,4.7V,12.8V,12.8V,0.8A,0.0A,0.0A,-0.2A,,26.5C,,,,,,,
01/21/15    14:51:41,19 days 14:45:00,0.1V,4.7V,12.8V,12.8V,0.8A,0.0A,0.0A,0.0A,,26.5C,,,,,,,
01/21/15    14:46:41,19 days 14:40:00,0.1V,4.7V,12.8V,12.8V,0.8A,0.0A,0.0A,-0.2A,,26.5C,,,,,,,
01/21/15    14:41:41,19 days 14:35:00,0.1V,4.7V,12.8V,12.8V,0.8A,0.0A,0.0A,-0.2A,,26.5C,,,,,,,
01/21/15    14:36:40,19 days 14:29:59,0.1V,4.7V,12.8V,12.8V,0.8A,0.0A,0.0A,-0.2A,,26.5C,,,,,,,
01/21/15    14:31:40,19 days 14:24:59,0.1V,4.7V,12.8V,12.8V,0.8A,0.0A,0.0A,-0.2A,,26.5C,,,,,,,
01/21/15    14:26:40,19 days 14:20:00,0.1V,4.7V,12.8V,12.8V,0.8A,0.0A,0.0A,0.0A,,26.5C,,,,,,,
01/21/15    14:21:40,19 days 14:15:00,0.1V,4.7V,12.8V,12.8V,0.8A,0.0A,0.0A,-0.2A,,26.6C,,,,,,,
01/21/15    14:16:40,19 days 14:10:00,0.1V,4.7V,12.8V,12.8V,0.8A,0.0A,0.0A,-0.2A,,26.6C,,,,,,,
01/21/15    14:11:40,19 days 14:05:00,0.1V,4.7V,12.8V,12.8V,0.8A,0.0A,0.0A,-0.2A,,26.6C,,,,,,,
01/21/15    14:06:40,19 days 14:00:00,0.1V,4.7V,12.8V,12.8V,0.9A,0.0A,0.0A,-0.2A,,26.6C,,,,,,,
01/21/15    14:01:39,19 days 13:54:59,0.1V,4.7V,12.8V,12.8V,0.9A,0.0A,0.0A,-0.2A,,26.6C,,,,,,,
01/21/15    13:56:39,19 days 13:50:00,0.1V,4.7V,12.8V,12.8V,0.9A,0.0A,0.0A,0.0A,,26.5C,,,,,,,
01/21/15    13:51:39,19 days 13:45:00,0.1V,4.6V,12.6V,12.6V,1.0A,0.1A,0.3A,-0.2A,,26.5C,,,,,,,
01/21/15    13:46:39,19 days 13:40:00,0.1V,4.6V,12.6V,12.6V,1.0A,0.1A,0.3A,-0.2A,,26.5C,,,,,,,
01/21/15    13:41:38,19 days 13:34:59,0.1V,4.6V,12.6V,12.6V,1.0A,0.1A,0.3A,-0.2A,,26.5C,,,,,,,
01/21/15    13:36:38,19 days 13:30:00,0.1V,4.7V,12.6V,12.6V,0.9A,0.1A,0.3A,-0.2A,,26.5C,,,,,,,
01/21/15    13:31:38,19 days 13:25:00,0.1V,4.6V,12.6V,12.6V,1.0A,0.1A,0.3A,0.0A,,26.5C,,,,,,,
01/21/15    13:26:38,19 days 13:20:00,0.1V,4.6V,12.6V,12.6V,1.0A,0.1A,0.3A,-0.2A,,26.4C,,,,,,,
01/21/15    13:21:37,19 days 13:15:00,0.1V,4.6V,12.6V,12.6V,1.0A,0.1A,0.3A,-0.2A,,26.4C,,,,,,,
01/21/15    13:16:37,19 days 13:10:00,0.1V,4.6V,12.6V,12.6V,1.0A,0.1A,0.3A,-0.2A,,26.4C,,,,,,,
01/21/15    13:11:37,19 days 13:05:00,0.1V,4.6V,12.6V,12.6V,1.0A,0.1A,0.3A,-0.2A,,26.3C,,,,,,,
01/21/15    13:06:37,19 days 13:00:00,0.0V,4.6V,12.6V,12.6V,1.0A,0.1A,0.3A,-0.2A,,26.4C,,,,,,,
01/21/15    13:01:36,19 days 12:54:59,0.0V,5.2V,12.9V,12.8V,0.0A,0.1A,0.2A,-0.2A,,26.4C,,,,,,,
01/21/15    12:56:36,19 days 12:50:00,0.0V,5.2V,12.9V,12.8V,0.0A,0.1A,0.2A,-0.2A,,26.5C,,,,,,,
01/21/15    12:51:36,19 days 12:45:00,0.0V,5.2V,12.9V,12.8V,0.0A,0.1A,0.2A,0.0A,,26.5C,,,,,,,
01/21/15    12:46:36,19 days 12:40:00,0.1V,5.2V,12.9V,12.8V,0.0A,0.1A,0.2A,-0.2A,,26.5C,,,,,,,
01/21/15    12:41:35,19 days 12:34:59,0.1V,4.6V,12.7V,12.6V,1.0A,0.1A,0.3A,-0.2A,,26.5C,,,,,,,
01/21/15    12:36:36,19 days 12:30:00,0.1V,4.6V,12.7V,12.7V,1.0A,0.1A,0.3A,-0.2A,,26.5C,,,,,,,
01/21/15    12:31:35,19 days 12:24:59,0.1V,4.6V,12.7V,12.7V,1.0A,0.1A,0.3A,-0.2A,,26.5C,,,,,,,
01/21/15    12:26:35,19 days 12:20:00,0.1V,4.6V,12.7V,12.7V,1.0A,0.1A,0.3A,-0.2A,,26.5C,,,,,,,
01/21/15    12:21:35,19 days 12:15:00,0.1V,4.6V,12.7V,12.7V,1.0A,0.1A,0.2A,-0.2A,,26.4C,,,,,,,
01/21/15    12:16:35,19 days 12:10:00,0.1V,4.6V,12.7V,12.7V,1.0A,0.1A,0.3A,-0.2A,,26.4C,,,,,,,
01/21/15    12:11:35,19 days 12:05:00,0.1V,4.6V,12.7V,12.7V,1.0A,0.1A,0.3A,0.0A,,26.4C,,,,,,,
01/21/15    12:06:35,19 days 12:00:00,0.0V,4.6V,12.7V,12.7V,1.0A,0.1A,0.3A,-0.2A,,26.4C,,,,,,,
01/21/15    12:01:35,19 days 11:55:00,0.0V,5.2V,12.9V,12.9V,0.0A,0.1A,0.2A,0.0A,,26.5C,,,,,,,
01/21/15    11:56:34,19 days 11:49:59,0.0V,5.2V,13.0V,12.9V,0.0A,0.1A,0.2A,-0.2A,,26.5C,,,,,,,
01/21/15    11:51:35,19 days 11:45:00,0.0V,5.2V,13.0V,12.9V,0.0A,0.1A,0.2A,-0.2A,,26.6C,,,,,,,
01/21/15    11:46:34,19 days 11:39:59,0.0V,5.2V,13.0V,12.9V,0.0A,0.1A,0.2A,-0.2A,,26.6C,,,,,,,
01/21/15    11:41:35,19 days 11:35:00,0.0V,5.2V,13.0V,12.9V,0.0A,0.1A,0.2A,-0.2A,,26.7C,,,,,,,
01/21/15    11:36:34,19 days 11:29:59,0.0V,5.2V,13.0V,12.9V,0.0A,0.1A,0.2A,-0.2A,,26.7C,,,,,,,
01/21/15    11:31:35,19 days 11:25:00,0.0V,5.2V,13.0V,12.9V,0.0A,0.1A,0.2A,0.0A,,26.8C,,,,,,,
01/21/15    11:26:34,19 days 11:19:59,0.0V,5.2V,13.0V,12.9V,0.0A,0.1A,0.2A,-0.2A,,26.9C,,,,,,,
01/21/15    11:21:34,19 days 11:15:00,0.0V,5.2V,13.0V,12.9V,0.0A,0.1A,0.2A,-0.2A,,26.9C,,,,,,,
01/21/15    11:16:34,19 days 11:10:00,0.0V,5.2V,13.0V,12.9V,0.0A,0.1A,0.2A,-0.2A,,27.0C,,,,,,,
01/21/15    11:11:34,19 days 11:05:00,0.0V,5.2V,13.0V,13.0V,0.0A,0.1A,0.2A,-0.2A,,27.1C,,,,,,,
01/21/15    11:06:34,19 days 11:00:00,0.0V,5.2V,13.0V,13.0V,0.0A,0.1A,0.2A,-0.2A,,27.2C,,,,,,,
01/21/15    11:01:34,19 days 10:55:00,0.0V,5.2V,13.0V,13.0V,0.0A,0.1A,0.2A,-0.2A,,27.3C,,,,,,,
01/21/15    10:56:34,19 days 10:50:00,0.0V,5.2V,13.0V,13.0V,0.0A,0.1A,0.2A,-0.2A,,27.4C,,,,,,,
01/21/15    10:51:34,19 days 10:45:00,0.0V,5.2V,13.0V,13.0V,0.0A,0.1A,0.2A,-0.2A,,27.5C,,,,,,,
01/21/15    10:46:33,19 days 10:39:59,0.0V,5.2V,13.0V,13.0V,0.0A,0.1A,0.2A,-0.2A,,27.5C,,,,,,,
01/21/15    10:41:33,19 days 10:34:59,0.1V,5.2V,13.0V,13.0V,0.0A,0.1A,0.2A,-0.2A,,27.6C,,,,,,,
01/21/15    10:36:33,19 days 10:29:59,0.1V,5.2V,13.0V,13.0V,0.0A,0.1A,0.2A,-0.2A,,27.6C,,,,,,,
01/21/15    10:31:33,19 days 10:25:00,0.1V,4.6V,12.8V,12.8V,1.0A,0.1A,0.2A,-0.2A,,27.6C,,,,,,,
01/21/15    10:26:33,19 days 10:20:00,0.1V,4.6V,12.8V,12.8V,1.0A,0.1A,0.2A,-0.2A,,27.6C,,,,,,,
01/21/15    10:21:33,19 days 10:15:00,0.1V,4.6V,12.8V,12.8V,1.0A,0.1A,0.3A,-0.2A,,27.6C,,,,,,,
01/21/15    10:16:33,19 days 10:10:00,0.1V,4.6V,12.8V,12.8V,1.0A,0.1A,0.3A,-0.2A,,27.6C,,,,,,,
01/21/15    10:11:33,19 days 10:05:00,0.1V,4.6V,12.8V,12.8V,1.0A,0.1A,0.3A,-0.2A,,27.5C,,,,,,,
01/21/15    10:06:32,19 days 09:59:59,0.1V,4.6V,12.8V,12.8V,1.0A,0.1A,0.2A,-0.2A,,27.5C,,,,,,,
01/21/15    10:01:32,19 days 09:54:59,0.1V,4.6V,12.8V,12.8V,1.0A,0.1A,0.3A,-0.2A,,27.5C,,,,,,,
01/21/15    09:56:32,19 days 09:50:00,0.1V,4.6V,12.8V,12.8V,1.0A,0.1A,0.2A,-0.2A,,27.5C,,,,,,,
01/21/15    09:51:32,19 days 09:45:00,0.1V,4.6V,12.8V,12.8V,1.0A,0.1A,0.2A,-0.2A,,27.5C,,,,,,,
01/21/15    09:46:32,19 days 09:40:00,0.1V,4.6V,12.8V,12.8V,1.0A,0.1A,0.2A,-0.2A,,27.5C,,,,,,,
01/21/15    09:41:32,19 days 09:35:00,0.1V,5.2V,13.1V,13.1V,0.0A,0.1A,0.0A,-0.2A,,27.6C,,,,,,,
01/21/15    09:36:32,19 days 09:30:00,0.3V,5.3V,13.2V,13.2V,0.0A,0.0A,0.0A,-0.2A,,27.6C,,,,,,,
01/21/15    09:31:32,19 days 09:25:00,0.7V,5.2V,13.2V,13.2V,0.0A,0.0A,0.0A,-0.2A,,27.7C,,,,,,,
01/21/15    09:26:32,19 days 09:20:00,1.8V,5.2V,13.2V,13.2V,0.0A,0.0A,0.0A,0.0A,,27.8C,,,,,,,
01/21/15    09:21:32,19 days 09:15:00,4.8V,5.2V,13.2V,13.2V,0.0A,0.0A,0.0A,-0.2A,,27.9C,,,,,,,
01/21/15    09:16:32,19 days 09:10:00,9.5V,5.3V,13.2V,13.2V,0.0A,0.0A,0.0A,-0.2A,,27.9C,,,,,,,
01/21/15    09:11:31,19 days 09:04:59,13.1V,5.2V,13.2V,13.2V,0.0A,0.0A,0.0A,-0.2A,,28.0C,,,,,,,
01/21/15    09:06:31,19 days 08:59:59,13.3V,5.2V,13.2V,13.2V,0.0A,0.0A,0.0A,-0.2A,,28.1C,,,,,,,
01/21/15    09:01:31,19 days 08:55:00,13.7V,5.2V,13.2V,13.2V,0.0A,0.0A,0.0A,-0.2A,,28.1C,,,,,,,
01/21/15    08:56:31,19 days 08:50:00,13.7V,5.2V,13.2V,13.2V,0.0A,0.0A,0.0A,-0.2A,,28.2C,,,,,,,
01/21/15    08:51:31,19 days 08:45:00,13.7V,5.2V,13.3V,13.2V,0.0A,0.0A,0.0A,-0.2A,,28.2C,,,,,,,
01/21/15    08:46:31,19 days 08:40:00,13.8V,5.2V,13.3V,13.3V,0.0A,0.0A,0.0A,-0.2A,,28.3C,,,,,,,
01/21/15    08:41:31,19 days 08:35:00,13.8V,5.2V,13.3V,13.3V,0.0A,0.0A,0.0A,-0.2A,,28.3C,,,,,,,
01/21/15    08:36:31,19 days 08:30:00,13.9V,5.2V,13.3V,13.3V,0.0A,0.1A,0.0A,0.0A,,28.3C,,,,,,,
01/21/15    08:31:31,19 days 08:25:00,14.3V,5.2V,13.7V,13.7V,0.0A,0.0A,0.0A,-0.2A,,28.4C,,,,,,,
01/21/15    08:26:31,19 days 08:20:00,14.6V,5.2V,13.8V,13.8V,0.0A,0.0A,0.0A,0.0A,,28.4C,,,,,,,
01/21/15    08:21:30,19 days 08:14:59,15.2V,5.2V,14.0V,14.0V,0.0A,0.0A,0.0A,-0.2A,,28.5C,,,,,,,
01/21/15    08:16:30,19 days 08:09:59,15.1V,5.2V,14.2V,14.1V,0.0A,0.0A,0.0A,-0.2A,,28.5C,,,,,,,
01/21/15    08:11:30,19 days 08:05:00,15.1V,5.2V,14.3V,14.3V,0.0A,0.0A,0.0A,-0.2A,,28.6C,,,,,,,
01/21/15    08:06:30,19 days 08:00:00,19.5V,5.2V,14.4V,14.3V,0.0A,0.0A,0.0A,-0.2A,,28.6C,,,,,,,
01/21/15    08:01:30,19 days 07:55:00,20.0V,5.2V,14.4V,14.3V,0.0A,0.0A,0.0A,-0.2A,,28.7C,,,,,,,
01/21/15    07:56:30,19 days 07:50:00,20.0V,5.2V,14.4V,14.3V,0.0A,0.0A,0.0A,-0.2A,,28.7C,,,,,,,
01/21/15    07:51:29,19 days 07:44:59,20.2V,5.2V,14.4V,14.3V,0.0A,0.0A,0.0A,0.0A,,28.8C,,,,,,,
01/21/15    07:46:30,19 days 07:40:00,20.5V,5.2V,14.4V,14.3V,0.0A,0.0A,0.0A,-0.2A,,28.8C,,,,,,,
01/21/15    07:41:30,19 days 07:35:00,20.7V,5.2V,14.4V,14.3V,0.0A,0.0A,0.0A,-0.2A,,28.9C,,,,,,,
01/21/15    07:36:29,19 days 07:29:59,20.7V,5.2V,14.4V,14.3V,0.0A,0.0A,0.0A,0.0A,,28.9C,,,,,,,
01/21/15    07:31:30,19 days 07:25:00,20.7V,5.2V,14.4V,14.3V,0.0A,0.0A,0.0A,0.0A,,28.9C,,,,,,,
01/21/15    07:26:29,19 days 07:19:59,20.7V,5.2V,14.4V,14.3V,0.0A,0.0A,0.0A,0.0A,,29.0C,,,,,,,
01/21/15    07:21:30,19 days 07:15:00,20.7V,5.2V,14.4V,14.3V,0.0A,0.0A,0.0A,-0.2A,,29.0C,,,,,,,
01/21/15    07:16:30,19 days 07:10:00,20.8V,5.2V,14.4V,14.3V,0.0A,0.0A,0.0A,-0.2A,,29.0C,,,,,,,
01/21/15    07:11:30,19 days 07:05:00,20.9V,5.2V,14.4V,14.3V,0.0A,0.0A,0.0A,-0.2A,,29.1C,,,,,,,
01/21/15    07:06:30,19 days 07:00:00,20.9V,5.2V,14.3V,14.3V,0.0A,0.0A,0.0A,-0.2A,,29.1C,,,,,,,
01/21/15    07:01:30,19 days 06:55:00,20.9V,5.2V,14.3V,14.3V,0.0A,0.0A,0.0A,-0.2A,,29.1C,,,,,,,
01/21/15    06:56:30,19 days 06:50:00,20.9V,5.2V,14.3V,14.3V,0.0A,0.0A,0.0A,-0.2A,,29.1C,,,,,,,
01/21/15    06:51:30,19 days 06:45:00,20.8V,5.2V,14.3V,14.3V,0.0A,0.0A,0.0A,-0.2A,,29.1C,,,,,,,
01/21/15    06:46:30,19 days 06:40:00,19.8V,4.7V,14.2V,14.2V,0.9A,0.0A,0.0A,-0.2A,,29.0C,,,,,,,
01/21/15    06:41:30,19 days 06:35:00,19.8V,4.7V,14.2V,14.1V,0.9A,0.0A,0.0A,-0.2A,,29.0C,,,,,,,
01/21/15    06:36:30,19 days 06:30:00,19.8V,4.7V,14.2V,14.2V,0.9A,0.0A,0.0A,-0.2A,,28.9C,,,,,,,
01/21/15    06:31:30,19 days 06:25:00,19.4V,4.6V,14.2V,14.2V,1.0A,0.0A,0.0A,-0.2A,,28.8C,,,,,,,
01/21/15    06:26:30,19 days 06:20:00,19.5V,4.7V,14.2V,14.2V,0.9A,0.0A,0.0A,-0.2A,,28.7C,,,,,,,
01/21/15    06:21:30,19 days 06:15:00,19.8V,4.7V,14.2V,14.2V,0.9A,0.0A,0.0A,-0.2A,,28.6C,,,,,,,
01/21/15    06:16:30,19 days 06:10:00,19.6V,4.6V,14.2V,14.2V,0.9A,0.0A,0.0A,-0.2A,,28.5C,,,,,,,
01/21/15    06:11:30,19 days 06:05:00,19.6V,4.7V,14.2V,14.2V,0.9A,0.0A,0.0A,-0.2A,,28.4C,,,,,,,
01/21/15    06:06:30,19 days 06:00:00,15.8V,4.6V,14.0V,14.0V,1.0A,0.0A,0.0A,-0.2A,,28.3C,,,,,,,
01/21/15    06:01:30,19 days 05:55:00,20.3V,4.6V,14.0V,13.9V,1.0A,0.0A,0.0A,-0.2A,,28.2C,,,,,,,
01/21/15    05:56:30,19 days 05:50:00,20.8V,4.6V,13.7V,13.6V,1.0A,0.0A,0.0A,-0.2A,,28.1C,,,,,,,
01/21/15    05:51:30,19 days 05:45:00,15.7V,4.6V,14.2V,14.1V,1.0A,0.0A,0.0A,-0.2A,,28.1C,,,,,,,
01/21/15    05:46:30,19 days 05:40:00,20.9V,4.8V,14.3V,14.3V,0.0A,0.0A,0.0A,-0.2A,,28.1C,,,,,,,
01/21/15    05:41:30,19 days 05:35:00,20.9V,4.8V,14.4V,14.3V,0.0A,0.0A,0.0A,0.0A,,28.1C,,,,,,,
01/21/15    05:36:30,19 days 05:30:00,20.9V,4.8V,14.3V,14.3V,0.0A,0.0A,0.0A,-0.2A,,28.1C,,,,,,,
01/21/15    05:31:30,19 days 05:25:00,20.9V,4.8V,14.4V,14.3V,0.0A,0.0A,0.0A,-0.2A,,28.1C,,,,,,,
01/21/15    05:26:30,19 days 05:20:00,20.9V,4.8V,14.4V,14.3V,0.0A,0.0A,0.0A,-0.2A,,28.1C,,,,,,,
01/21/15    05:21:30,19 days 05:15:00,20.9V,4.8V,14.3V,14.3V,0.0A,0.0A,0.0A,-0.2A,,28.1C,,,,,,,
01/21/15    05:16:30,19 days 05:10:00,20.9V,4.8V,14.3V,14.3V,0.0A,0.0A,0.0A,0.0A,,28.0C,,,,,,,
01/21/15    05:11:30,19 days 05:05:00,20.6V,4.8V,14.3V,14.3V,0.0A,0.0A,0.0A,-0.2A,,28.0C,,,,,,,
01/21/15    05:06:30,19 days 05:00:00,20.6V,4.8V,14.3V,14.3V,0.0A,0.0A,0.0A,0.0A,,28.0C,,,,,,,
01/21/15    05:01:30,19 days 04:55:00,20.4V,4.8V,14.3V,14.3V,0.0A,0.0A,0.0A,-0.2A,,28.0C,,,,,,,
01/21/15    04:56:30,19 days 04:50:00,19.9V,4.8V,14.3V,14.3V,0.0A,0.0A,0.0A,-0.2A,,28.0C,,,,,,,
01/21/15    04:51:30,19 days 04:45:00,19.3V,4.8V,14.3V,14.3V,0.0A,0.0A,0.0A,0.0A,,27.9C,,,,,,,
01/21/15    04:46:30,19 days 04:40:00,16.0V,4.8V,14.2V,14.2V,0.0A,0.0A,0.0A,-0.2A,,27.9C,,,,,,,
01/21/15    04:41:30,19 days 04:35:00,15.9V,4.8V,14.1V,14.1V,0.0A,0.0A,0.0A,-0.2A,,27.8C,,,,,,,
01/21/15    04:36:30,19 days 04:30:00,15.8V,4.8V,14.1V,14.0V,0.0A,0.0A,0.0A,-0.2A,,27.8C,,,,,,,
01/21/15    04:31:29,19 days 04:24:59,15.7V,4.8V,14.0V,14.0V,0.0A,0.0A,0.0A,-0.2A,,27.7C,,,,,,,
01/21/15    04:26:30,19 days 04:20:00,15.7V,4.8V,14.0V,14.0V,0.0A,0.0A,0.0A,-0.2A,,27.7C,,,,,,,
01/21/15    04:21:29,19 days 04:14:59,15.8V,4.8V,14.0V,13.9V,0.0A,0.0A,0.0A,-0.2A,,27.7C,,,,,,,
01/21/15    04:16:30,19 days 04:10:00,15.8V,4.8V,13.9V,13.9V,0.0A,0.0A,0.0A,-0.2A,,27.6C,,,,,,,
01/21/15    04:11:29,19 days 04:04:59,15.6V,4.8V,13.9V,13.9V,0.0A,0.0A,0.0A,-0.2A,,27.6C,,,,,,,
01/21/15    04:06:30,19 days 04:00:00,15.6V,4.8V,13.9V,13.9V,0.0A,0.0A,0.0A,-0.2A,,27.5C,,,,,,,
01/21/15    04:01:29,19 days 03:54:59,15.7V,4.8V,13.9V,13.9V,0.0A,0.0A,0.0A,-0.2A,,27.5C,,,,,,,
01/21/15    03:56:30,19 days 03:50:00,15.6V,4.8V,13.9V,13.9V,0.0A,0.0A,0.0A,-0.2A,,27.4C,,,,,,,
01/21/15    03:51:29,19 days 03:44:59,15.7V,4.8V,13.9V,13.9V,0.0A,0.0A,0.0A,-0.2A,,27.4C,,,,,,,
01/21/15    03:46:30,19 days 03:40:00,18.0V,4.8V,13.9V,13.9V,0.0A,0.0A,0.0A,-0.2A,,27.3C,,,,,,,
01/21/15    03:41:29,19 days 03:34:59,15.7V,4.8V,13.9V,13.8V,0.0A,0.0A,0.0A,-0.2A,,27.3C,,,,,,,
01/21/15    03:36:30,19 days 03:30:00,15.6V,4.8V,13.9V,13.8V,0.0A,0.0A,0.0A,-0.2A,,27.2C,,,,,,,
01/21/15    03:31:29,19 days 03:24:59,15.8V,4.8V,13.9V,13.8V,0.0A,0.0A,0.0A,-0.2A,,27.2C,,,,,,,
01/21/15    03:26:30,19 days 03:20:00,15.7V,4.8V,13.8V,13.8V,0.0A,0.0A,0.0A,-0.2A,,27.1C,,,,,,,
01/21/15    03:21:29,19 days 03:14:59,15.7V,4.8V,13.8V,13.8V,0.0A,0.0A,0.0A,0.0A,,27.0C,,,,,,,
01/21/15    03:16:30,19 days 03:10:00,15.7V,4.8V,13.8V,13.8V,0.0A,0.0A,0.0A,-0.2A,,27.0C,,,,,,,
01/21/15    03:11:30,19 days 03:05:00,20.4V,4.8V,13.6V,13.6V,0.0A,0.0A,0.0A,-0.2A,,26.9C,,,,,,,
01/21/15    03:06:30,19 days 03:00:00,15.7V,4.8V,13.8V,13.8V,0.0A,0.0A,0.0A,-0.2A,,26.9C,,,,,,,
01/21/15    03:01:30,19 days 02:55:00,15.7V,4.8V,13.8V,13.8V,0.0A,0.0A,0.0A,0.0A,,26.8C,,,,,,,
01/21/15    02:56:30,19 days 02:50:00,15.7V,4.8V,13.8V,13.8V,0.0A,0.0A,0.0A,-0.2A,,26.8C,,,,,,,
01/21/15    02:51:30,19 days 02:45:00,18.0V,4.8V,13.8V,13.8V,0.0A,0.0A,0.0A,0.0A,,26.7C,,,,,,,
01/21/15    02:46:30,19 days 02:40:00,15.6V,4.8V,13.8V,13.8V,0.0A,0.0A,0.0A,0.0A,,26.6C,,,,,,,
01/21/15    02:41:30,19 days 02:35:00,15.6V,4.8V,13.8V,13.8V,0.0A,0.0A,0.0A,-0.2A,,26.6C,,,,,,,
01/21/15    02:36:30,19 days 02:30:00,15.6V,4.8V,13.8V,13.8V,0.0A,0.0A,0.0A,-0.2A,,26.5C,,,,,,,
01/21/15    02:31:30,19 days 02:25:00,15.7V,4.8V,13.8V,13.8V,0.0A,0.0A,0.0A,-0.2A,,26.4C,,,,,,,
01/21/15    02:26:30,19 days 02:20:00,15.8V,4.8V,13.8V,13.8V,0.0A,0.0A,0.0A,-0.2A,,26.4C,,,,,,,
01/21/15    02:21:30,19 days 02:15:00,15.8V,4.8V,13.8V,13.8V,0.0A,0.0A,0.0A,-0.2A,,26.3C,,,,,,,
01/21/15    02:16:30,19 days 02:10:00,15.5V,4.8V,13.8V,13.7V,0.0A,0.0A,0.0A,-0.2A,,26.2C,,,,,,,
01/21/15    02:11:30,19 days 02:05:00,15.6V,4.8V,13.7V,13.7V,0.0A,0.0A,0.0A,-0.2A,,26.1C,,,,,,,
01/21/15    02:06:29,19 days 01:59:59,15.5V,4.8V,13.7V,13.7V,0.0A,0.0A,0.0A,-0.2A,,26.1C,,,,,,,
01/21/15    02:01:29,19 days 01:54:59,15.5V,4.8V,13.7V,13.7V,0.0A,0.0A,0.0A,-0.2A,,26.0C,,,,,,,
01/21/15    01:56:29,19 days 01:50:00,15.4V,4.8V,13.7V,13.7V,0.0A,0.0A,0.0A,-0.2A,,25.9C,,,,,,,
01/21/15    01:51:29,19 days 01:45:00,15.4V,4.8V,13.7V,13.7V,0.0A,0.0A,0.0A,0.0A,,25.8C,,,,,,,
01/21/15    01:46:29,19 days 01:40:00,15.4V,4.8V,13.7V,13.7V,0.0A,0.0A,0.0A,-0.2A,,25.8C,,,,,,,
01/21/15    01:41:29,19 days 01:35:00,15.5V,4.8V,13.7V,13.7V,0.0A,0.0A,0.0A,-0.2A,,25.7C,,,,,,,
01/21/15    01:36:29,19 days 01:30:00,15.5V,4.8V,13.7V,13.7V,0.0A,0.0A,0.0A,-0.2A,,25.6C,,,,,,,
01/21/15    01:31:29,19 days 01:25:00,15.5V,4.8V,13.7V,13.6V,0.0A,0.0A,0.0A,-0.2A,,25.6C,,,,,,,
01/21/15    01:26:28,19 days 01:19:59,15.5V,4.8V,13.7V,13.6V,0.0A,0.0A,0.0A,-0.2A,,25.5C,,,,,,,
01/21/15    01:21:29,19 days 01:15:00,15.6V,4.8V,13.7V,13.6V,0.0A,0.0A,0.0A,0.0A,,25.4C,,,,,,,
01/21/15    01:16:28,19 days 01:09:59,16.2V,4.8V,13.7V,13.6V,0.0A,0.0A,0.0A,-0.2A,,25.3C,,,,,,,
01/21/15    01:11:29,19 days 01:05:00,15.6V,4.8V,13.6V,13.6V,0.0A,0.0A,0.0A,-0.2A,,25.2C,,,,,,,
01/21/15    01:06:28,19 days 00:59:59,15.5V,4.8V,13.6V,13.6V,0.0A,0.0A,0.0A,0.0A,,25.2C,,,,,,,
01/21/15    01:01:29,19 days 00:55:00,15.5V,4.8V,13.6V,13.6V,0.0A,0.0A,0.0A,0.0A,,25.1C,,,,,,,
01/21/15    00:56:29,19 days 00:50:00,15.6V,4.8V,13.6V,13.6V,0.0A,0.0A,0.0A,-0.2A,,25.0C,,,,,,,
01/21/15    00:51:28,19 days 00:44:59,15.7V,4.8V,13.6V,13.6V,0.0A,0.0A,0.0A,-0.2A,,25.0C,,,,,,,
01/21/15    00:46:29,19 days 00:40:00,15.7V,4.8V,13.6V,13.6V,0.0A,0.0A,0.0A,0.0A,,24.9C,,,,,,,
01/21/15    00:41:28,19 days 00:34:59,15.7V,4.8V,13.6V,13.6V,0.0A,0.0A,0.0A,-0.2A,,24.8C,,,,,,,
01/21/15    00:36:29,19 days 00:30:00,16.1V,4.8V,13.7V,13.6V,0.0A,0.0A,0.0A,-0.2A,,24.8C,,,,,,,
01/21/15    00:31:28,19 days 00:24:59,20.1V,4.8V,13.7V,13.7V,0.0A,0.0A,0.0A,-0.2A,,24.8C,,,,,,,
01/21/15    00:26:29,19 days 00:20:00,15.4V,4.8V,13.4V,13.4V,0.0A,0.0A,0.0A,-0.2A,,24.7C,,,,,,,
01/21/15    00:21:29,19 days 00:15:00,15.4V,4.8V,13.4V,13.3V,0.0A,0.0A,0.0A,0.0A,,24.7C,,,,,,,
01/21/15    00:16:29,19 days 00:10:00,15.3V,4.8V,13.3V,13.3V,0.0A,0.0A,0.0A,-0.2A,,24.7C,,,,,,,
01/21/15    00:11:29,19 days 00:05:00,15.3V,4.8V,13.2V,13.2V,0.0A,0.0A,0.0A,-0.2A,,24.7C,,,,,,,
01/21/15    00:06:29,19 days 00:00:00,15.0V,4.8V,13.2V,13.2V,0.0A,0.0A,0.0A,-0.2A,,24.7C,,,,,,,
01/21/15    00:01:28,18 days 23:54:59,15.1V,4.8V,13.2V,13.2V,0.0A,0.0A,0.0A,-0.2A,,24.7C,,,,,,,
01/20/15    23:56:28,18 days 23:49:59,14.8V,4.8V,13.1V,13.1V,0.0A,0.0A,0.0A,-0.2A,,24.7C,,,,,,,
01/20/15    23:51:28,18 days 23:45:00,14.7V,4.8V,13.1V,13.1V,0.0A,0.0A,0.0A,-0.2A,,24.7C,,,,,,,
01/20/15    23:46:28,18 days 23:40:00,14.8V,4.8V,13.1V,13.1V,0.0A,0.0A,0.0A,-0.2A,,24.7C,,,,,,,
01/20/15    23:41:28,18 days 23:35:00,14.6V,4.8V,13.1V,13.1V,0.0A,0.0A,0.0A,-0.2A,,24.6C,,,,,,,
01/20/15    23:36:28,18 days 23:30:00,14.6V,4.8V,13.1V,13.1V,0.0A,0.0A,0.0A,-0.2A,,24.6C,,,,,,,
01/20/15    23:31:28,18 days 23:25:00,14.6V,4.8V,13.1V,13.1V,0.0A,0.0A,0.0A,0.0A,,24.6C,,,,,,,
01/20/15    23:26:28,18 days 23:20:00,14.5V,4.8V,13.1V,13.1V,0.0A,0.0A,0.0A,-0.2A,,24.6C,,,,,,,
01/20/15    23:21:28,18 days 23:15:00,14.6V,4.8V,13.1V,13.0V,0.0A,0.0A,0.0A,-0.2A,,24.6C,,,,,,,
01/20/15    23:16:28,18 days 23:10:00,14.4V,4.8V,13.1V,13.0V,0.0A,0.0A,0.0A,0.0A,,24.6C,,,,,,,
01/20/15    23:11:27,18 days 23:04:59,14.3V,4.8V,13.0V,13.0V,0.0A,0.0A,0.0A,-0.2A,,24.6C,,,,,,,
01/20/15    23:06:28,18 days 23:00:00,14.3V,4.8V,13.0V,13.0V,0.0A,0.0A,0.0A,-0.2A,,24.6C,,,,,,,
01/20/15    23:01:27,18 days 22:54:59,14.3V,4.8V,13.0V,13.0V,0.0A,0.0A,0.0A,-0.2A,,24.6C,,,,,,,
01/20/15    22:56:27,18 days 22:49:59,14.0V,4.8V,13.0V,13.0V,0.0A,0.0A,0.0A,0.0A,,24.5C,,,,,,,
01/20/15    22:51:27,18 days 22:45:00,14.0V,4.8V,13.0V,13.0V,0.0A,0.0A,0.0A,-0.2A,,24.5C,,,,,,,
01/20/15    22:46:27,18 days 22:40:00,13.6V,4.8V,13.0V,13.0V,0.0A,0.0A,0.0A,-0.2A,,24.5C,,,,,,,
01/20/15    22:41:27,18 days 22:35:00,14.5V,4.8V,13.0V,13.0V,0.0A,0.0A,0.0A,-0.2A,,24.5C,,,,,,,
01/20/15    22:36:27,18 days 22:30:00,13.4V,4.8V,13.0V,13.0V,0.0A,0.0A,0.0A,0.0A,,24.5C,,,,,,,
01/20/15    22:31:27,18 days 22:25:00,13.4V,4.8V,13.0V,12.9V,0.0A,0.0A,0.0A,0.0A,,24.5C,,,,,,,
01/20/15    22:26:27,18 days 22:20:00,13.4V,4.8V,13.0V,12.9V,0.0A,0.0A,0.0A,-0.2A,,24.5C,,,,,,,
01/20/15    22:21:27,18 days 22:15:00,13.3V,4.8V,12.8V,12.8V,0.0A,0.0A,0.3A,-0.2A,,24.5C,,,,,,,
01/20/15    22:16:27,18 days 22:10:00,14.1V,4.8V,12.8V,12.8V,0.0A,0.0A,0.3A,-0.2A,,24.5C,,,,,,,
01/20/15    22:11:27,18 days 22:05:00,13.3V,4.8V,12.8V,12.8V,0.0A,0.0A,0.2A,-0.2A,,24.6C,,,,,,,
01/20/15    22:06:27,18 days 22:00:00,12.8V,4.8V,12.8V,12.8V,0.0A,0.0A,0.2A,0.0A,,24.6C,,,,,,,
01/20/15    22:01:27,18 days 21:55:00,12.7V,4.8V,12.8V,12.8V,0.0A,0.0A,0.3A,0.0A,,24.7C,,,,,,,
01/20/15    21:56:27,18 days 21:50:00,12.7V,4.8V,12.8V,12.8V,0.0A,0.0A,0.3A,-0.2A,,24.7C,,,,,,,
01/20/15    21:51:27,18 days 21:45:00,11.6V,4.8V,12.8V,12.8V,0.0A,0.0A,0.2A,-0.2A,,24.7C,,,,,,,
01/20/15    21:46:27,18 days 21:40:00,9.1V,4.8V,12.8V,12.8V,0.0A,0.0A,0.3A,-0.2A,,24.8C,,,,,,,
01/20/15    21:41:27,18 days 21:35:00,6.0V,4.8V,12.8V,12.8V,0.0A,0.0A,0.2A,-0.2A,,24.8C,,,,,,,
01/20/15    21:36:27,18 days 21:30:00,2.4V,4.8V,12.8V,12.8V,0.0A,0.0A,0.3A,0.0A,,24.9C,,,,,,,
01/20/15    21:31:27,18 days 21:25:00,0.6V,4.8V,12.8V,12.8V,0.0A,0.0A,0.3A,-0.2A,,24.9C,,,,,,,
01/20/15    21:26:27,18 days 21:20:00,0.2V,4.8V,12.8V,12.8V,0.0A,0.0A,0.2A,-0.2A,,25.0C,,,,,,,
01/20/15    21:21:27,18 days 21:15:00,0.0V,4.8V,12.8V,12.8V,0.0A,0.0A,0.2A,-0.2A,,25.1C,,,,,,,
01/20/15    21:16:27,18 days 21:10:00,0.0V,4.8V,12.8V,12.8V,0.0A,0.0A,0.3A,-0.2A,,25.2C,,,,,,,
01/20/15    21:11:27,18 days 21:05:00,0.0V,4.8V,12.8V,12.8V,0.0A,0.0A,0.3A,0.0A,,25.2C,,,,,,,
01/20/15    21:06:26,18 days 20:59:59,0.0V,4.8V,13.0V,13.0V,0.0A,0.0A,0.0A,-0.2A,,25.3C,,,,,,,
01/20/15    21:01:27,18 days 20:55:00,0.0V,4.8V,13.0V,13.0V,0.0A,0.0A,0.0A,0.0A,,25.3C,,,,,,,
01/20/15    20:56:26,18 days 20:49:59,0.0V,4.8V,13.0V,13.0V,0.0A,0.0A,0.0A,0.0A,,25.4C,,,,,,,
01/20/15    20:51:26,18 days 20:44:59,0.0V,4.8V,13.0V,13.0V,0.0A,0.0A,0.0A,-0.2A,,25.4C,,,,,,,
01/20/15    20:46:26,18 days 20:39:59,0.0V,4.8V,13.0V,13.0V,0.0A,0.0A,0.0A,0.0A,,25.5C,,,,,,,
01/20/15    20:41:26,18 days 20:34:59,0.0V,4.8V,13.0V,13.0V,0.0A,0.0A,0.0A,0.0A,,25.5C,,,,,,,
01/20/15    20:36:26,18 days 20:30:00,0.0V,4.8V,13.0V,13.0V,0.0A,0.0A,0.0A,-0.2A,,25.6C,,,,,,,
01/20/15    20:31:26,18 days 20:25:00,0.0V,4.8V,13.0V,13.0V,0.0A,0.0A,0.0A,-0.2A,,25.7C,,,,,,,
01/20/15    20:26:26,18 days 20:20:00,0.0V,4.8V,13.0V,13.0V,0.0A,0.0A,0.0A,-0.2A,,25.7C,,,,,,,
01/20/15    20:21:26,18 days 20:15:00,0.0V,4.8V,13.0V,13.0V,0.0A,0.0A,0.0A,-0.2A,,25.7C,,,,,,,
01/20/15    20:16:26,18 days 20:10:00,0.0V,4.8V,13.0V,13.0V,0.0A,0.0A,0.0A,0.0A,,25.8C,,,,,,,
01/20/15    20:11:26,18 days 20:05:00,0.0V,4.7V,12.9V,12.8V,0.4A,0.0A,0.0A,-0.2A,,25.8C,,,,,,,
01/20/15    20:06:26,18 days 20:00:00,0.0V,4.7V,12.9V,12.8V,0.4A,0.0A,0.0A,-0.2A,,25.8C,,,,,,,
01/20/15    20:01:26,18 days 19:55:00,0.0V,4.7V,12.9V,12.9V,0.4A,0.0A,0.0A,-0.2A,,25.8C,,,,,,,
01/20/15    19:56:26,18 days 19:50:00,0.0V,4.7V,12.9V,12.9V,0.4A,0.0A,0.0A,-0.2A,,25.8C,,,,,,,
01/20/15    19:51:26,18 days 19:45:00,0.0V,4.7V,12.9V,12.8V,0.5A,0.0A,0.0A,-0.2A,,25.9C,,,,,,,
01/20/15    19:46:26,18 days 19:40:00,0.0V,4.7V,12.9V,12.8V,0.5A,0.0A,0.0A,-0.2A,,25.9C,,,,,,,
01/20/15    19:41:26,18 days 19:35:00,0.0V,4.7V,12.9V,12.9V,0.4A,0.0A,0.0A,0.0A,,25.9C,,,,,,,
01/20/15    19:36:26,18 days 19:30:00,0.0V,4.7V,12.9V,12.9V,0.4A,0.0A,0.0A,-0.2A,,25.9C,,,,,,,
01/20/15    19:31:26,18 days 19:25:00,0.0V,4.7V,12.9V,12.9V,0.4A,0.0A,0.0A,0.0A,,25.9C,,,,,,,
01/20/15    19:26:26,18 days 19:20:00,0.0V,4.7V,12.9V,12.8V,0.5A,0.0A,0.0A,-0.2A,,25.9C,,,,,,,
01/20/15    19:21:25,18 days 19:14:59,0.0V,4.7V,12.9V,12.8V,0.5A,0.0A,0.0A,-0.2A,,25.9C,,,,,,,
01/20/15    19:16:26,18 days 19:10:00,0.0V,4.7V,12.9V,12.8V,0.5A,0.0A,0.0A,-0.2A,,25.9C,,,,,,,
01/20/15    19:11:25,18 days 19:04:59,0.0V,4.7V,12.9V,12.8V,0.5A,0.0A,0.0A,-0.2A,,26.0C,,,,,,,
01/20/15    19:06:26,18 days 19:00:00,0.0V,4.7V,12.9V,12.8V,0.5A,0.0A,0.0A,-0.2A,,26.0C,,,,,,,
01/20/15    19:01:25,18 days 18:54:59,0.0V,4.7V,12.9V,12.9V,0.5A,0.0A,0.0A,-0.2A,,26.0C,,,,,,,
01/20/15    18:56:25,18 days 18:49:59,0.0V,4.7V,12.9V,12.9V,0.5A,0.0A,0.0A,0.0A,,26.0C,,,,,,,
01/20/15    18:51:25,18 days 18:44:59,0.0V,4.7V,12.9V,12.9V,0.5A,0.0A,0.0A,-0.2A,,26.0C,,,,,,,
01/20/15    18:46:25,18 days 18:40:00,0.0V,4.7V,12.9V,12.9V,0.5A,0.0A,0.0A,-0.2A,,26.0C,,,,,,,
01/20/15    18:41:25,18 days 18:35:00,0.0V,4.7V,12.9V,12.9V,0.5A,0.0A,0.0A,0.0A,,26.1C,,,,,,,
01/20/15    18:36:25,18 days 18:30:00,0.0V,4.7V,12.9V,12.9V,0.5A,0.0A,0.0A,-0.2A,,26.1C,,,,,,,
01/20/15    18:31:25,18 days 18:25:00,0.0V,4.7V,12.9V,12.9V,0.5A,0.0A,0.0A,0.0A,,26.1C,,,,,,,
01/20/15    18:26:25,18 days 18:20:00,0.0V,4.7V,12.9V,12.9V,0.5A,0.0A,0.0A,-0.2A,,26.1C,,,,,,,
01/20/15    18:21:25,18 days 18:15:00,0.0V,4.7V,12.9V,12.9V,0.5A,0.0A,0.0A,-0.2A,,26.1C,,,,,,,
01/20/15    18:16:25,18 days 18:10:00,0.0V,4.7V,12.9V,12.9V,0.5A,0.0A,0.0A,-0.2A,,26.1C,,,,,,,
01/20/15    18:11:25,18 days 18:05:00,0.0V,4.7V,12.9V,12.9V,0.5A,0.0A,0.0A,-0.2A,,26.1C,,,,,,,
01/20/15    18:06:25,18 days 18:00:00,0.0V,4.7V,12.9V,12.9V,0.5A,0.0A,0.0A,-0.2A,,26.2C,,,,,,,
01/20/15    18:01:25,18 days 17:55:00,0.0V,4.7V,12.9V,12.9V,0.5A,0.0A,0.0A,-0.2A,,26.2C,,,,,,,
01/20/15    17:56:24,18 days 17:49:59,0.0V,4.7V,12.9V,12.9V,0.5A,0.0A,0.0A,-0.2A,,26.2C,,,,,,,
01/20/15    17:51:24,18 days 17:45:00,0.0V,4.7V,12.9V,12.9V,0.5A,0.0A,0.0A,-0.2A,,26.2C,,,,,,,
01/20/15    17:46:24,18 days 17:40:00,0.0V,4.7V,12.9V,12.9V,0.5A,0.0A,0.0A,-0.2A,,26.2C,,,,,,,
01/20/15    17:41:24,18 days 17:35:00,0.0V,4.7V,12.9V,12.9V,0.5A,0.0A,0.0A,-0.2A,,26.2C,,,,,,,
01/20/15    17:36:24,18 days 17:30:00,0.0V,4.7V,12.9V,12.9V,0.5A,0.0A,0.0A,-0.2A,,26.2C,,,,,,,
01/20/15    17:31:24,18 days 17:25:00,0.0V,4.7V,12.9V,12.9V,0.5A,0.0A,0.0A,-0.2A,,26.3C,,,,,,,
01/20/15    17:26:23,18 days 17:19:59,0.0V,4.7V,12.9V,12.9V,0.5A,0.0A,0.0A,-0.2A,,26.3C,,,,,,,
01/20/15    17:21:24,18 days 17:15:00,0.0V,4.7V,12.9V,12.9V,0.5A,0.0A,0.0A,0.0A,,26.3C,,,,,,,
01/20/15    17:16:23,18 days 17:09:59,0.0V,4.7V,12.9V,12.9V,0.5A,0.0A,0.0A,-0.2A,,26.3C,,,,,,,
01/20/15    17:11:23,18 days 17:05:00,0.0V,4.7V,12.9V,12.9V,0.5A,0.0A,0.0A,-0.2A,,26.3C,,,,,,,
01/20/15    17:06:23,18 days 17:00:00,0.0V,4.7V,12.9V,12.9V,0.5A,0.0A,0.0A,0.0A,,26.3C,,,,,,,
01/20/15    17:01:23,18 days 16:55:00,0.0V,4.7V,12.9V,12.9V,0.5A,0.0A,0.0A,-0.2A,,26.3C,,,,,,,
01/20/15    16:56:23,18 days 16:50:00,0.0V,4.7V,12.9V,12.9V,0.5A,0.0A,0.0A,-0.2A,,26.3C,,,,,,,
01/20/15    16:51:23,18 days 16:45:00,0.0V,4.7V,12.9V,12.9V,0.5A,0.0A,0.0A,0.0A,,26.3C,,,,,,,
01/20/15    16:46:23,18 days 16:40:00,0.0V,4.7V,12.9V,12.9V,0.5A,0.0A,0.0A,-0.2A,,26.4C,,,,,,,
01/20/15    16:41:23,18 days 16:35:00,0.0V,4.7V,12.9V,12.9V,0.5A,0.0A,0.0A,0.0A,,26.4C,,,,,,,
01/20/15    16:36:23,18 days 16:30:00,0.0V,4.7V,12.9V,12.9V,0.5A,0.0A,0.0A,0.0A,,26.4C,,,,,,,
01/20/15    16:31:23,18 days 16:25:00,0.0V,4.7V,12.9V,12.9V,0.5A,0.0A,0.0A,0.0A,,26.4C,,,,,,,
01/20/15    16:26:23,18 days 16:20:00,0.0V,4.7V,12.9V,12.9V,0.4A,0.0A,0.0A,-0.2A,,26.4C,,,,,,,
01/20/15    16:21:23,18 days 16:15:00,0.0V,4.7V,12.9V,12.9V,0.5A,0.0A,0.0A,-0.2A,,26.4C,,,,,,,
01/20/15    16:16:22,18 days 16:09:59,0.0V,4.7V,12.9V,12.9V,0.5A,0.0A,0.0A,-0.2A,,26.4C,,,,,,,
01/20/15    16:11:22,18 days 16:04:59,0.0V,4.7V,12.9V,12.9V,0.5A,0.0A,0.0A,-0.2A,,26.5C,,,,,,,
01/20/15    16:06:22,18 days 15:59:59,0.0V,4.7V,12.9V,12.9V,0.5A,0.0A,0.0A,-0.2A,,26.5C,,,,,,,
01/20/15    16:01:22,18 days 15:55:00,0.0V,4.7V,12.9V,12.9V,0.5A,0.0A,0.0A,-0.2A,,26.5C,,,,,,,
01/20/15    15:56:22,18 days 15:50:00,0.0V,4.7V,12.9V,12.9V,0.5A,0.0A,0.0A,-0.2A,,26.5C,,,,,,,
01/20/15    15:51:22,18 days 15:45:00,0.0V,4.7V,12.9V,12.9V,0.5A,0.0A,0.0A,-0.2A,,26.6C,,,,,,,
01/20/15    15:46:22,18 days 15:40:00,0.0V,4.7V,12.9V,12.9V,0.5A,0.0A,0.0A,-0.2A,,26.6C,,,,,,,
01/20/15    15:41:21,18 days 15:34:59,0.0V,4.7V,12.9V,12.9V,0.5A,0.0A,0.0A,0.0A,,26.7C,,,,,,,
01/20/15    15:36:22,18 days 15:30:00,0.0V,4.7V,12.9V,12.9V,0.5A,0.0A,0.0A,-0.2A,,26.7C,,,,,,,
01/20/15    15:31:21,18 days 15:24:59,0.0V,4.7V,12.9V,12.9V,0.5A,0.0A,0.0A,0.0A,,26.7C,,,,,,,
01/20/15    15:26:21,18 days 15:20:00,0.0V,4.7V,12.9V,12.9V,0.5A,0.0A,0.0A,0.0A,,26.8C,,,,,,,
01/20/15    15:21:21,18 days 15:15:00,0.0V,4.7V,12.9V,12.9V,0.5A,0.0A,0.0A,0.0A,,26.8C,,,,,,,
01/20/15    15:16:21,18 days 15:10:00,0.0V,4.7V,12.9V,12.9V,0.5A,0.0A,0.0A,-0.2A,,26.8C,,,,,,,
01/20/15    15:11:20,18 days 15:04:59,0.0V,4.7V,12.9V,12.9V,0.5A,0.0A,0.0A,-0.2A,,26.8C,,,,,,,
01/20/15    15:06:21,18 days 15:00:00,0.0V,4.7V,12.9V,12.9V,0.5A,0.0A,0.0A,-0.2A,,26.9C,,,,,,,
01/20/15    15:01:20,18 days 14:54:59,0.0V,4.7V,12.9V,12.9V,0.5A,0.0A,0.0A,-0.2A,,26.9C,,,,,,,
01/20/15    14:56:20,18 days 14:50:00,0.0V,4.7V,12.9V,12.9V,0.5A,0.0A,0.0A,-0.2A,,26.9C,,,,,,,
01/20/15    14:51:20,18 days 14:45:00,0.0V,4.7V,12.9V,12.9V,0.5A,0.0A,0.0A,-0.2A,,27.0C,,,,,,,
01/20/15    14:46:20,18 days 14:40:00,0.0V,4.7V,12.9V,12.9V,0.5A,0.0A,0.0A,-0.2A,,27.0C,,,,,,,
01/20/15    14:41:20,18 days 14:35:00,0.0V,4.7V,12.9V,12.9V,0.5A,0.0A,0.0A,-0.2A,,27.0C,,,,,,,
01/20/15    14:36:20,18 days 14:30:00,0.1V,4.7V,12.9V,12.9V,0.5A,0.0A,0.0A,-0.2A,,27.1C,,,,,,,
01/20/15    14:31:19,18 days 14:24:59,0.1V,4.7V,13.0V,12.9V,0.5A,0.0A,0.0A,-0.2A,,27.1C,,,,,,,
01/20/15    14:26:20,18 days 14:20:00,0.1V,4.7V,13.0V,12.9V,0.5A,0.0A,0.0A,0.0A,,27.1C,,,,,,,
01/20/15    14:21:19,18 days 14:14:59,0.1V,4.7V,13.0V,12.9V,0.5A,0.0A,0.0A,-0.2A,,27.2C,,,,,,,
01/20/15    14:16:20,18 days 14:10:00,0.1V,4.7V,13.0V,12.9V,0.5A,0.0A,0.0A,-0.2A,,27.2C,,,,,,,
01/20/15    14:11:19,18 days 14:04:59,0.1V,4.7V,13.0V,12.9V,0.5A,0.0A,0.0A,-0.2A,,27.2C,,,,,,,
01/20/15    14:06:20,18 days 14:00:00,0.1V,4.7V,13.0V,13.0V,0.5A,0.0A,0.0A,-0.2A,,27.2C,,,,,,,
01/20/15    14:01:19,18 days 13:54:59,0.1V,4.7V,13.0V,13.0V,0.5A,0.0A,0.0A,-0.2A,,27.3C,,,,,,,
01/20/15    13:56:19,18 days 13:50:00,0.1V,4.7V,13.0V,13.0V,0.5A,0.0A,0.0A,-0.2A,,27.3C,,,,,,,
01/20/15    13:51:19,18 days 13:45:00,0.1V,4.7V,13.0V,13.0V,0.5A,0.0A,0.0A,-0.2A,,27.3C,,,,,,,
01/20/15    13:46:19,18 days 13:40:00,0.1V,4.7V,13.0V,13.0V,0.5A,0.0A,0.0A,-0.2A,,27.3C,,,,,,,
01/20/15    13:41:19,18 days 13:35:00,0.1V,4.7V,13.0V,13.0V,0.5A,0.0A,0.0A,-0.2A,,27.4C,,,,,,,
01/20/15    13:36:18,18 days 13:29:59,0.1V,4.7V,13.0V,13.0V,0.5A,0.0A,0.0A,-0.2A,,27.4C,,,,,,,
01/20/15    13:31:19,18 days 13:25:00,0.1V,4.7V,13.0V,13.0V,0.5A,0.0A,0.0A,0.0A,,27.4C,,,,,,,
01/20/15    13:26:18,18 days 13:20:00,0.1V,4.7V,13.0V,13.0V,0.5A,0.0A,0.0A,-0.2A,,27.4C,,,,,,,
01/20/15    13:21:18,18 days 13:15:00,0.1V,4.7V,13.0V,13.0V,0.5A,0.0A,0.0A,-0.2A,,27.4C,,,,,,,
01/20/15    13:16:18,18 days 13:10:00,0.1V,4.7V,13.0V,13.0V,0.5A,0.0A,0.0A,-0.2A,,27.4C,,,,,,,
01/20/15    13:11:18,18 days 13:05:00,0.1V,4.7V,13.0V,13.0V,0.5A,0.0A,0.0A,0.0A,,27.4C,,,,,,,
01/20/15    13:06:18,18 days 13:00:00,0.1V,4.7V,13.0V,13.0V,0.5A,0.0A,0.0A,-0.2A,,27.4C,,,,,,,
01/20/15    13:01:18,18 days 12:55:00,0.1V,4.7V,13.0V,13.0V,0.5A,0.0A,0.0A,-0.2A,,27.4C,,,,,,,
01/20/15    12:56:17,18 days 12:49:59,0.1V,4.7V,13.0V,13.0V,0.5A,0.0A,0.0A,-0.2A,,27.4C,,,,,,,
01/20/15    12:51:18,18 days 12:45:00,0.1V,4.7V,13.0V,13.0V,0.5A,0.0A,0.0A,-0.2A,,27.4C,,,,,,,
01/20/15    12:46:17,18 days 12:39:59,0.1V,4.7V,13.0V,13.0V,0.5A,0.0A,0.0A,-0.2A,,27.4C,,,,,,,
01/20/15    12:41:17,18 days 12:35:00,0.1V,4.7V,13.0V,13.0V,0.5A,0.0A,0.0A,-0.2A,,27.4C,,,,,,,
01/20/15    12:36:17,18 days 12:30:00,0.1V,4.7V,13.0V,13.0V,0.5A,0.0A,0.0A,-0.2A,,27.4C,,,,,,,
01/20/15    12:31:17,18 days 12:25:00,0.0V,4.7V,13.1V,13.0V,0.5A,0.0A,0.0A,-0.2A,,27.4C,,,,,,,
01/20/15    12:26:17,18 days 12:20:00,0.0V,4.7V,13.0V,13.0V,0.5A,0.0A,0.0A,-0.2A,,27.4C,,,,,,,
01/20/15    12:21:17,18 days 12:15:00,0.0V,4.8V,13.0V,13.0V,0.0A,0.0A,0.2A,-0.2A,,27.4C,,,,,,,
01/20/15    12:16:16,18 days 12:09:59,0.0V,4.8V,13.0V,13.0V,0.0A,0.0A,0.2A,-0.2A,,27.5C,,,,,,,
01/20/15    12:11:17,18 days 12:05:00,0.0V,4.8V,13.0V,13.0V,0.0A,0.0A,0.2A,-0.2A,,27.5C,,,,,,,
01/20/15    12:06:16,18 days 11:59:59,0.0V,4.8V,13.0V,13.0V,0.0A,0.0A,0.2A,-0.2A,,27.5C,,,,,,,
01/20/15    12:01:16,18 days 11:55:00,0.1V,4.8V,13.0V,13.0V,0.0A,0.0A,0.2A,-0.2A,,27.6C,,,,,,,
01/20/15    11:56:16,18 days 11:50:00,0.1V,4.7V,12.8V,12.8V,0.5A,0.1A,0.3A,-0.2A,,27.6C,,,,,,,
01/20/15    11:51:16,18 days 11:45:00,0.1V,4.7V,12.8V,12.8V,0.5A,0.1A,0.3A,0.0A,,27.7C,,,,,,,
01/20/15    11:46:16,18 days 11:40:00,0.1V,4.7V,12.8V,12.8V,0.5A,0.1A,0.2A,-0.2A,,27.7C,,,,,,,
01/20/15    11:41:16,18 days 11:35:00,0.0V,4.7V,13.0V,12.9V,0.5A,0.0A,0.3A,-0.2A,,27.8C,,,,,,,
01/20/15    11:36:16,18 days 11:30:00,0.0V,4.8V,13.1V,13.0V,0.0A,0.0A,0.2A,-0.2A,,27.8C,,,,,,,
01/20/15    11:31:16,18 days 11:25:00,0.1V,4.8V,13.1V,13.0V,0.0A,0.0A,0.2A,0.0A,,27.9C,,,,,,,
01/20/15    11:26:16,18 days 11:20:00,0.1V,4.7V,12.9V,12.9V,0.6A,0.0A,0.3A,-0.2A,,27.9C,,,,,,,
01/20/15    11:21:16,18 days 11:15:00,0.1V,4.7V,13.0V,12.9V,0.5A,0.0A,0.3A,-0.2A,,27.9C,,,,,,,
01/20/15    11:16:16,18 days 11:10:00,0.1V,4.7V,13.0V,12.9V,0.5A,0.0A,0.2A,-0.2A,,28.0C,,,,,,,
01/20/15    11:11:15,18 days 11:04:59,0.1V,4.7V,13.0V,12.9V,0.5A,0.0A,0.3A,0.0A,,28.0C,,,,,,,
01/20/15    11:06:16,18 days 11:00:00,0.1V,4.7V,13.0V,12.9V,0.5A,0.0A,0.3A,-0.2A,,28.1C,,,,,,,
01/20/15    11:01:15,18 days 10:54:59,0.1V,4.7V,13.0V,12.9V,0.5A,0.0A,0.3A,-0.2A,,28.1C,,,,,,,
01/20/15    10:56:15,18 days 10:49:59,0.1V,4.7V,13.0V,12.9V,0.5A,0.0A,0.2A,-0.2A,,28.2C,,,,,,,
01/20/15    10:51:15,18 days 10:45:00,0.1V,4.7V,13.0V,12.9V,0.5A,0.0A,0.2A,-0.2A,,28.2C,,,,,,,
01/20/15    10:46:15,18 days 10:40:00,0.0V,4.7V,13.0V,12.9V,0.5A,0.0A,0.2A,-0.2A,,28.3C,,,,,,,
01/20/15    10:41:15,18 days 10:35:00,0.1V,5.2V,13.1V,13.0V,0.0A,0.0A,0.2A,-0.2A,,28.3C,,,,,,,
01/20/15    10:36:15,18 days 10:30:00,0.0V,4.7V,13.0V,12.9V,0.5A,0.0A,0.2A,-0.2A,,28.4C,,,,,,,
01/20/15    10:31:15,18 days 10:25:00,0.0V,5.2V,13.1V,13.0V,0.0A,0.0A,0.2A,-0.2A,,28.4C,,,,,,,
01/20/15    10:26:15,18 days 10:20:00,0.0V,4.8V,13.1V,13.0V,0.0A,0.0A,0.2A,-0.2A,,28.5C,,,,,,,
01/20/15    10:21:15,18 days 10:15:00,0.1V,4.8V,13.1V,13.0V,0.0A,0.0A,0.2A,-0.2A,,28.5C,,,,,,,
01/20/15    10:16:15,18 days 10:10:00,0.1V,4.7V,13.0V,12.9V,0.5A,0.0A,0.2A,-0.2A,,28.5C,,,,,,,
01/20/15    10:11:14,18 days 10:04:59,0.1V,4.7V,13.0V,12.9V,0.5A,0.0A,0.2A,-0.2A,,28.5C,,,,,,,
01/20/15    10:06:15,18 days 10:00:00,0.1V,4.7V,13.0V,12.9V,0.5A,0.0A,0.2A,-0.2A,,28.5C,,,,,,,
01/20/15    10:01:14,18 days 09:54:59,0.1V,4.7V,13.0V,12.9V,0.5A,0.0A,0.3A,-0.2A,,28.5C,,,,,,,
01/20/15    09:56:14,18 days 09:49:59,0.1V,4.7V,13.0V,12.9V,0.5A,0.0A,0.2A,-0.2A,,28.5C,,,,,,,
01/20/15    09:51:14,18 days 09:44:59,0.1V,4.7V,13.0V,12.9V,0.5A,0.0A,0.2A,-0.2A,,28.5C,,,,,,,
01/20/15    09:46:14,18 days 09:40:00,0.1V,4.7V,13.0V,12.9V,0.5A,0.0A,0.2A,-0.2A,,28.5C,,,,,,,
01/20/15    09:41:14,18 days 09:35:00,0.2V,4.7V,13.0V,12.9V,0.5A,0.0A,0.2A,0.0A,,28.6C,,,,,,,
01/20/15    09:36:14,18 days 09:30:00,0.5V,4.7V,13.0V,12.9V,0.5A,0.0A,0.2A,-0.2A,,28.6C,,,,,,,
01/20/15    09:31:14,18 days 09:25:00,1.1V,4.7V,13.0V,13.0V,0.4A,0.0A,0.2A,-0.2A,,28.6C,,,,,,,
01/20/15    09:26:14,18 days 09:20:00,2.9V,4.7V,13.0V,13.0V,0.4A,0.0A,0.2A,-0.2A,,28.7C,,,,,,,
01/20/15    09:21:14,18 days 09:15:00,7.5V,4.7V,13.0V,13.0V,0.4A,0.0A,0.2A,-0.2A,,28.7C,,,,,,,
01/20/15    09:16:14,18 days 09:10:00,11.5V,4.7V,13.0V,13.0V,0.5A,0.0A,0.2A,-0.2A,,28.7C,,,,,,,
01/20/15    09:11:14,18 days 09:05:00,12.9V,4.7V,13.0V,13.0V,0.5A,0.0A,0.2A,-0.2A,,28.7C,,,,,,,
01/20/15    09:06:13,18 days 08:59:59,13.0V,4.7V,13.0V,13.0V,0.5A,0.0A,0.2A,-0.2A,,28.7C,,,,,,,
01/20/15    09:01:14,18 days 08:55:00,13.2V,4.7V,13.0V,13.0V,0.5A,0.0A,0.2A,0.0A,,28.8C,,,,,,,
01/20/15    08:56:13,18 days 08:49:59,13.7V,4.8V,13.2V,13.2V,0.0A,0.0A,0.0A,-0.2A,,28.9C,,,,,,,
01/20/15    08:51:13,18 days 08:45:00,13.7V,4.8V,13.3V,13.2V,0.0A,0.0A,0.0A,-0.2A,,28.9C,,,,,,,
01/20/15    08:46:13,18 days 08:40:00,13.7V,4.8V,13.3V,13.3V,0.0A,0.0A,0.0A,-0.2A,,29.0C,,,,,,,
01/20/15    08:41:13,18 days 08:35:00,13.8V,4.8V,13.3V,13.3V,0.0A,0.0A,0.0A,-0.2A,,29.0C,,,,,,,
01/20/15    08:36:13,18 days 08:30:00,13.8V,4.8V,13.4V,13.3V,0.0A,0.0A,0.0A,-0.2A,,29.1C,,,,,,,
01/20/15    08:31:13,18 days 08:25:00,14.1V,4.8V,13.4V,13.4V,0.0A,0.0A,0.0A,-0.2A,,29.1C,,,,,,,
01/20/15    08:26:13,18 days 08:20:00,14.3V,4.8V,13.5V,13.5V,0.0A,0.0A,0.0A,-0.2A,,29.2C,,,,,,,
01/20/15    08:21:13,18 days 08:15:00,14.4V,4.8V,13.6V,13.6V,0.0A,0.0A,0.0A,0.0A,,29.2C,,,,,,,
01/20/15    08:16:12,18 days 08:09:59,14.6V,4.8V,13.8V,13.7V,0.0A,0.0A,0.0A,-0.2A,,29.2C,,,,,,,
01/20/15    08:11:13,18 days 08:05:00,14.9V,4.8V,13.9V,13.9V,0.0A,0.0A,0.0A,-0.2A,,29.3C,,,,,,,
01/20/15    08:06:12,18 days 07:59:59,15.2V,4.8V,14.1V,14.1V,0.0A,0.0A,0.0A,-0.2A,,29.3C,,,,,,,
01/20/15    08:01:12,18 days 07:54:59,15.3V,4.8V,14.3V,14.2V,0.0A,0.0A,0.0A,-0.2A,,29.4C,,,,,,,
01/20/15    07:56:12,18 days 07:49:59,20.1V,4.8V,14.4V,14.3V,0.0A,0.0A,0.0A,-0.2A,,29.4C,,,,,,,
01/20/15    07:51:12,18 days 07:45:00,20.4V,4.8V,14.4V,14.3V,0.0A,0.0A,0.0A,-0.2A,,29.4C,,,,,,,
01/20/15    07:46:12,18 days 07:40:00,20.6V,4.8V,14.4V,14.3V,0.0A,0.0A,0.0A,0.0A,,29.4C,,,,,,,
01/20/15    07:41:12,18 days 07:35:00,20.6V,4.8V,14.4V,14.3V,0.0A,0.0A,0.0A,-0.2A,,29.4C,,,,,,,
01/20/15    07:36:12,18 days 07:30:00,20.7V,4.8V,14.4V,14.3V,0.0A,0.0A,0.0A,-0.2A,,29.4C,,,,,,,
01/20/15    07:31:12,18 days 07:25:00,20.7V,4.8V,14.4V,14.3V,0.0A,0.0A,0.0A,-0.2A,,29.4C,,,,,,,
01/20/15    07:26:12,18 days 07:20:00,20.8V,4.8V,14.4V,14.3V,0.0A,0.0A,0.0A,-0.2A,,29.4C,,,,,,,
01/20/15    07:21:12,18 days 07:15:00,20.9V,4.8V,14.4V,14.3V,0.0A,0.0A,0.0A,-0.2A,,29.4C,,,,,,,
01/20/15    07:16:11,18 days 07:09:59,21.0V,4.8V,14.4V,14.3V,0.0A,0.0A,0.0A,-0.2A,,29.3C,,,,,,,
01/20/15    07:11:11,18 days 07:04:59,21.1V,4.8V,14.4V,14.3V,0.0A,0.0A,0.0A,0.0A,,29.3C,,,,,,,
01/20/15    07:06:11,18 days 06:59:59,21.1V,4.8V,14.4V,14.3V,0.0A,0.0A,0.0A,-0.2A,,29.3C,,,,,,,
01/20/15    07:01:11,18 days 06:54:59,21.1V,4.8V,14.4V,14.3V,0.0A,0.0A,0.0A,-0.2A,,29.3C,,,,,,,
01/20/15    06:56:11,18 days 06:50:00,21.1V,4.8V,14.4V,14.3V,0.0A,0.0A,0.0A,-0.2A,,29.2C,,,,,,,
01/20/15    06:51:11,18 days 06:45:00,21.1V,4.8V,14.4V,14.3V,0.0A,0.0A,0.0A,-0.2A,,29.2C,,,,,,,
01/20/15    06:46:11,18 days 06:40:00,21.1V,4.8V,14.4V,14.3V,0.0A,0.0A,0.0A,-0.2A,,29.2C,,,,,,,
01/20/15    06:41:11,18 days 06:35:00,21.1V,4.8V,14.4V,14.3V,0.0A,0.0A,0.0A,-0.2A,,29.1C,,,,,,,
01/20/15    06:36:11,18 days 06:30:00,21.0V,4.8V,14.4V,14.3V,0.0A,0.0A,0.0A,-0.2A,,29.1C,,,,,,,
01/20/15    06:31:11,18 days 06:25:00,20.9V,4.8V,14.4V,14.3V,0.0A,0.0A,0.0A,-0.2A,,29.0C,,,,,,,
01/20/15    06:26:11,18 days 06:20:00,20.9V,4.8V,14.4V,14.3V,0.0A,0.0A,0.0A,-0.2A,,29.0C,,,,,,,
01/20/15    06:21:11,18 days 06:15:00,21.0V,4.8V,14.4V,14.3V,0.0A,0.0A,0.0A,-0.2A,,29.0C,,,,,,,
01/20/15    06:16:11,18 days 06:10:00,21.0V,4.8V,14.4V,14.3V,0.0A,0.0A,0.0A,-0.2A,,28.9C,,,,,,,
01/20/15    06:11:11,18 days 06:05:00,20.8V,4.8V,14.4V,14.3V,0.0A,0.0A,0.0A,-0.2A,,28.9C,,,,,,,
01/20/15    06:06:11,18 days 06:00:00,20.8V,4.8V,14.4V,14.3V,0.0A,0.0A,0.0A,-0.2A,,28.9C,,,,,,,
01/20/15    06:01:11,18 days 05:55:00,20.8V,4.8V,14.4V,14.3V,0.0A,0.0A,0.0A,-0.2A,,28.8C,,,,,,,
01/20/15    05:56:11,18 days 05:50:00,20.8V,4.8V,14.4V,14.3V,0.0A,0.0A,0.0A,-0.2A,,28.8C,,,,,,,
01/20/15    05:51:11,18 days 05:45:00,20.9V,4.8V,14.4V,14.3V,0.0A,0.0A,0.0A,-0.2A,,28.7C,,,,,,,
01/20/15    05:46:11,18 days 05:40:00,20.9V,4.8V,14.4V,14.3V,0.0A,0.0A,0.0A,-0.2A,,28.7C,,,,,,,
01/20/15    05:41:11,18 days 05:35:00,20.8V,4.8V,14.4V,14.3V,0.0A,0.0A,0.0A,-0.2A,,28.6C,,,,,,,
01/20/15    05:36:11,18 days 05:30:00,20.9V,4.8V,14.3V,14.3V,0.0A,0.0A,0.0A,-0.2A,,28.5C,,,,,,,
01/20/15    05:31:11,18 days 05:25:00,20.5V,4.7V,14.2V,14.2V,0.5A,0.0A,0.0A,-0.2A,,28.4C,,,,,,,
01/20/15    05:26:11,18 days 05:20:00,20.7V,4.7V,14.0V,14.0V,0.5A,0.0A,0.0A,-0.2A,,28.3C,,,,,,,
01/20/15    05:21:11,18 days 05:15:00,20.3V,4.7V,14.3V,14.2V,0.4A,0.0A,0.0A,-0.2A,,28.2C,,,,,,,
01/20/15    05:16:11,18 days 05:10:00,20.8V,4.8V,14.4V,14.3V,0.0A,0.0A,0.0A,-0.2A,,28.1C,,,,,,,
01/20/15    05:11:11,18 days 05:05:00,20.8V,5.2V,14.4V,14.3V,0.0A,0.0A,0.0A,-0.2A,,28.1C,,,,,,,
01/20/15    05:06:11,18 days 05:00:00,20.6V,5.2V,14.4V,14.3V,0.0A,0.0A,0.0A,0.0A,,28.0C,,,,,,,
01/20/15    05:01:10,18 days 04:54:59,20.6V,5.2V,14.4V,14.3V,0.0A,0.0A,0.0A,-0.2A,,27.9C,,,,,,,
01/20/15    04:56:11,18 days 04:50:00,20.6V,5.2V,14.4V,14.3V,0.0A,0.0A,0.0A,-0.2A,,27.9C,,,,,,,
01/20/15    04:51:10,18 days 04:44:59,20.8V,5.2V,14.4V,14.3V,0.0A,0.0A,0.0A,-0.2A,,27.8C,,,,,,,
01/20/15    04:46:11,18 days 04:40:00,20.8V,5.2V,14.4V,14.3V,0.0A,0.0A,0.0A,0.0A,,27.8C,,,,,,,
01/20/15    04:41:11,18 days 04:35:00,20.8V,5.2V,14.4V,14.3V,0.0A,0.0A,0.0A,0.0A,,27.7C,,,,,,,
01/20/15    04:36:11,18 days 04:30:00,20.7V,5.2V,14.4V,14.3V,0.0A,0.0A,0.0A,-0.2A,,27.6C,,,,,,,
01/20/15    04:31:11,18 days 04:25:00,20.7V,5.2V,14.4V,14.3V,0.0A,0.0A,0.0A,0.0A,,27.6C,,,,,,,
01/20/15    04:26:11,18 days 04:20:00,20.7V,5.2V,14.4V,14.3V,0.0A,0.0A,0.0A,-0.2A,,27.5C,,,,,,,
01/20/15    04:21:11,18 days 04:15:00,20.8V,5.2V,14.4V,14.3V,0.0A,0.0A,0.0A,-0.2A,,27.4C,,,,,,,
01/20/15    04:16:11,18 days 04:10:00,20.8V,5.2V,14.4V,14.3V,0.0A,0.0A,0.0A,-0.2A,,27.4C,,,,,,,
01/20/15    04:11:11,18 days 04:05:00,20.8V,5.2V,14.4V,14.3V,0.0A,0.0A,0.0A,-0.2A,,27.3C,,,,,,,
01/20/15    04:06:11,18 days 04:00:00,20.7V,5.2V,14.4V,14.3V,0.0A,0.0A,0.0A,-0.2A,,27.3C,,,,,,,
01/20/15    04:01:11,18 days 03:55:00,20.9V,5.2V,14.4V,14.3V,0.0A,0.0A,0.0A,-0.2A,,27.2C,,,,,,,
01/20/15    03:56:11,18 days 03:50:00,20.8V,5.2V,14.4V,14.3V,0.0A,0.0A,0.0A,-0.2A,,27.2C,,,,,,,
01/20/15    03:51:11,18 days 03:45:00,20.8V,5.2V,14.4V,14.3V,0.0A,0.0A,0.0A,-0.2A,,27.1C,,,,,,,
01/20/15    03:46:11,18 days 03:40:00,20.6V,5.2V,14.4V,14.3V,0.0A,0.0A,0.0A,0.0A,,27.1C,,,,,,,
01/20/15    03:41:11,18 days 03:35:00,20.7V,5.2V,14.4V,14.3V,0.0A,0.0A,0.0A,-0.2A,,27.0C,,,,,,,
01/20/15    03:36:10,18 days 03:29:59,20.8V,5.2V,14.4V,14.3V,0.0A,0.0A,0.0A,-0.2A,,27.0C,,,,,,,
01/20/15    03:31:10,18 days 03:25:00,20.7V,5.2V,14.4V,14.3V,0.0A,0.0A,0.0A,0.0A,,26.9C,,,,,,,
01/20/15    03:26:10,18 days 03:20:00,20.7V,5.2V,14.4V,14.3V,0.0A,0.0A,0.0A,-0.2A,,26.9C,,,,,,,
01/20/15    03:21:10,18 days 03:15:00,20.7V,5.2V,14.4V,14.3V,0.0A,0.0A,0.0A,-0.2A,,26.9C,,,,,,,
01/20/15    03:16:10,18 days 03:10:00,20.7V,5.2V,14.4V,14.3V,0.0A,0.0A,0.0A,0.0A,,26.8C,,,,,,,
01/20/15    03:11:10,18 days 03:05:00,20.6V,5.2V,14.4V,14.3V,0.0A,0.0A,0.0A,-0.2A,,26.8C,,,,,,,
01/20/15    03:06:09,18 days 02:59:59,20.8V,5.2V,14.4V,14.3V,0.0A,0.0A,0.0A,-0.2A,,26.7C,,,,,,,
01/20/15    03:01:10,18 days 02:55:00,20.7V,5.2V,14.4V,14.3V,0.0A,0.0A,0.0A,-0.2A,,26.7C,,,,,,,
01/20/15    02:56:09,18 days 02:49:59,20.7V,5.2V,14.4V,14.3V,0.0A,0.0A,0.0A,-0.2A,,26.6C,,,,,,,
01/20/15    02:51:09,18 days 02:44:59,20.8V,5.2V,14.4V,14.3V,0.0A,0.0A,0.0A,0.0A,,26.6C,,,,,,,
01/20/15    02:46:09,18 days 02:39:59,20.8V,5.2V,14.4V,14.3V,0.0A,0.0A,0.0A,-0.2A,,26.6C,,,,,,,
01/20/15    02:41:09,18 days 02:34:59,20.7V,5.2V,14.4V,14.4V,0.0A,0.0A,0.0A,0.0A,,26.5C,,,,,,,
01/20/15    02:36:09,18 days 02:30:00,20.8V,5.2V,14.4V,14.3V,0.0A,0.0A,0.0A,0.0A,,26.5C,,,,,,,
01/20/15    02:31:09,18 days 02:25:00,20.7V,5.2V,14.4V,14.3V,0.0A,0.0A,0.0A,0.0A,,26.5C,,,,,,,
01/20/15    02:26:09,18 days 02:20:00,20.7V,5.2V,14.4V,14.3V,0.0A,0.0A,0.0A,-0.2A,,26.4C,,,,,,,
01/20/15    02:21:09,18 days 02:15:00,20.7V,5.2V,14.4V,14.3V,0.0A,0.0A,0.0A,-0.2A,,26.4C,,,,,,,
01/20/15    02:16:09,18 days 02:10:00,20.8V,5.2V,14.4V,14.3V,0.0A,0.0A,0.0A,-0.2A,,26.4C,,,,,,,
01/20/15    02:11:09,18 days 02:05:00,20.8V,5.2V,14.4V,14.3V,0.0A,0.0A,0.0A,-0.2A,,26.4C,,,,,,,
01/20/15    02:06:09,18 days 02:00:00,20.8V,5.2V,14.4V,14.3V,0.0A,0.0A,0.0A,0.0A,,26.4C,,,,,,,
01/20/15    02:01:08,18 days 01:54:59,20.7V,5.2V,14.4V,14.3V,0.0A,0.0A,0.0A,-0.2A,,26.3C,,,,,,,
01/20/15    01:56:09,18 days 01:50:00,20.7V,5.2V,14.4V,14.3V,0.0A,0.0A,0.0A,-0.2A,,26.3C,,,,,,,
01/20/15    01:51:08,18 days 01:44:59,20.8V,5.2V,14.4V,14.3V,0.0A,0.0A,0.0A,-0.2A,,26.3C,,,,,,,
01/20/15    01:46:09,18 days 01:40:00,20.8V,5.2V,14.4V,14.3V,0.0A,0.0A,0.0A,-0.2A,,26.3C,,,,,,,
01/20/15    01:41:08,18 days 01:34:59,20.7V,5.2V,14.4V,14.3V,0.0A,0.0A,0.0A,-0.2A,,26.2C,,,,,,,
01/20/15    01:36:08,18 days 01:29:59,20.8V,5.2V,14.4V,14.3V,0.0A,0.0A,0.0A,0.0A,,26.2C,,,,,,,
01/20/15    01:31:08,18 days 01:25:00,20.7V,5.2V,14.4V,14.3V,0.0A,0.0A,0.0A,-0.2A,,26.2C,,,,,,,
01/20/15    01:26:08,18 days 01:20:00,20.7V,5.2V,14.4V,14.3V,0.0A,0.0A,0.0A,-0.2A,,26.2C,,,,,,,
01/20/15    01:21:08,18 days 01:15:00,20.7V,5.2V,14.4V,14.3V,0.0A,0.0A,0.0A,0.0A,,26.2C,,,,,,,
01/20/15    01:16:08,18 days 01:10:00,20.8V,5.2V,14.4V,14.3V,0.0A,0.0A,0.0A,0.0A,,26.1C,,,,,,,
01/20/15    01:11:08,18 days 01:05:00,20.8V,5.2V,14.4V,14.3V,0.0A,0.0A,0.0A,0.0A,,26.1C,,,,,,,
01/20/15    01:06:08,18 days 01:00:00,20.9V,5.2V,14.4V,14.3V,0.0A,0.0A,0.0A,-0.2A,,26.1C,,,,,,,
01/20/15    01:01:07,18 days 00:54:59,20.9V,5.2V,14.4V,14.3V,0.0A,0.0A,0.0A,-0.2A,,26.1C,,,,,,,
01/20/15    00:56:07,18 days 00:49:59,20.7V,5.2V,14.4V,14.3V,0.0A,0.0A,0.0A,-0.2A,,26.0C,,,,,,,
01/20/15    00:51:07,18 days 00:45:00,20.7V,5.2V,14.4V,14.3V,0.0A,0.0A,0.0A,-0.2A,,26.0C,,,,,,,
01/20/15    00:46:07,18 days 00:40:00,20.3V,5.2V,14.3V,14.3V,0.0A,0.0A,0.0A,0.0A,,25.9C,,,,,,,
01/20/15    00:41:07,18 days 00:35:00,16.1V,5.2V,14.1V,14.1V,0.0A,0.0A,0.0A,-0.2A,,25.9C,,,,,,,
01/20/15    00:36:07,18 days 00:30:00,16.0V,5.2V,13.9V,13.9V,0.0A,0.0A,0.0A,-0.2A,,25.8C,,,,,,,
01/20/15    00:31:06,18 days 00:25:00,16.0V,5.2V,13.9V,13.8V,0.0A,0.0A,0.0A,-0.2A,,25.8C,,,,,,,
01/20/15    00:26:06,18 days 00:20:00,15.9V,5.2V,13.8V,13.8V,0.0A,0.0A,0.0A,0.0A,,25.7C,,,,,,,
01/20/15    00:21:06,18 days 00:15:00,15.9V,5.2V,13.8V,13.8V,0.0A,0.0A,0.0A,-0.2A,,25.7C,,,,,,,
01/20/15    00:16:06,18 days 00:10:00,15.9V,5.2V,13.8V,13.8V,0.0A,0.0A,0.0A,0.0A,,25.6C,,,,,,,
01/20/15    00:11:06,18 days 00:05:00,15.7V,5.2V,13.8V,13.7V,0.0A,0.0A,0.0A,-0.2A,,25.6C,,,,,,,
01/20/15    00:06:05,18 days 00:00:00,15.7V,5.2V,13.7V,13.7V,0.0A,0.0A,0.0A,-0.2A,,25.6C,,,,,,,
01/20/15    00:01:05,17 days 23:55:00,15.7V,5.2V,13.7V,13.7V,0.0A,0.0A,0.0A,0.0A,,25.5C,,,,,,,
01/19/15    23:56:05,17 days 23:50:00,15.7V,5.2V,13.7V,13.7V,0.0A,0.0A,0.0A,-0.2A,,25.5C,,,,,,,
01/19/15    23:51:05,17 days 23:45:00,15.7V,5.2V,13.7V,13.7V,0.0A,0.0A,0.0A,-0.2A,,25.4C,,,,,,,
01/19/15    23:46:04,17 days 23:40:00,15.6V,5.2V,13.7V,13.7V,0.0A,0.0A,0.0A,-0.2A,,25.4C,,,,,,,
01/19/15    23:41:04,17 days 23:35:00,15.7V,5.2V,13.7V,13.7V,0.0A,0.0A,0.0A,-0.2A,,25.4C,,,,,,,
01/19/15    23:36:04,17 days 23:30:00,15.7V,5.2V,13.7V,13.6V,0.0A,0.0A,0.0A,-0.2A,,25.3C,,,,,,,
01/19/15    23:31:04,17 days 23:25:00,15.7V,5.2V,13.7V,13.6V,0.0A,0.0A,0.0A,-0.2A,,25.3C,,,,,,,
01/19/15    23:26:03,17 days 23:20:00,15.7V,5.2V,13.7V,13.6V,0.0A,0.0A,0.0A,0.0A,,25.3C,,,,,,,
01/19/15    23:21:03,17 days 23:15:00,15.7V,5.2V,13.6V,13.6V,0.0A,0.0A,0.0A,-0.2A,,25.3C,,,,,,,
01/19/15    23:16:03,17 days 23:10:00,15.7V,5.2V,13.6V,13.6V,0.0A,0.0A,0.0A,-0.2A,,25.3C,,,,,,,
01/19/15    23:11:03,17 days 23:05:00,15.4V,5.2V,13.3V,13.3V,0.0A,0.0A,0.0A,-0.2A,,25.3C,,,,,,,
01/19/15    23:06:02,17 days 23:00:00,15.4V,5.2V,13.3V,13.2V,0.0A,0.0A,0.0A,0.0A,,25.3C,,,,,,,
01/19/15    23:01:02,17 days 22:55:00,15.3V,5.2V,13.3V,13.2V,0.0A,0.0A,0.0A,0.0A,,25.3C,,,,,,,
01/19/15    22:56:02,17 days 22:50:00,15.3V,5.2V,13.3V,13.2V,0.0A,0.0A,0.0A,0.0A,,25.3C,,,,,,,
01/19/15    22:51:02,17 days 22:45:00,15.2V,5.2V,13.3V,13.2V,0.0A,0.0A,0.0A,-0.2A,,25.3C,,,,,,,
01/19/15    22:46:01,17 days 22:39:59,15.1V,5.2V,13.3V,13.2V,0.0A,0.0A,0.0A,-0.2A,,25.3C,,,,,,,
01/19/15    22:41:01,17 days 22:34:59,15.1V,5.2V,13.2V,13.2V,0.0A,0.0A,0.0A,-0.2A,,25.3C,,,,,,,
01/19/15    22:36:01,17 days 22:29:59,15.2V,5.2V,13.2V,13.2V,0.0A,0.0A,0.0A,-0.2A,,25.3C,,,,,,,
01/19/15    22:31:01,17 days 22:25:00,21.2V,5.2V,13.2V,13.2V,0.0A,0.0A,0.0A,-0.2A,,25.3C,,,,,,,
01/19/15    22:26:01,17 days 22:20:00,14.9V,5.2V,13.2V,13.2V,0.0A,0.0A,0.0A,0.0A,,25.3C,,,,,,,
01/19/15    22:21:01,17 days 22:15:00,14.8V,5.2V,13.2V,13.2V,0.0A,0.0A,0.0A,-0.2A,,25.3C,,,,,,,
01/19/15    22:16:00,17 days 22:09:59,13.7V,5.2V,13.2V,13.2V,0.0A,0.0A,0.0A,0.0A,,25.3C,,,,,,,
01/19/15    22:11:00,17 days 22:04:59,13.7V,5.2V,13.2V,13.2V,0.0A,0.0A,0.0A,-0.2A,,25.4C,,,,,,,
01/19/15    22:06:00,17 days 22:00:00,13.7V,5.2V,13.2V,13.2V,0.0A,0.0A,0.0A,0.0A,,25.4C,,,,,,,
01/19/15    22:01:00,17 days 21:55:00,13.6V,5.2V,13.2V,13.2V,0.0A,0.0A,0.0A,-0.2A,,25.4C,,,,,,,
01/19/15    21:56:00,17 days 21:50:00,13.4V,5.2V,13.2V,13.2V,0.0A,0.0A,0.0A,-0.2A,,25.4C,,,,,,,
01/19/15    21:51:00,17 days 21:45:00,13.3V,5.2V,13.2V,13.2V,0.0A,0.0A,0.0A,0.0A,,25.4C,,,,,,,
01/19/15    21:46:00,17 days 21:40:00,13.1V,5.2V,13.2V,13.2V,0.0A,0.0A,0.0A,0.0A,,25.4C,,,,,,,
01/19/15    21:40:59,17 days 21:35:00,8.0V,5.2V,13.2V,13.2V,0.0A,0.0A,0.0A,-0.2A,,25.4C,,,,,,,
01/19/15    21:35:59,17 days 21:30:00,3.7V,5.2V,13.2V,13.2V,0.0A,0.0A,0.0A,-0.2A,,25.4C,,,,,,,
01/19/15    21:30:59,17 days 21:25:00,1.3V,5.2V,13.2V,13.2V,0.0A,0.0A,0.0A,0.0A,,25.4C,,,,,,,
01/19/15    21:25:59,17 days 21:20:00,0.4V,5.2V,13.2V,13.2V,0.0A,0.0A,0.0A,-0.2A,,25.5C,,,,,,,
01/19/15    21:20:58,17 days 21:14:59,0.1V,5.2V,13.2V,13.2V,0.0A,0.0A,0.0A,0.0A,,25.5C,,,,,,,
01/19/15    21:15:58,17 days 21:10:00,0.0V,5.2V,13.2V,13.2V,0.0A,0.0A,0.0A,-0.2A,,25.5C,,,,,,,
01/19/15    21:10:58,17 days 21:05:00,0.0V,5.2V,13.2V,13.2V,0.0A,0.0A,0.0A,-0.2A,,25.5C,,,,,,,
01/19/15    21:05:58,17 days 21:00:00,0.0V,5.2V,13.2V,13.2V,0.0A,0.0A,0.0A,-0.2A,,25.5C,,,,,,,
01/19/15    21:00:58,17 days 20:55:00,0.0V,5.2V,13.2V,13.2V,0.0A,0.0A,0.0A,-0.2A,,25.5C,,,,,,,
01/19/15    20:55:58,17 days 20:50:00,0.0V,5.2V,13.2V,13.2V,0.0A,0.0A,0.0A,-0.2A,,25.6C,,,,,,,
01/19/15    20:50:57,17 days 20:44:59,0.0V,5.2V,13.2V,13.2V,0.0A,0.0A,0.0A,-0.2A,,25.6C,,,,,,,
01/19/15    20:45:57,17 days 20:39:59,0.0V,5.2V,13.2V,13.2V,0.0A,0.0A,0.0A,-0.2A,,25.6C,,,,,,,
01/19/15    20:40:57,17 days 20:35:00,0.0V,5.2V,13.2V,13.2V,0.0A,0.0A,0.0A,-0.2A,,25.6C,,,,,,,
01/19/15    20:35:57,17 days 20:30:00,0.0V,5.2V,13.2V,13.2V,0.0A,0.0A,0.0A,-0.2A,,25.6C,,,,,,,
01/19/15    20:30:57,17 days 20:25:00,0.0V,5.2V,13.2V,13.2V,0.0A,0.0A,0.0A,-0.2A,,25.6C,,,,,,,
01/19/15    20:25:57,17 days 20:20:00,0.0V,5.2V,13.2V,13.2V,0.0A,0.0A,0.0A,-0.2A,,25.6C,,,,,,,
01/19/15    20:20:56,17 days 20:14:59,0.0V,5.2V,13.2V,13.2V,0.0A,0.0A,0.0A,0.0A,,25.7C,,,,,,,
01/19/15    20:15:56,17 days 20:09:59,0.0V,5.2V,13.2V,13.2V,0.0A,0.0A,0.0A,-0.2A,,25.7C,,,,,,,
01/19/15    20:10:56,17 days 20:05:00,0.0V,5.2V,13.2V,13.2V,0.0A,0.0A,0.0A,0.0A,,25.7C,,,,,,,
01/19/15    20:05:56,17 days 20:00:00,0.0V,5.2V,13.2V,13.2V,0.0A,0.0A,0.0A,0.0A,,25.7C,,,,,,,
01/19/15    20:00:56,17 days 19:55:00,0.0V,5.2V,13.2V,13.2V,0.0A,0.0A,0.0A,0.0A,,25.7C,,,,,,,
01/19/15    19:55:56,17 days 19:50:00,0.0V,5.2V,13.2V,13.2V,0.0A,0.0A,0.0A,0.0A,,25.7C,,,,,,,
01/19/15    19:50:56,17 days 19:45:00,0.0V,5.2V,13.2V,13.2V,0.0A,0.0A,0.0A,-0.2A,,25.7C,,,,,,,
01/19/15    19:45:56,17 days 19:40:00,0.0V,5.2V,13.2V,13.2V,0.0A,0.0A,0.0A,-0.2A,,25.8C,,,,,,,
01/19/15    19:40:56,17 days 19:35:00,0.0V,5.2V,13.2V,13.2V,0.0A,0.0A,0.0A,-0.2A,,25.8C,,,,,,,
01/19/15    19:35:55,17 days 19:29:59,0.0V,5.2V,13.2V,13.2V,0.0A,0.0A,0.0A,-0.2A,,25.8C,,,,,,,
01/19/15    19:30:56,17 days 19:25:00,0.0V,5.2V,13.2V,13.2V,0.0A,0.0A,0.0A,0.0A,,25.8C,,,,,,,
01/19/15    19:25:55,17 days 19:19:59,0.0V,5.2V,13.2V,13.2V,0.0A,0.0A,0.0A,0.0A,,25.8C,,,,,,,
01/19/15    19:20:55,17 days 19:14:59,0.0V,5.2V,13.2V,13.2V,0.0A,0.0A,0.0A,-0.2A,,25.8C,,,,,,,
01/19/15    19:15:55,17 days 19:10:00,0.0V,5.2V,13.2V,13.2V,0.0A,0.0A,0.0A,0.0A,,25.8C,,,,,,,
01/19/15    19:10:55,17 days 19:05:00,0.0V,5.2V,13.2V,13.2V,0.0A,0.0A,0.0A,-0.2A,,25.8C,,,,,,,
01/19/15    19:05:55,17 days 19:00:00,0.0V,5.2V,13.2V,13.2V,0.0A,0.0A,0.0A,-0.2A,,25.8C,,,,,,,
01/19/15    19:00:55,17 days 18:55:00,0.0V,5.2V,13.2V,13.2V,0.0A,0.0A,0.0A,0.0A,,25.8C,,,,,,,
01/19/15    18:55:54,17 days 18:49:59,0.0V,5.2V,13.2V,13.2V,0.0A,0.0A,0.0A,-0.2A,,25.8C,,,,,,,
01/19/15    18:50:54,17 days 18:44:59,0.0V,5.2V,13.2V,13.2V,0.0A,0.0A,0.0A,-0.2A,,25.9C,,,,,,,
01/19/15    18:45:54,17 days 18:39:59,0.0V,5.2V,13.2V,13.2V,0.0A,0.0A,0.0A,-0.2A,,25.9C,,,,,,,
01/19/15    18:40:54,17 days 18:34:59,0.0V,5.2V,13.2V,13.2V,0.0A,0.0A,0.0A,-0.2A,,25.9C,,,,,,,
01/19/15    18:35:54,17 days 18:30:00,0.0V,5.2V,13.2V,13.2V,0.0A,0.0A,0.0A,-0.2A,,26.0C,,,,,,,
01/19/15    18:30:54,17 days 18:25:00,0.0V,5.2V,13.2V,13.2V,0.0A,0.0A,0.0A,0.0A,,26.0C,,,,,,,
01/19/15    18:25:54,17 days 18:20:00,0.0V,5.2V,13.2V,13.2V,0.0A,0.0A,0.0A,-0.2A,,26.1C,,,,,,,
01/19/15    18:20:54,17 days 18:15:00,0.0V,5.2V,13.2V,13.2V,0.0A,0.0A,0.0A,-0.2A,,26.1C,,,,,,,
01/19/15    18:15:53,17 days 18:09:59,0.0V,5.2V,13.2V,13.2V,0.0A,0.0A,0.0A,-0.2A,,26.2C,,,,,,,
01/19/15    18:10:54,17 days 18:05:00,0.0V,5.2V,13.2V,13.2V,0.0A,0.0A,0.0A,-0.2A,,26.2C,,,,,,,
01/19/15    18:05:53,17 days 17:59:59,0.0V,5.2V,13.2V,13.2V,0.0A,0.0A,0.0A,-0.2A,,26.2C,,,,,,,
01/19/15    18:00:53,17 days 17:54:59,0.0V,5.2V,13.2V,13.2V,0.0A,0.0A,0.0A,-0.2A,,26.3C,,,,,,,
01/19/15    17:55:53,17 days 17:49:59,0.0V,5.2V,13.2V,13.2V,0.0A,0.0A,0.0A,0.0A,,26.3C,,,,,,,
01/19/15    17:50:53,17 days 17:45:00,0.0V,5.2V,13.2V,13.2V,0.0A,0.0A,0.0A,-0.2A,,26.4C,,,,,,,
01/19/15    17:45:53,17 days 17:40:00,0.0V,5.2V,13.2V,13.2V,0.0A,0.0A,0.0A,-0.2A,,26.4C,,,,,,,
01/19/15    17:40:53,17 days 17:35:00,0.0V,5.2V,13.2V,13.2V,0.0A,0.0A,0.0A,-0.2A,,26.4C,,,,,,,
01/19/15    17:35:53,17 days 17:30:00,0.0V,5.2V,13.2V,13.2V,0.0A,0.0A,0.0A,0.0A,,26.4C,,,,,,,
01/19/15    17:30:53,17 days 17:25:00,0.0V,5.2V,13.2V,13.2V,0.0A,0.0A,0.0A,-0.2A,,26.4C,,,,,,,
01/19/15    17:25:53,17 days 17:20:00,0.0V,5.2V,13.2V,13.2V,0.0A,0.0A,0.0A,-0.2A,,26.5C,,,,,,,
01/19/15    17:20:53,17 days 17:15:00,0.0V,5.2V,13.2V,13.2V,0.0A,0.0A,0.0A,-0.2A,,26.5C,,,,,,,
01/19/15    17:15:53,17 days 17:10:00,0.0V,5.2V,13.2V,13.2V,0.0A,0.0A,0.0A,0.0A,,26.6C,,,,,,,
01/19/15    17:10:53,17 days 17:05:00,0.0V,5.2V,13.2V,13.2V,0.0A,0.0A,0.0A,-0.2A,,26.6C,,,,,,,
01/19/15    17:05:53,17 days 17:00:00,0.0V,5.2V,13.2V,13.2V,0.0A,0.0A,0.0A,-0.2A,,26.6C,,,,,,,
01/19/15    17:00:53,17 days 16:55:00,0.0V,5.2V,13.2V,13.2V,0.0A,0.0A,0.0A,-0.2A,,26.6C,,,,,,,
01/19/15    16:55:53,17 days 16:50:00,0.0V,5.2V,13.2V,13.2V,0.0A,0.0A,0.0A,-0.2A,,26.6C,,,,,,,
01/19/15    16:50:53,17 days 16:45:00,0.0V,5.2V,13.2V,13.2V,0.0A,0.0A,0.0A,-0.2A,,26.7C,,,,,,,
01/19/15    16:45:53,17 days 16:40:00,0.0V,5.2V,13.2V,13.2V,0.0A,0.0A,0.0A,0.0A,,26.7C,,,,,,,
01/19/15    16:40:53,17 days 16:35:00,0.0V,5.2V,13.2V,13.2V,0.0A,0.0A,0.0A,0.0A,,26.7C,,,,,,,
01/19/15    16:35:53,17 days 16:30:00,0.0V,5.2V,13.2V,13.2V,0.0A,0.0A,0.0A,-0.2A,,26.7C,,,,,,,
01/19/15    16:30:53,17 days 16:25:00,0.0V,5.2V,13.2V,13.2V,0.0A,0.0A,0.0A,-0.2A,,26.7C,,,,,,,
01/19/15    16:25:53,17 days 16:20:00,0.0V,5.2V,13.2V,13.2V,0.0A,0.0A,0.0A,-0.2A,,26.8C,,,,,,,
01/19/15    16:20:53,17 days 16:15:00,0.0V,5.2V,13.2V,13.2V,0.0A,0.0A,0.0A,-0.2A,,26.8C,,,,,,,
01/19/15    16:15:53,17 days 16:10:00,0.0V,5.2V,13.2V,13.2V,0.0A,0.0A,0.0A,-0.2A,,26.8C,,,,,,,
01/19/15    16:10:53,17 days 16:05:00,0.0V,5.2V,13.2V,13.2V,0.0A,0.0A,0.0A,-0.2A,,26.8C,,,,,,,
01/19/15    16:05:53,17 days 16:00:00,0.0V,5.2V,13.2V,13.2V,0.0A,0.0A,0.0A,-0.2A,,26.8C,,,,,,,
01/19/15    16:00:53,17 days 15:55:00,0.0V,5.2V,13.2V,13.2V,0.0A,0.0A,0.0A,-0.2A,,26.9C,,,,,,,
01/19/15    15:55:53,17 days 15:50:00,0.0V,5.2V,13.2V,13.2V,0.0A,0.0A,0.0A,-0.2A,,26.9C,,,,,,,
01/19/15    15:50:53,17 days 15:45:00,0.0V,5.2V,13.2V,13.2V,0.0A,0.0A,0.0A,-0.2A,,26.9C,,,,,,,
01/19/15    15:45:53,17 days 15:40:00,0.0V,5.2V,13.2V,13.2V,0.0A,0.0A,0.0A,-0.2A,,26.9C,,,,,,,
01/19/15    15:40:53,17 days 15:35:00,0.0V,5.2V,13.2V,13.2V,0.0A,0.0A,0.0A,0.0A,,26.9C,,,,,,,
01/19/15    15:35:53,17 days 15:30:00,0.0V,5.2V,13.2V,13.2V,0.0A,0.0A,0.0A,-0.2A,,27.0C,,,,,,,
01/19/15    15:30:53,17 days 15:25:00,0.0V,5.2V,13.2V,13.2V,0.0A,0.0A,0.0A,-0.2A,,27.0C,,,,,,,
01/19/15    15:25:53,17 days 15:20:00,0.0V,5.2V,13.2V,13.2V,0.0A,0.0A,0.0A,0.0A,,27.0C,,,,,,,
01/19/15    15:20:53,17 days 15:15:00,0.0V,5.2V,13.2V,13.2V,0.0A,0.0A,0.0A,-0.2A,,27.0C,,,,,,,
01/19/15    15:15:53,17 days 15:10:00,0.0V,5.2V,13.2V,13.2V,0.0A,0.0A,0.0A,-0.2A,,27.0C,,,,,,,
01/19/15    15:10:53,17 days 15:05:00,0.0V,5.2V,13.2V,13.2V,0.0A,0.0A,0.0A,-0.2A,,27.0C,,,,,,,
01/19/15    15:05:52,17 days 14:59:59,0.0V,5.2V,13.2V,13.2V,0.0A,0.0A,0.0A,-0.2A,,27.0C,,,,,,,
01/19/15    15:00:52,17 days 14:55:00,0.0V,5.2V,13.2V,13.2V,0.0A,0.0A,0.0A,-0.2A,,27.0C,,,,,,,
01/19/15    14:55:52,17 days 14:50:00,0.0V,5.2V,13.2V,13.2V,0.0A,0.0A,0.0A,0.0A,,27.0C,,,,,,,
01/19/15    14:50:52,17 days 14:45:00,0.0V,5.2V,13.2V,13.2V,0.0A,0.0A,0.0A,-0.2A,,27.1C,,,,,,,
01/19/15    14:45:52,17 days 14:40:00,0.0V,5.2V,13.2V,13.2V,0.0A,0.0A,0.0A,-0.2A,,27.1C,,,,,,,
01/19/15    14:40:52,17 days 14:35:00,0.0V,5.2V,13.2V,13.2V,0.0A,0.0A,0.0A,0.0A,,27.1C,,,,,,,
01/19/15    14:35:52,17 days 14:30:00,0.0V,5.2V,13.2V,13.2V,0.0A,0.0A,0.0A,-0.2A,,27.1C,,,,,,,
01/19/15    14:30:52,17 days 14:25:00,0.0V,5.2V,13.2V,13.2V,0.0A,0.0A,0.0A,-0.2A,,27.1C,,,,,,,
01/19/15    14:25:51,17 days 14:19:59,0.0V,5.2V,13.2V,13.2V,0.0A,0.0A,0.0A,-0.2A,,27.2C,,,,,,,
01/19/15    14:20:52,17 days 14:15:00,0.0V,5.2V,13.2V,13.2V,0.0A,0.0A,0.0A,0.0A,,27.2C,,,,,,,
01/19/15    14:15:51,17 days 14:09:59,0.0V,5.2V,13.2V,13.2V,0.0A,0.0A,0.0A,-0.2A,,27.2C,,,,,,,
01/19/15    14:10:51,17 days 14:04:59,0.0V,5.2V,13.2V,13.2V,0.0A,0.0A,0.0A,0.0A,,27.2C,,,,,,,
01/19/15    14:05:51,17 days 14:00:00,0.0V,5.2V,13.2V,13.2V,0.0A,0.0A,0.0A,-0.2A,,27.3C,,,,,,,
01/19/15    14:00:51,17 days 13:55:00,0.0V,5.2V,13.2V,13.2V,0.0A,0.0A,0.0A,-0.2A,,27.3C,,,,,,,
01/19/15    13:55:51,17 days 13:50:00,0.0V,5.2V,13.2V,13.2V,0.0A,0.0A,0.0A,-0.2A,,27.3C,,,,,,,
01/19/15    13:50:51,17 days 13:45:00,0.0V,5.2V,13.2V,13.2V,0.0A,0.0A,0.0A,-0.2A,,27.3C,,,,,,,
01/19/15    13:45:51,17 days 13:40:00,0.0V,5.2V,13.2V,13.2V,0.0A,0.0A,0.0A,-0.2A,,27.3C,,,,,,,
01/19/15    13:40:51,17 days 13:35:00,0.0V,5.3V,13.2V,13.2V,0.0A,0.0A,0.0A,0.0A,,27.3C,,,,,,,
01/19/15    13:35:50,17 days 13:29:59,0.0V,5.2V,13.2V,13.2V,0.0A,0.0A,0.0A,-0.2A,,27.4C,,,,,,,
01/19/15    13:30:50,17 days 13:24:59,0.0V,5.2V,13.2V,13.2V,0.0A,0.0A,0.0A,-0.2A,,27.4C,,,,,,,
01/19/15    13:25:50,17 days 13:19:59,0.0V,5.2V,13.2V,13.2V,0.0A,0.0A,0.0A,0.0A,,27.4C,,,,,,,
01/19/15    13:20:50,17 days 13:14:59,0.0V,5.2V,13.2V,13.2V,0.0A,0.0A,0.0A,-0.2A,,27.4C,,,,,,,
01/19/15    13:15:50,17 days 13:09:59,0.0V,5.2V,13.2V,13.2V,0.0A,0.0A,0.0A,-0.2A,,27.4C,,,,,,,
01/19/15    13:10:50,17 days 13:04:59,0.0V,5.2V,13.2V,13.2V,0.0A,0.0A,0.0A,-0.2A,,27.4C,,,,,,,
01/19/15    13:05:50,17 days 13:00:00,0.0V,5.2V,13.2V,13.2V,0.0A,0.0A,0.0A,-0.2A,,27.4C,,,,,,,
01/19/15    13:00:50,17 days 12:55:00,0.0V,5.2V,13.2V,13.2V,0.0A,0.0A,0.0A,-0.2A,,27.5C,,,,,,,
01/19/15    12:55:50,17 days 12:49:59,0.0V,5.2V,13.2V,13.2V,0.0A,0.0A,0.0A,-0.2A,,27.5C,,,,,,,
01/19/15    12:50:50,17 days 12:45:00,0.0V,5.2V,13.2V,13.2V,0.0A,0.0A,0.0A,-0.2A,,27.5C,,,,,,,
01/19/15    12:45:50,17 days 12:40:00,0.0V,5.2V,13.2V,13.2V,0.0A,0.0A,0.0A,-0.2A,,27.5C,,,,,,,
01/19/15    12:40:50,17 days 12:35:00,0.0V,5.2V,13.2V,13.2V,0.0A,0.0A,0.0A,-0.2A,,27.5C,,,,,,,
01/19/15    12:35:50,17 days 12:30:00,0.0V,5.3V,13.2V,13.2V,0.0A,0.0A,0.0A,-0.2A,,27.5C,,,,,,,
01/19/15    12:30:50,17 days 12:25:00,0.0V,5.2V,13.2V,13.2V,0.0A,0.0A,0.0A,0.0A,,27.5C,,,,,,,
01/19/15    12:25:50,17 days 12:20:00,0.0V,5.2V,13.2V,13.2V,0.0A,0.0A,0.0A,0.0A,,27.5C,,,,,,,
01/19/15    12:20:50,17 days 12:15:00,0.0V,5.2V,13.2V,13.2V,0.0A,0.0A,0.0A,-0.2A,,27.5C,,,,,,,
01/19/15    12:15:50,17 days 12:10:00,0.0V,5.2V,13.2V,13.2V,0.0A,0.0A,0.0A,0.0A,,27.6C,,,,,,,
01/19/15    12:10:50,17 days 12:05:00,0.0V,5.3V,13.2V,13.2V,0.0A,0.0A,0.0A,-0.2A,,27.6C,,,,,,,
01/19/15    12:05:50,17 days 12:00:00,0.0V,5.2V,13.2V,13.2V,0.0A,0.0A,0.0A,-0.2A,,27.6C,,,,,,,
01/19/15    12:00:49,17 days 11:54:59,0.0V,5.2V,13.2V,13.2V,0.0A,0.0A,0.0A,-0.2A,,27.6C,,,,,,,
01/19/15    11:55:49,17 days 11:49:59,0.0V,5.2V,13.2V,13.2V,0.0A,0.0A,0.0A,-0.2A,,27.6C,,,,,,,
01/19/15    11:50:49,17 days 11:45:00,0.0V,5.2V,13.2V,13.2V,0.0A,0.0A,0.0A,-0.2A,,27.6C,,,,,,,
01/19/15    11:45:49,17 days 11:40:00,0.0V,5.2V,13.2V,13.2V,0.0A,0.0A,0.0A,-0.2A,,27.6C,,,,,,,
01/19/15    11:40:49,17 days 11:35:00,0.0V,5.2V,13.2V,13.2V,0.0A,0.0A,0.0A,-0.2A,,27.6C,,,,,,,
01/19/15    11:35:49,17 days 11:30:00,0.0V,5.3V,13.2V,13.2V,0.0A,0.0A,0.0A,-0.2A,,27.7C,,,,,,,
01/19/15    11:30:49,17 days 11:25:00,0.0V,5.2V,13.2V,13.2V,0.0A,0.0A,0.0A,-0.2A,,27.7C,,,,,,,
01/19/15    11:25:49,17 days 11:20:00,0.0V,5.3V,13.2V,13.2V,0.0A,0.0A,0.0A,-0.2A,,27.7C,,,,,,,
01/19/15    11:20:49,17 days 11:15:00,0.0V,5.2V,13.2V,13.2V,0.0A,0.0A,0.0A,-0.2A,,27.7C,,,,,,,
01/19/15    11:15:49,17 days 11:10:00,0.0V,5.2V,13.2V,13.2V,0.0A,0.0A,0.0A,-0.2A,,27.7C,,,,,,,
01/19/15    11:10:48,17 days 11:04:59,0.0V,5.2V,13.2V,13.2V,0.0A,0.0A,0.0A,-0.2A,,27.7C,,,,,,,
01/19/15    11:05:49,17 days 11:00:00,0.0V,5.2V,13.2V,13.2V,0.0A,0.0A,0.0A,-0.2A,,27.7C,,,,,,,
01/19/15    11:00:48,17 days 10:54:59,0.0V,5.2V,13.2V,13.2V,0.0A,0.0A,0.0A,-0.2A,,27.8C,,,,,,,
01/19/15    10:55:48,17 days 10:49:59,0.0V,5.2V,13.2V,13.2V,0.0A,0.0A,0.0A,-0.2A,,27.8C,,,,,,,
01/19/15    10:50:49,17 days 10:45:00,0.0V,5.3V,13.2V,13.2V,0.0A,0.0A,0.0A,-0.2A,,27.8C,,,,,,,
01/19/15    10:45:48,17 days 10:39:59,0.0V,5.2V,13.2V,13.2V,0.0A,0.0A,0.0A,-0.2A,,27.8C,,,,,,,
01/19/15    10:40:48,17 days 10:34:59,0.0V,5.2V,13.2V,13.2V,0.0A,0.0A,0.0A,-0.2A,,27.9C,,,,,,,
01/19/15    10:35:48,17 days 10:29:59,0.0V,5.2V,13.2V,13.2V,0.0A,0.0A,0.0A,-0.2A,,27.9C,,,,,,,
01/19/15    10:30:48,17 days 10:25:00,0.0V,5.2V,13.2V,13.2V,0.0A,0.0A,0.0A,0.0A,,27.9C,,,,,,,
01/19/15    10:25:48,17 days 10:20:00,0.0V,5.2V,13.2V,13.2V,0.0A,0.0A,0.0A,-0.2A,,27.9C,,,,,,,
01/19/15    10:20:48,17 days 10:15:00,0.0V,5.2V,13.2V,13.2V,0.0A,0.0A,0.0A,-0.2A,,28.0C,,,,,,,
01/19/15    10:15:48,17 days 10:10:00,0.0V,5.2V,13.2V,13.2V,0.0A,0.0A,0.0A,-0.2A,,28.0C,,,,,,,
01/19/15    10:10:48,17 days 10:05:00,0.0V,5.2V,13.2V,13.2V,0.0A,0.0A,0.0A,-0.2A,,28.0C,,,,,,,
01/19/15    10:05:48,17 days 10:00:00,0.0V,5.2V,13.2V,13.2V,0.0A,0.0A,0.0A,-0.2A,,28.0C,,,,,,,
01/19/15    10:00:48,17 days 09:55:00,0.0V,5.2V,13.2V,13.2V,0.0A,0.0A,0.0A,-0.2A,,28.0C,,,,,,,
01/19/15    09:55:48,17 days 09:50:00,0.0V,5.3V,13.2V,13.2V,0.0A,0.0A,0.0A,-0.2A,,28.1C,,,,,,,
01/19/15    09:50:48,17 days 09:45:00,0.0V,5.2V,13.2V,13.2V,0.0A,0.0A,0.0A,-0.2A,,28.1C,,,,,,,
01/19/15    09:45:48,17 days 09:40:00,0.1V,5.2V,13.2V,13.2V,0.0A,0.0A,0.0A,-0.2A,,28.1C,,,,,,,
01/19/15    09:40:48,17 days 09:35:00,0.3V,5.2V,13.2V,13.2V,0.0A,0.0A,0.0A,0.0A,,28.1C,,,,,,,
01/19/15    09:35:48,17 days 09:30:00,0.6V,5.3V,13.2V,13.2V,0.0A,0.0A,0.0A,-0.2A,,28.2C,,,,,,,
01/19/15    09:30:48,17 days 09:25:00,1.6V,5.3V,13.2V,13.2V,0.0A,0.0A,0.0A,-0.2A,,28.2C,,,,,,,
01/19/15    09:25:47,17 days 09:19:59,3.8V,5.3V,13.2V,13.2V,0.0A,0.0A,0.0A,-0.2A,,28.2C,,,,,,,
01/19/15    09:20:48,17 days 09:15:00,8.1V,5.2V,13.2V,13.2V,0.0A,0.0A,0.0A,-0.2A,,28.3C,,,,,,,
01/19/15    09:15:47,17 days 09:09:59,13.1V,5.2V,13.2V,13.2V,0.0A,0.0A,0.0A,-0.2A,,28.3C,,,,,,,
01/19/15    09:10:47,17 days 09:04:59,13.6V,5.2V,13.2V,13.2V,0.0A,0.0A,0.0A,-0.2A,,28.3C,,,,,,,
01/19/15    09:05:47,17 days 09:00:00,13.5V,5.2V,13.3V,13.2V,0.0A,0.0A,0.0A,-0.2A,,28.3C,,,,,,,
01/19/15    09:00:47,17 days 08:55:00,13.7V,5.2V,13.3V,13.3V,0.0A,0.0A,0.0A,-0.2A,,28.4C,,,,,,,
01/19/15    08:55:47,17 days 08:50:00,13.8V,5.2V,13.3V,13.3V,0.0A,0.0A,0.0A,-0.2A,,28.4C,,,,,,,
01/19/15    08:50:47,17 days 08:45:00,13.9V,5.2V,13.4V,13.4V,0.0A,0.0A,0.0A,0.0A,,28.4C,,,,,,,
01/19/15    08:45:47,17 days 08:40:00,14.0V,5.2V,13.5V,13.5V,0.0A,0.0A,0.0A,-0.2A,,28.4C,,,,,,,
01/19/15    08:40:47,17 days 08:35:00,14.1V,5.2V,13.6V,13.6V,0.0A,0.0A,0.0A,-0.2A,,28.4C,,,,,,,
01/19/15    08:35:47,17 days 08:30:00,14.1V,5.2V,13.7V,13.7V,0.0A,0.0A,0.0A,-0.2A,,28.4C,,,,,,,
01/19/15    08:30:46,17 days 08:24:59,14.3V,5.2V,13.9V,13.8V,0.0A,0.0A,0.0A,0.0A,,28.4C,,,,,,,
01/19/15    08:25:46,17 days 08:20:00,14.6V,5.2V,14.0V,14.0V,0.0A,0.0A,0.0A,-0.2A,,28.4C,,,,,,,
01/19/15    08:20:46,17 days 08:15:00,18.5V,5.2V,14.2V,14.2V,0.0A,0.0A,0.0A,-0.2A,,28.4C,,,,,,,
01/19/15    08:15:46,17 days 08:10:00,15.1V,5.2V,14.3V,14.3V,0.0A,0.0A,0.0A,-0.2A,,28.4C,,,,,,,
01/19/15    08:10:46,17 days 08:05:00,19.1V,5.2V,14.4V,14.3V,0.0A,0.0A,0.0A,-0.2A,,28.4C,,,,,,,
01/19/15    08:05:46,17 days 08:00:00,19.5V,5.2V,14.4V,14.3V,0.0A,0.0A,0.0A,0.0A,,28.4C,,,,,,,
01/19/15    08:00:46,17 days 07:55:00,19.8V,5.2V,14.4V,14.3V,0.0A,0.0A,0.0A,-0.2A,,28.4C,,,,,,,
01/19/15    07:55:46,17 days 07:50:00,19.9V,5.2V,14.4V,14.3V,0.0A,0.0A,0.0A,0.0A,,28.4C,,,,,,,
01/19/15    07:50:46,17 days 07:45:00,20.1V,5.2V,14.4V,14.3V,0.0A,0.0A,0.0A,-0.2A,,28.4C,,,,,,,
01/19/15    07:45:46,17 days 07:40:00,20.2V,5.2V,14.4V,14.3V,0.0A,0.0A,0.0A,-0.2A,,28.3C,,,,,,,
01/19/15    07:40:45,17 days 07:34:59,20.3V,5.2V,14.4V,14.3V,0.0A,0.0A,0.0A,-0.2A,,28.3C,,,,,,,
01/19/15    07:35:46,17 days 07:30:00,20.4V,5.2V,14.4V,14.3V,0.0A,0.0A,0.0A,-0.2A,,28.3C,,,,,,,
01/19/15    07:30:45,17 days 07:24:59,20.5V,5.2V,14.4V,14.3V,0.0A,0.0A,0.0A,0.0A,,28.2C,,,,,,,
01/19/15    07:25:46,17 days 07:20:00,20.5V,5.2V,14.4V,14.3V,0.0A,0.0A,0.0A,-0.2A,,28.2C,,,,,,,
01/19/15    07:20:45,17 days 07:14:59,20.6V,5.2V,14.4V,14.3V,0.0A,0.0A,0.0A,0.0A,,28.2C,,,,,,,
01/19/15    07:15:46,17 days 07:10:00,20.7V,5.2V,14.4V,14.3V,0.0A,0.0A,0.0A,-0.2A,,28.1C,,,,,,,
01/19/15    07:10:45,17 days 07:04:59,20.7V,5.2V,14.4V,14.3V,0.0A,0.0A,0.0A,-0.2A,,28.1C,,,,,,,
01/19/15    07:05:46,17 days 07:00:00,20.7V,5.2V,14.4V,14.3V,0.0A,0.0A,0.0A,-0.2A,,28.1C,,,,,,,
01/19/15    07:00:45,17 days 06:54:59,20.7V,5.2V,14.4V,14.3V,0.0A,0.0A,0.0A,-0.2A,,28.0C,,,,,,,
01/19/15    06:55:45,17 days 06:49:59,20.8V,5.2V,14.4V,14.3V,0.0A,0.0A,0.0A,-0.2A,,28.0C,,,,,,,
01/19/15    06:50:45,17 days 06:44:59,20.9V,5.2V,14.4V,14.3V,0.0A,0.0A,0.0A,-0.2A,,28.0C,,,,,,,
01/19/15    06:45:45,17 days 06:39:59,21.1V,5.2V,14.4V,14.3V,0.0A,0.0A,0.0A,-0.2A,,27.9C,,,,,,,
01/19/15    06:40:45,17 days 06:35:00,21.1V,5.2V,14.4V,14.3V,0.0A,0.0A,0.0A,0.0A,,27.9C,,,,,,,
01/19/15    06:35:45,17 days 06:30:00,21.1V,5.2V,14.4V,14.3V,0.0A,0.0A,0.0A,-0.2A,,27.8C,,,,,,,
01/19/15    06:30:45,17 days 06:25:00,21.0V,5.2V,14.4V,14.3V,0.0A,0.0A,0.0A,-0.2A,,27.8C,,,,,,,
01/19/15    06:25:45,17 days 06:20:00,21.0V,5.2V,14.4V,14.3V,0.0A,0.0A,0.0A,-0.2A,,27.7C,,,,,,,
01/19/15    06:20:45,17 days 06:15:00,20.8V,5.2V,14.4V,14.3V,0.0A,0.0A,0.0A,-0.2A,,27.7C,,,,,,,
01/19/15    06:15:45,17 days 06:10:00,20.8V,5.2V,14.4V,14.3V,0.0A,0.0A,0.0A,-0.2A,,27.6C,,,,,,,
01/19/15    06:10:45,17 days 06:05:00,21.0V,5.2V,14.4V,14.3V,0.0A,0.0A,0.0A,0.0A,,27.6C,,,,,,,
01/19/15    06:05:44,17 days 05:59:59,20.9V,5.2V,14.4V,14.3V,0.0A,0.0A,0.0A,-0.2A,,27.5C,,,,,,,
01/19/15    06:00:45,17 days 05:55:00,20.9V,5.2V,14.4V,14.3V,0.0A,0.0A,0.0A,-0.2A,,27.5C,,,,,,,
01/19/15    05:55:44,17 days 05:49:59,20.9V,5.2V,14.4V,14.3V,0.0A,0.0A,0.0A,-0.2A,,27.4C,,,,,,,
01/19/15    05:50:44,17 days 05:45:00,21.1V,5.2V,14.4V,14.3V,0.0A,0.0A,0.0A,-0.2A,,27.4C,,,,,,,
01/19/15    05:45:44,17 days 05:40:00,21.1V,5.2V,14.4V,14.3V,0.0A,0.0A,0.0A,-0.2A,,27.3C,,,,,,,
01/19/15    05:40:44,17 days 05:35:00,21.3V,5.2V,14.4V,14.3V,0.0A,0.0A,0.0A,-0.2A,,27.3C,,,,,,,
01/19/15    05:35:44,17 days 05:30:00,21.2V,5.2V,14.4V,14.3V,0.0A,0.0A,0.0A,0.0A,,27.2C,,,,,,,
01/19/15    05:30:44,17 days 05:25:00,21.3V,5.2V,14.4V,14.3V,0.0A,0.0A,0.0A,-0.2A,,27.2C,,,,,,,
01/19/15    05:25:43,17 days 05:19:59,21.3V,5.2V,14.4V,14.3V,0.0A,0.0A,0.0A,-0.2A,,27.2C,,,,,,,
01/19/15    05:20:44,17 days 05:15:00,21.4V,5.2V,14.4V,14.3V,0.0A,0.0A,0.0A,-0.2A,,27.1C,,,,,,,
01/19/15    05:15:43,17 days 05:10:00,21.1V,5.2V,14.4V,14.3V,0.0A,0.0A,0.0A,-0.2A,,27.1C,,,,,,,
01/19/15    05:10:43,17 days 05:05:00,21.3V,5.2V,14.4V,14.3V,0.0A,0.0A,0.0A,0.0A,,27.0C,,,,,,,
01/19/15    05:05:43,17 days 05:00:00,21.3V,5.2V,14.4V,14.3V,0.0A,0.0A,0.0A,-0.2A,,27.0C,,,,,,,
01/19/15    05:00:43,17 days 04:55:00,21.2V,5.2V,14.4V,14.3V,0.0A,0.0A,0.0A,-0.2A,,26.9C,,,,,,,
01/19/15    04:55:42,17 days 04:49:59,21.1V,5.2V,14.4V,14.3V,0.0A,0.0A,0.0A,-0.2A,,26.9C,,,,,,,
01/19/15    04:50:43,17 days 04:45:00,21.0V,5.2V,14.4V,14.3V,0.0A,0.0A,0.0A,-0.2A,,26.8C,,,,,,,
01/19/15    04:45:42,17 days 04:39:59,21.0V,5.2V,14.4V,14.3V,0.0A,0.0A,0.0A,-0.2A,,26.8C,,,,,,,
