04/04/15    05:16:46,92 days 03:26:17,19.9V,5.2V,14.4V,14.3V,0.0A,0.0A,0.2A,-0.2A,,26.7C,,,,,,,
04/04/15    05:11:45,92 days 03:21:16,21.1V,5.2V,14.4V,14.3V,0.0A,0.0A,0.0A,-0.2A,,26.7C,,,,,,,
04/04/15    05:06:45,92 days 03:16:16,21.2V,5.2V,14.4V,14.3V,0.0A,0.0A,0.0A,-0.2A,,26.7C,,,,,,,
04/04/15    05:01:45,92 days 03:11:16,21.5V,5.2V,14.4V,14.3V,0.0A,0.0A,0.0A,0.0A,,26.8C,,,,,,,
04/04/15    04:56:45,92 days 03:06:17,21.0V,5.2V,14.4V,14.3V,0.0A,0.0A,0.0A,-0.2A,,26.8C,,,,,,,
04/04/15    04:51:44,92 days 03:01:16,20.9V,5.2V,14.4V,14.3V,0.0A,0.0A,0.0A,-0.2A,,26.8C,,,,,,,
04/04/15    04:46:44,92 days 02:56:16,20.7V,5.2V,14.4V,14.3V,0.0A,0.0A,0.0A,-0.2A,,26.8C,,,,,,,
04/04/15    04:41:44,92 days 02:51:16,20.7V,5.2V,14.4V,14.3V,0.0A,0.0A,0.0A,-0.2A,,26.8C,,,,,,,
04/04/15    04:36:44,92 days 02:46:17,21.2V,5.2V,14.4V,14.3V,0.0A,0.0A,0.0A,0.0A,,26.8C,,,,,,,
04/04/15    04:31:43,92 days 02:41:16,21.2V,5.2V,14.4V,14.3V,0.0A,0.0A,0.0A,-0.2A,,26.9C,,,,,,,
04/04/15    04:26:43,92 days 02:36:16,21.2V,5.2V,14.4V,14.3V,0.0A,0.0A,0.0A,-0.2A,,26.9C,,,,,,,
04/04/15    04:21:43,92 days 02:31:17,21.3V,5.2V,14.4V,14.3V,0.0A,0.0A,0.0A,-0.2A,,26.9C,,,,,,,
04/04/15    04:16:43,92 days 02:26:17,21.0V,5.2V,14.4V,14.3V,0.0A,0.0A,0.0A,-0.2A,,26.9C,,,,,,,
04/04/15    04:11:42,92 days 02:21:16,20.4V,5.2V,14.4V,14.3V,0.0A,0.0A,0.0A,-0.2A,,26.9C,,,,,,,
04/04/15    04:06:42,92 days 02:16:16,19.8V,5.2V,14.4V,14.3V,0.0A,0.0A,0.0A,-0.2A,,26.9C,,,,,,,
04/04/15    04:01:41,92 days 02:11:16,20.2V,5.2V,14.4V,14.3V,0.0A,0.0A,0.0A,-0.2A,,26.9C,,,,,,,
04/04/15    03:56:41,92 days 02:06:16,20.6V,5.2V,14.4V,14.3V,0.0A,0.0A,0.0A,-0.2A,,26.9C,,,,,,,
04/04/15    03:51:41,92 days 02:01:17,21.1V,5.2V,14.4V,14.3V,0.0A,0.0A,0.0A,-0.2A,,26.8C,,,,,,,
04/04/15    03:46:41,92 days 01:56:17,20.9V,5.2V,14.4V,14.3V,0.0A,0.0A,0.0A,-0.2A,,26.8C,,,,,,,
04/04/15    03:41:40,92 days 01:51:16,21.0V,5.2V,14.4V,14.3V,0.0A,0.0A,0.0A,-0.2A,,26.8C,,,,,,,
04/04/15    03:36:40,92 days 01:46:17,21.1V,5.2V,14.4V,14.3V,0.0A,0.0A,0.0A,-0.2A,,26.8C,,,,,,,
04/04/15    03:31:39,92 days 01:41:16,21.1V,5.2V,14.4V,14.3V,0.0A,0.0A,0.0A,-0.2A,,26.8C,,,,,,,
04/04/15    03:26:39,92 days 01:36:16,21.3V,5.2V,14.4V,14.3V,0.0A,0.0A,0.0A,-0.2A,,26.8C,,,,,,,
04/04/15    03:21:39,92 days 01:31:17,20.6V,5.2V,14.4V,14.4V,0.0A,0.0A,0.0A,-0.2A,,26.8C,,,,,,,
04/04/15    03:16:38,92 days 01:26:16,15.6V,5.2V,14.1V,14.1V,0.0A,0.0A,0.0A,-0.2A,,26.8C,,,,,,,
04/04/15    03:11:38,92 days 01:21:16,15.6V,5.2V,14.1V,14.1V,0.0A,0.0A,0.0A,-0.2A,,26.7C,,,,,,,
04/04/15    03:06:38,92 days 01:16:17,15.8V,5.2V,14.0V,14.0V,0.0A,0.0A,0.0A,-0.2A,,26.7C,,,,,,,
04/04/15    03:01:38,92 days 01:11:17,16.0V,5.2V,13.8V,13.8V,0.0A,0.0A,0.0A,-0.2A,,26.7C,,,,,,,
04/04/15    02:56:37,92 days 01:06:16,15.5V,5.2V,13.6V,13.6V,0.0A,0.0A,0.0A,-0.2A,,26.7C,,,,,,,
04/04/15    02:51:37,92 days 01:01:17,15.1V,5.2V,13.5V,13.5V,0.0A,0.0A,0.0A,0.0A,,26.6C,,,,,,,
04/04/15    02:46:36,92 days 00:56:16,15.5V,5.2V,13.7V,13.7V,0.0A,0.0A,0.0A,0.0A,,26.6C,,,,,,,
04/04/15    02:41:36,92 days 00:51:17,16.1V,5.2V,13.9V,13.9V,0.0A,0.0A,0.0A,0.0A,,26.5C,,,,,,,
04/04/15    02:36:35,92 days 00:46:16,20.7V,5.2V,13.6V,13.5V,0.0A,0.0A,0.0A,0.0A,,26.5C,,,,,,,
04/04/15    02:31:35,92 days 00:41:16,15.4V,5.2V,13.7V,13.6V,0.0A,0.0A,0.0A,0.0A,,26.5C,,,,,,,
04/04/15    02:26:34,92 days 00:36:16,15.6V,5.2V,13.7V,13.7V,0.0A,0.0A,0.0A,-0.2A,,26.4C,,,,,,,
04/04/15    02:21:34,92 days 00:31:16,16.2V,5.2V,13.8V,13.8V,0.0A,0.0A,0.0A,-0.2A,,26.4C,,,,,,,
04/04/15    02:16:34,92 days 00:26:17,15.8V,5.2V,13.7V,13.7V,0.0A,0.0A,0.0A,-0.2A,,26.4C,,,,,,,
04/04/15    02:11:33,92 days 00:21:16,15.7V,5.2V,13.6V,13.6V,0.0A,0.0A,0.0A,-0.2A,,26.4C,,,,,,,
04/04/15    02:06:33,92 days 00:16:16,15.7V,5.2V,13.6V,13.6V,0.0A,0.0A,0.0A,-0.2A,,26.4C,,,,,,,
04/04/15    02:01:33,92 days 00:11:17,20.7V,5.2V,13.5V,13.5V,0.0A,0.0A,0.0A,0.0A,,26.4C,,,,,,,
04/04/15    01:56:32,92 days 00:06:16,15.7V,5.2V,13.6V,13.5V,0.0A,0.0A,0.0A,0.0A,,26.4C,,,,,,,
04/04/15    01:51:32,92 days 00:01:16,15.3V,5.2V,13.5V,13.5V,0.0A,0.0A,0.0A,-0.2A,,26.4C,,,,,,,
04/04/15    01:46:31,91 days 23:56:16,15.5V,5.2V,13.5V,13.5V,0.0A,0.0A,0.0A,-0.2A,,26.4C,,,,,,,
04/04/15    01:41:31,91 days 23:51:16,15.7V,5.2V,13.5V,13.5V,0.0A,0.0A,0.0A,-0.2A,,26.4C,,,,,,,
04/04/15    01:36:30,91 days 23:46:16,15.7V,5.2V,13.5V,13.5V,0.0A,0.0A,0.0A,0.0A,,26.4C,,,,,,,
04/04/15    01:31:30,91 days 23:41:16,15.8V,5.2V,13.6V,13.5V,0.0A,0.0A,0.0A,0.0A,,26.4C,,,,,,,
04/04/15    01:26:30,91 days 23:36:17,17.8V,5.2V,13.5V,13.4V,0.0A,0.0A,0.0A,0.0A,,26.4C,,,,,,,
04/04/15    01:21:29,91 days 23:31:16,15.0V,5.2V,13.4V,13.4V,0.0A,0.0A,0.0A,-0.2A,,26.4C,,,,,,,
04/04/15    01:16:29,91 days 23:26:16,15.1V,5.2V,13.5V,13.4V,0.0A,0.0A,0.0A,-0.2A,,26.4C,,,,,,,
04/04/15    01:11:29,91 days 23:21:17,15.2V,5.2V,13.5V,13.5V,0.0A,0.0A,0.0A,-0.2A,,26.4C,,,,,,,
04/04/15    01:06:29,91 days 23:16:17,15.5V,5.2V,13.5V,13.5V,0.0A,0.0A,0.0A,-0.2A,,26.3C,,,,,,,
04/04/15    01:01:28,91 days 23:11:16,15.7V,5.2V,13.6V,13.6V,0.0A,0.0A,0.0A,-0.2A,,26.3C,,,,,,,
04/04/15    00:56:28,91 days 23:06:17,15.7V,5.2V,13.6V,13.6V,0.0A,0.0A,0.0A,-0.2A,,26.3C,,,,,,,
04/04/15    00:51:27,91 days 23:01:16,15.8V,5.2V,13.6V,13.6V,0.0A,0.0A,0.0A,-0.2A,,26.3C,,,,,,,
04/04/15    00:46:27,91 days 22:56:17,15.7V,5.2V,13.6V,13.5V,0.0A,0.0A,0.0A,-0.2A,,26.3C,,,,,,,
04/04/15    00:41:26,91 days 22:51:16,15.7V,5.2V,13.5V,13.5V,0.0A,0.0A,0.0A,-0.2A,,26.3C,,,,,,,
04/04/15    00:36:26,91 days 22:46:17,15.3V,5.2V,13.5V,13.4V,0.0A,0.0A,0.0A,-0.2A,,26.3C,,,,,,,
04/04/15    00:31:25,91 days 22:41:16,14.9V,5.2V,13.4V,13.3V,0.0A,0.0A,0.0A,-0.2A,,26.4C,,,,,,,
04/04/15    00:26:25,91 days 22:36:16,15.0V,5.2V,13.4V,13.3V,0.0A,0.0A,0.0A,-0.2A,,26.4C,,,,,,,
04/04/15    00:21:24,91 days 22:31:16,14.9V,5.2V,13.3V,13.3V,0.0A,0.0A,0.0A,-0.2A,,26.4C,,,,,,,
04/04/15    00:16:24,91 days 22:26:16,14.8V,5.2V,13.3V,13.3V,0.0A,0.0A,0.0A,0.0A,,26.4C,,,,,,,
04/04/15    00:11:24,91 days 22:21:17,14.9V,5.2V,13.3V,13.3V,0.0A,0.0A,0.0A,-0.2A,,26.4C,,,,,,,
04/04/15    00:06:23,91 days 22:16:16,14.7V,5.2V,13.3V,13.3V,0.0A,0.0A,0.0A,0.0A,,26.4C,,,,,,,
04/04/15    00:01:23,91 days 22:11:17,14.7V,5.2V,13.3V,13.3V,0.0A,0.0A,0.0A,-0.2A,,26.4C,,,,,,,
04/03/15    23:56:23,91 days 22:06:17,14.8V,5.2V,13.4V,13.3V,0.0A,0.0A,0.0A,-0.2A,,26.4C,,,,,,,
04/03/15    23:51:22,91 days 22:01:16,15.0V,5.2V,13.4V,13.4V,0.0A,0.0A,0.0A,-0.2A,,26.4C,,,,,,,
04/03/15    23:46:22,91 days 21:56:17,15.1V,5.2V,13.4V,13.4V,0.0A,0.0A,0.0A,-0.2A,,26.4C,,,,,,,
04/03/15    23:41:21,91 days 21:51:16,14.9V,5.2V,13.4V,13.3V,0.0A,0.0A,0.0A,0.0A,,26.4C,,,,,,,
04/03/15    23:36:21,91 days 21:46:16,15.1V,5.2V,13.4V,13.4V,0.0A,0.0A,0.0A,0.0A,,26.4C,,,,,,,
04/03/15    23:31:20,91 days 21:41:16,14.8V,5.2V,13.3V,13.3V,0.0A,0.0A,0.0A,-0.2A,,26.4C,,,,,,,
04/03/15    23:26:20,91 days 21:36:16,14.9V,5.2V,13.3V,13.3V,0.0A,0.0A,0.0A,-0.2A,,26.5C,,,,,,,
04/03/15    23:21:20,91 days 21:31:17,15.1V,5.2V,13.3V,13.3V,0.0A,0.0A,0.0A,-0.2A,,26.5C,,,,,,,
04/03/15    23:16:20,91 days 21:26:17,15.8V,5.2V,13.3V,13.2V,0.0A,0.0A,0.0A,-0.2A,,26.5C,,,,,,,
04/03/15    23:11:19,91 days 21:21:16,13.8V,5.2V,13.2V,13.2V,0.0A,0.0A,0.0A,-0.2A,,26.5C,,,,,,,
04/03/15    23:06:19,91 days 21:16:16,14.2V,5.2V,13.2V,13.2V,0.0A,0.0A,0.0A,0.0A,,26.5C,,,,,,,
04/03/15    23:01:18,91 days 21:11:16,14.4V,5.2V,13.3V,13.2V,0.0A,0.0A,0.0A,-0.2A,,26.5C,,,,,,,
04/03/15    22:56:18,91 days 21:06:16,14.4V,5.2V,13.3V,13.2V,0.0A,0.0A,0.0A,-0.2A,,26.5C,,,,,,,
04/03/15    22:51:18,91 days 21:01:16,14.4V,5.2V,13.3V,13.2V,0.0A,0.0A,0.0A,-0.2A,,26.5C,,,,,,,
04/03/15    22:46:18,91 days 20:56:17,14.7V,5.2V,13.3V,13.3V,0.0A,0.0A,0.0A,-0.2A,,26.6C,,,,,,,
04/03/15    22:41:17,91 days 20:51:16,14.8V,5.2V,13.3V,13.3V,0.0A,0.0A,0.0A,-0.2A,,26.6C,,,,,,,
04/03/15    22:36:17,91 days 20:46:16,14.9V,5.2V,13.3V,13.3V,0.0A,0.0A,0.0A,-0.2A,,26.6C,,,,,,,
04/03/15    22:31:17,91 days 20:41:17,14.7V,5.2V,13.3V,13.2V,0.0A,0.0A,0.0A,0.0A,,26.6C,,,,,,,
04/03/15    22:26:16,91 days 20:36:16,14.6V,5.2V,13.2V,13.2V,0.0A,0.0A,0.0A,-0.2A,,26.6C,,,,,,,
04/03/15    22:21:16,91 days 20:31:16,14.1V,5.2V,13.2V,13.2V,0.0A,0.0A,0.0A,-0.2A,,26.6C,,,,,,,
04/03/15    22:16:15,91 days 20:26:16,13.9V,5.2V,13.2V,13.2V,0.0A,0.0A,0.0A,-0.2A,,26.6C,,,,,,,
04/03/15    22:11:15,91 days 20:21:16,13.6V,5.2V,13.2V,13.2V,0.0A,0.0A,0.0A,-0.2A,,26.6C,,,,,,,
04/03/15    22:06:15,91 days 20:16:16,13.7V,5.2V,13.2V,13.2V,0.0A,0.0A,0.0A,-0.2A,,26.6C,,,,,,,
04/03/15    22:01:15,91 days 20:11:17,13.7V,5.2V,13.2V,13.2V,0.0A,0.0A,0.0A,-0.2A,,26.6C,,,,,,,
04/03/15    21:56:14,91 days 20:06:16,13.7V,5.2V,13.2V,13.2V,0.0A,0.0A,0.0A,-0.2A,,26.7C,,,,,,,
04/03/15    21:51:14,91 days 20:01:17,13.8V,5.2V,13.2V,13.2V,0.0A,0.0A,0.0A,-0.2A,,26.7C,,,,,,,
04/03/15    21:46:13,91 days 19:56:16,13.7V,5.2V,13.2V,13.2V,0.0A,0.0A,0.0A,-0.2A,,26.7C,,,,,,,
04/03/15    21:41:13,91 days 19:51:17,14.5V,5.2V,13.2V,13.2V,0.0A,0.0A,0.0A,-0.2A,,26.7C,,,,,,,
04/03/15    21:36:12,91 days 19:46:16,13.6V,5.2V,13.2V,13.2V,0.0A,0.0A,0.0A,-0.2A,,26.7C,,,,,,,
04/03/15    21:31:12,91 days 19:41:16,13.6V,5.2V,13.2V,13.2V,0.0A,0.0A,0.0A,-0.2A,,26.7C,,,,,,,
04/03/15    21:26:11,91 days 19:36:16,13.6V,5.2V,13.2V,13.2V,0.0A,0.0A,0.0A,-0.2A,,26.7C,,,,,,,
04/03/15    21:21:11,91 days 19:31:16,13.6V,5.2V,13.2V,13.2V,0.0A,0.0A,0.0A,-0.2A,,26.7C,,,,,,,
04/03/15    21:16:10,91 days 19:26:16,13.4V,5.2V,13.2V,13.2V,0.0A,0.0A,0.0A,-0.2A,,26.7C,,,,,,,
04/03/15    21:11:10,91 days 19:21:16,13.7V,5.2V,13.2V,13.2V,0.0A,0.0A,0.0A,0.0A,,26.8C,,,,,,,
04/03/15    21:06:10,91 days 19:16:17,13.2V,5.2V,13.2V,13.2V,0.0A,0.0A,0.0A,0.0A,,26.8C,,,,,,,
04/03/15    21:01:09,91 days 19:11:16,13.0V,5.2V,13.2V,13.2V,0.0A,0.0A,0.0A,-0.2A,,26.8C,,,,,,,
04/03/15    20:56:09,91 days 19:06:16,11.0V,5.2V,13.2V,13.2V,0.0A,0.0A,0.0A,-0.2A,,26.8C,,,,,,,
04/03/15    20:51:09,91 days 19:01:17,8.1V,5.2V,13.2V,13.2V,0.0A,0.0A,0.0A,-0.2A,,26.8C,,,,,,,
04/03/15    20:46:08,91 days 18:56:16,4.6V,5.2V,13.2V,13.2V,0.0A,0.0A,0.0A,-0.2A,,26.8C,,,,,,,
04/03/15    20:41:08,91 days 18:51:17,1.6V,5.2V,13.2V,13.2V,0.0A,0.0A,0.0A,0.0A,,26.8C,,,,,,,
04/03/15    20:36:08,91 days 18:46:17,0.2V,5.2V,13.2V,13.2V,0.0A,0.0A,0.0A,0.0A,,26.8C,,,,,,,
04/03/15    20:31:07,91 days 18:41:16,0.0V,5.2V,13.2V,13.2V,0.0A,0.0A,0.0A,-0.2A,,26.8C,,,,,,,
04/03/15    20:26:07,91 days 18:36:17,0.0V,5.2V,13.2V,13.2V,0.0A,0.0A,0.0A,0.0A,,26.9C,,,,,,,
04/03/15    20:21:06,91 days 18:31:16,0.0V,5.2V,13.2V,13.2V,0.0A,0.0A,0.0A,-0.2A,,26.9C,,,,,,,
04/03/15    20:16:06,91 days 18:26:16,0.0V,5.2V,13.2V,13.2V,0.0A,0.0A,0.0A,-0.2A,,26.9C,,,,,,,
04/03/15    20:11:05,91 days 18:21:16,0.0V,5.2V,13.2V,13.2V,0.0A,0.0A,0.0A,-0.2A,,26.9C,,,,,,,
04/03/15    20:06:05,91 days 18:16:16,0.0V,5.2V,13.2V,13.2V,0.0A,0.0A,0.0A,0.0A,,26.9C,,,,,,,
04/03/15    20:01:05,91 days 18:11:17,0.0V,5.2V,13.2V,13.2V,0.0A,0.0A,0.0A,-0.2A,,26.9C,,,,,,,
04/03/15    19:56:05,91 days 18:06:17,0.0V,5.2V,13.2V,13.2V,0.0A,0.0A,0.0A,-0.2A,,26.9C,,,,,,,
04/03/15    19:51:04,91 days 18:01:16,0.0V,5.2V,13.2V,13.2V,0.0A,0.0A,0.0A,0.0A,,26.9C,,,,,,,
04/03/15    19:46:04,91 days 17:56:17,0.0V,5.2V,13.2V,13.2V,0.0A,0.0A,0.0A,0.0A,,26.9C,,,,,,,
04/03/15    19:41:03,91 days 17:51:16,0.0V,5.2V,13.2V,13.2V,0.0A,0.0A,0.0A,0.0A,,26.9C,,,,,,,
04/03/15    19:36:03,91 days 17:46:17,0.0V,5.2V,13.2V,13.2V,0.0A,0.0A,0.0A,-0.2A,,26.9C,,,,,,,
04/03/15    19:31:02,91 days 17:41:16,0.0V,5.2V,13.2V,13.2V,0.0A,0.0A,0.0A,-0.2A,,27.0C,,,,,,,
04/03/15    19:26:02,91 days 17:36:17,0.0V,5.2V,13.2V,13.2V,0.0A,0.0A,0.0A,-0.2A,,27.0C,,,,,,,
04/03/15    19:21:01,91 days 17:31:16,0.0V,5.2V,13.2V,13.2V,0.0A,0.0A,0.0A,-0.2A,,27.0C,,,,,,,
04/03/15    19:16:01,91 days 17:26:16,0.0V,5.2V,13.2V,13.2V,0.0A,0.0A,0.0A,-0.2A,,27.1C,,,,,,,
04/03/15    19:11:01,91 days 17:21:17,0.0V,5.2V,13.2V,13.2V,0.0A,0.0A,0.0A,-0.2A,,27.1C,,,,,,,
04/03/15    19:06:00,91 days 17:16:16,0.0V,5.2V,13.2V,13.2V,0.0A,0.0A,0.0A,-0.2A,,27.2C,,,,,,,
04/03/15    19:01:00,91 days 17:11:16,0.0V,5.2V,13.2V,13.2V,0.0A,0.0A,0.0A,-0.2A,,27.2C,,,,,,,
04/03/15    18:56:00,91 days 17:06:17,0.0V,5.2V,13.2V,13.2V,0.0A,0.0A,0.0A,-0.2A,,27.2C,,,,,,,
04/03/15    18:50:59,91 days 17:01:16,0.0V,5.2V,13.2V,13.2V,0.0A,0.0A,0.0A,-0.2A,,27.2C,,,,,,,
04/03/15    18:45:59,91 days 16:56:16,0.0V,5.2V,13.2V,13.2V,0.0A,0.0A,0.0A,-0.2A,,27.2C,,,,,,,
04/03/15    18:40:58,91 days 16:51:16,0.0V,5.2V,13.2V,13.2V,0.0A,0.0A,0.0A,0.0A,,27.2C,,,,,,,
04/03/15    18:35:58,91 days 16:46:16,0.0V,5.2V,13.2V,13.2V,0.0A,0.0A,0.0A,-0.2A,,27.2C,,,,,,,
04/03/15    18:30:58,91 days 16:41:16,0.0V,5.2V,13.2V,13.2V,0.0A,0.0A,0.0A,-0.2A,,27.2C,,,,,,,
04/03/15    18:25:58,91 days 16:36:17,0.0V,5.2V,13.2V,13.2V,0.0A,0.0A,0.0A,-0.2A,,27.2C,,,,,,,
04/03/15    18:20:57,91 days 16:31:16,0.0V,5.2V,13.2V,13.2V,0.0A,0.0A,0.0A,-0.2A,,27.2C,,,,,,,
04/03/15    18:15:57,91 days 16:26:16,0.0V,5.2V,13.2V,13.2V,0.0A,0.0A,0.0A,-0.2A,,27.2C,,,,,,,
04/03/15    18:10:57,91 days 16:21:17,0.0V,5.2V,13.2V,13.2V,0.0A,0.0A,0.0A,-0.2A,,27.2C,,,,,,,
04/03/15    18:05:56,91 days 16:16:16,0.0V,5.2V,13.2V,13.2V,0.0A,0.0A,0.0A,0.0A,,27.3C,,,,,,,
04/03/15    18:00:56,91 days 16:11:16,0.0V,5.3V,13.2V,13.2V,0.0A,0.0A,0.0A,-0.2A,,27.3C,,,,,,,
04/03/15    17:55:56,91 days 16:06:17,0.0V,5.2V,13.2V,13.2V,0.0A,0.0A,0.0A,-0.2A,,27.3C,,,,,,,
04/03/15    17:50:55,91 days 16:01:16,0.0V,5.2V,13.2V,13.2V,0.0A,0.0A,0.0A,0.0A,,27.3C,,,,,,,
04/03/15    17:45:55,91 days 15:56:16,0.0V,5.2V,13.2V,13.2V,0.0A,0.0A,0.0A,-0.2A,,27.3C,,,,,,,
04/03/15    17:40:55,91 days 15:51:17,0.0V,5.2V,13.2V,13.2V,0.0A,0.0A,0.0A,-0.2A,,27.3C,,,,,,,
04/03/15    17:35:54,91 days 15:46:16,0.0V,5.2V,13.2V,13.2V,0.0A,0.0A,0.0A,-0.2A,,27.3C,,,,,,,
04/03/15    17:30:54,91 days 15:41:16,0.0V,5.2V,13.2V,13.2V,0.0A,0.0A,0.0A,-0.2A,,27.3C,,,,,,,
04/03/15    17:25:53,91 days 15:36:16,0.0V,5.2V,13.2V,13.2V,0.0A,0.0A,0.0A,0.0A,,27.3C,,,,,,,
04/03/15    17:20:53,91 days 15:31:16,0.0V,5.2V,13.2V,13.2V,0.0A,0.0A,0.0A,0.0A,,27.3C,,,,,,,
04/03/15    17:15:53,91 days 15:26:16,0.0V,5.2V,13.2V,13.2V,0.0A,0.0A,0.0A,-0.2A,,27.3C,,,,,,,
04/03/15    17:10:53,91 days 15:21:17,0.0V,5.2V,13.2V,13.2V,0.0A,0.0A,0.0A,-0.2A,,27.4C,,,,,,,
04/03/15    17:05:52,91 days 15:16:16,0.0V,5.2V,13.2V,13.2V,0.0A,0.0A,0.0A,-0.2A,,27.4C,,,,,,,
04/03/15    17:00:52,91 days 15:11:16,0.0V,5.2V,13.2V,13.2V,0.0A,0.0A,0.0A,-0.2A,,27.4C,,,,,,,
04/03/15    16:55:52,91 days 15:06:16,0.0V,5.2V,13.2V,13.2V,0.0A,0.0A,0.0A,-0.2A,,27.4C,,,,,,,
04/03/15    16:50:52,91 days 15:01:17,0.0V,5.2V,13.2V,13.2V,0.0A,0.0A,0.0A,-0.2A,,27.4C,,,,,,,
04/03/15    16:45:51,91 days 14:56:16,0.0V,5.2V,13.2V,13.2V,0.0A,0.0A,0.0A,0.0A,,27.4C,,,,,,,
04/03/15    16:40:51,91 days 14:51:16,0.0V,5.2V,13.2V,13.2V,0.0A,0.0A,0.0A,-0.2A,,27.5C,,,,,,,
04/03/15    16:35:50,91 days 14:46:16,0.0V,5.2V,13.2V,13.2V,0.0A,0.0A,0.0A,-0.2A,,27.5C,,,,,,,
04/03/15    16:30:50,91 days 14:41:16,0.0V,5.2V,13.2V,13.2V,0.0A,0.0A,0.0A,-0.2A,,27.5C,,,,,,,
04/03/15    16:25:50,91 days 14:36:16,0.0V,5.2V,13.2V,13.2V,0.0A,0.0A,0.0A,-0.2A,,27.5C,,,,,,,
04/03/15    16:20:50,91 days 14:31:16,0.0V,5.2V,13.2V,13.2V,0.0A,0.0A,0.0A,-0.2A,,27.5C,,,,,,,
04/03/15    16:15:50,91 days 14:26:17,0.0V,5.2V,13.2V,13.2V,0.0A,0.0A,0.0A,-0.2A,,27.6C,,,,,,,
04/03/15    16:10:50,91 days 14:21:17,0.0V,5.2V,13.2V,13.2V,0.0A,0.0A,0.0A,-0.2A,,27.6C,,,,,,,
04/03/15    16:05:49,91 days 14:16:16,0.0V,5.2V,13.2V,13.2V,0.0A,0.0A,0.0A,0.0A,,27.6C,,,,,,,
04/03/15    16:00:49,91 days 14:11:16,0.0V,5.2V,13.2V,13.2V,0.0A,0.0A,0.0A,-0.2A,,27.6C,,,,,,,
04/03/15    15:55:49,91 days 14:06:17,0.0V,5.2V,13.2V,13.2V,0.0A,0.0A,0.0A,-0.2A,,27.6C,,,,,,,
04/03/15    15:50:48,91 days 14:01:16,0.0V,5.2V,13.2V,13.2V,0.0A,0.0A,0.0A,-0.2A,,27.7C,,,,,,,
04/03/15    15:45:49,91 days 13:56:17,0.0V,5.2V,13.2V,13.2V,0.0A,0.0A,0.0A,-0.2A,,27.7C,,,,,,,
04/03/15    15:40:48,91 days 13:51:16,0.0V,5.2V,13.2V,13.2V,0.0A,0.0A,0.0A,0.0A,,27.7C,,,,,,,
04/03/15    15:35:48,91 days 13:46:16,0.0V,5.2V,13.2V,13.2V,0.0A,0.0A,0.0A,-0.2A,,27.8C,,,,,,,
04/03/15    15:30:48,91 days 13:41:16,0.0V,5.2V,13.2V,13.2V,0.0A,0.0A,0.0A,-0.2A,,27.8C,,,,,,,
04/03/15    15:25:48,91 days 13:36:17,0.0V,5.2V,13.2V,13.2V,0.0A,0.0A,0.0A,-0.2A,,27.9C,,,,,,,
04/03/15    15:20:47,91 days 13:31:16,0.0V,5.2V,13.2V,13.2V,0.0A,0.0A,0.0A,-0.2A,,28.0C,,,,,,,
04/03/15    15:15:47,91 days 13:26:16,0.0V,5.2V,13.2V,13.2V,0.0A,0.0A,0.0A,-0.2A,,28.0C,,,,,,,
04/03/15    15:10:47,91 days 13:21:17,0.0V,5.2V,13.2V,13.2V,0.0A,0.0A,0.0A,-0.2A,,28.1C,,,,,,,
04/03/15    15:05:47,91 days 13:16:17,0.0V,5.2V,13.2V,13.2V,0.0A,0.0A,0.0A,-0.2A,,28.2C,,,,,,,
04/03/15    15:00:46,91 days 13:11:16,0.0V,5.2V,13.2V,13.2V,0.0A,0.0A,0.0A,-0.2A,,28.3C,,,,,,,
04/03/15    14:55:46,91 days 13:06:16,0.0V,5.3V,13.2V,13.2V,0.0A,0.0A,0.0A,-0.2A,,28.4C,,,,,,,
04/03/15    14:50:46,91 days 13:01:16,0.0V,5.2V,13.2V,13.2V,0.0A,0.0A,0.0A,-0.2A,,28.4C,,,,,,,
04/03/15    14:45:46,91 days 12:56:17,0.0V,5.3V,13.2V,13.2V,0.0A,0.0A,0.0A,-0.2A,,28.4C,,,,,,,
04/03/15    14:40:45,91 days 12:51:16,0.0V,5.3V,13.2V,13.2V,0.0A,0.0A,0.0A,-0.2A,,28.4C,,,,,,,
04/03/15    14:35:45,91 days 12:46:16,0.0V,5.2V,13.2V,13.2V,0.0A,0.0A,0.0A,-0.2A,,28.4C,,,,,,,
04/03/15    14:30:45,91 days 12:41:17,0.0V,5.2V,13.2V,13.2V,0.0A,0.0A,0.0A,-0.2A,,28.4C,,,,,,,
04/03/15    14:25:45,91 days 12:36:17,0.0V,5.2V,13.2V,13.2V,0.0A,0.0A,0.0A,-0.2A,,28.5C,,,,,,,
04/03/15    14:20:44,91 days 12:31:16,0.0V,5.2V,13.2V,13.2V,0.0A,0.0A,0.0A,-0.2A,,28.5C,,,,,,,
04/03/15    14:15:44,91 days 12:26:17,0.0V,5.3V,13.2V,13.2V,0.0A,0.0A,0.0A,-0.2A,,28.5C,,,,,,,
04/03/15    14:10:43,91 days 12:21:16,0.0V,5.2V,13.2V,13.2V,0.0A,0.0A,0.0A,-0.2A,,28.5C,,,,,,,
04/03/15    14:05:43,91 days 12:16:16,0.0V,5.2V,13.2V,13.2V,0.0A,0.0A,0.0A,0.0A,,28.5C,,,,,,,
04/03/15    14:00:43,91 days 12:11:16,0.0V,5.3V,13.2V,13.2V,0.0A,0.0A,0.0A,-0.2A,,28.5C,,,,,,,
04/03/15    13:55:43,91 days 12:06:17,0.0V,5.3V,13.2V,13.2V,0.0A,0.0A,0.0A,-0.2A,,28.5C,,,,,,,
04/03/15    13:50:43,91 days 12:01:17,0.0V,5.3V,13.2V,13.2V,0.0A,0.0A,0.0A,-0.2A,,28.5C,,,,,,,
04/03/15    13:45:42,91 days 11:56:16,0.0V,5.2V,13.2V,13.2V,0.0A,0.0A,0.0A,-0.2A,,28.6C,,,,,,,
04/03/15    13:40:42,91 days 11:51:16,0.0V,5.2V,13.2V,13.2V,0.0A,0.0A,0.0A,-0.2A,,28.6C,,,,,,,
04/03/15    13:35:42,91 days 11:46:17,0.0V,5.3V,13.2V,13.2V,0.0A,0.0A,0.0A,-0.2A,,28.7C,,,,,,,
04/03/15    13:30:42,91 days 11:41:17,0.0V,5.3V,13.2V,13.2V,0.0A,0.0A,0.0A,-0.2A,,28.7C,,,,,,,
04/03/15    13:25:41,91 days 11:36:16,0.0V,5.2V,13.2V,13.2V,0.0A,0.0A,0.0A,-0.2A,,28.7C,,,,,,,
04/03/15    13:20:41,91 days 11:31:16,0.0V,5.2V,13.2V,13.2V,0.0A,0.0A,0.0A,0.0A,,28.8C,,,,,,,
04/03/15    13:15:41,91 days 11:26:17,0.0V,5.3V,13.2V,13.2V,0.0A,0.0A,0.0A,-0.2A,,28.8C,,,,,,,
04/03/15    13:10:41,91 days 11:21:17,0.0V,5.3V,13.2V,13.2V,0.0A,0.0A,0.0A,0.0A,,28.9C,,,,,,,
04/03/15    13:05:40,91 days 11:16:16,0.0V,5.2V,13.2V,13.2V,0.0A,0.0A,0.0A,-0.2A,,29.0C,,,,,,,
04/03/15    13:00:40,91 days 11:11:16,0.0V,5.3V,13.2V,13.2V,0.0A,0.0A,0.0A,-0.2A,,29.1C,,,,,,,
04/03/15    12:55:39,91 days 11:06:16,0.0V,5.3V,13.2V,13.2V,0.0A,0.0A,0.0A,-0.2A,,29.1C,,,,,,,
04/03/15    12:50:39,91 days 11:01:16,0.0V,5.2V,13.2V,13.2V,0.0A,0.0A,0.0A,-0.2A,,29.2C,,,,,,,
04/03/15    12:45:39,91 days 10:56:16,0.0V,5.3V,13.2V,13.2V,0.0A,0.0A,0.0A,-0.2A,,29.2C,,,,,,,
04/03/15    12:40:39,91 days 10:51:17,0.0V,5.3V,13.2V,13.2V,0.0A,0.0A,0.0A,0.0A,,29.3C,,,,,,,
04/03/15    12:35:38,91 days 10:46:16,0.0V,5.3V,13.2V,13.2V,0.0A,0.0A,0.0A,0.0A,,29.3C,,,,,,,
04/03/15    12:30:39,91 days 10:41:17,0.0V,5.3V,13.2V,13.2V,0.0A,0.0A,0.0A,-0.2A,,29.3C,,,,,,,
04/03/15    12:25:38,91 days 10:36:16,0.0V,5.3V,13.2V,13.2V,0.0A,0.0A,0.0A,-0.2A,,29.4C,,,,,,,
04/03/15    12:20:38,91 days 10:31:16,0.0V,5.3V,13.2V,13.2V,0.0A,0.0A,0.0A,-0.2A,,29.5C,,,,,,,
04/03/15    12:15:38,91 days 10:26:17,0.0V,5.3V,13.2V,13.2V,0.0A,0.0A,0.0A,0.0A,,29.5C,,,,,,,
04/03/15    12:10:38,91 days 10:21:17,0.0V,5.3V,13.2V,13.2V,0.0A,0.0A,0.0A,-0.2A,,29.5C,,,,,,,
04/03/15    12:05:37,91 days 10:16:16,0.0V,5.3V,13.2V,13.2V,0.0A,0.0A,0.0A,-0.2A,,29.5C,,,,,,,
04/03/15    12:00:37,91 days 10:11:16,0.0V,5.3V,13.2V,13.2V,0.0A,0.0A,0.0A,0.0A,,29.5C,,,,,,,
04/03/15    11:55:36,91 days 10:06:16,0.0V,5.3V,13.2V,13.2V,0.0A,0.0A,0.0A,-0.2A,,29.5C,,,,,,,
04/03/15    11:50:36,91 days 10:01:16,0.0V,5.3V,13.2V,13.2V,0.0A,0.0A,0.0A,0.0A,,29.5C,,,,,,,
04/03/15    11:45:36,91 days 09:56:16,0.0V,5.3V,13.2V,13.2V,0.0A,0.0A,0.0A,-0.2A,,29.5C,,,,,,,
04/03/15    11:40:36,91 days 09:51:17,0.0V,5.3V,13.2V,13.2V,0.0A,0.0A,0.0A,-0.2A,,29.5C,,,,,,,
04/03/15    11:35:36,91 days 09:46:17,0.0V,5.3V,13.2V,13.2V,0.0A,0.0A,0.0A,-0.2A,,29.5C,,,,,,,
04/03/15    11:30:35,91 days 09:41:16,0.0V,5.3V,13.2V,13.2V,0.0A,0.0A,0.0A,-0.2A,,29.5C,,,,,,,
04/03/15    11:25:35,91 days 09:36:17,0.0V,5.3V,13.2V,13.2V,0.0A,0.0A,0.0A,-0.2A,,29.5C,,,,,,,
04/03/15    11:20:34,91 days 09:31:16,0.0V,5.3V,13.2V,13.2V,0.0A,0.0A,0.0A,-0.2A,,29.5C,,,,,,,
04/03/15    11:15:35,91 days 09:26:17,0.0V,5.3V,13.2V,13.2V,0.0A,0.0A,0.0A,-0.2A,,29.5C,,,,,,,
04/03/15    11:10:34,91 days 09:21:16,0.0V,5.3V,13.2V,13.2V,0.0A,0.0A,0.0A,-0.2A,,29.5C,,,,,,,
04/03/15    11:05:34,91 days 09:16:17,0.0V,5.3V,13.2V,13.2V,0.0A,0.0A,0.0A,0.0A,,29.6C,,,,,,,
04/03/15    11:00:33,91 days 09:11:16,0.0V,5.3V,13.2V,13.2V,0.0A,0.0A,0.0A,-0.2A,,29.6C,,,,,,,
04/03/15    10:55:33,91 days 09:06:16,0.0V,5.3V,13.2V,13.2V,0.0A,0.0A,0.0A,-0.2A,,29.7C,,,,,,,
04/03/15    10:50:33,91 days 09:01:17,0.0V,5.3V,13.2V,13.2V,0.0A,0.0A,0.0A,0.0A,,29.8C,,,,,,,
04/03/15    10:45:33,91 days 08:56:17,0.0V,5.3V,13.2V,13.2V,0.0A,0.0A,0.0A,-0.2A,,29.8C,,,,,,,
04/03/15    10:40:32,91 days 08:51:16,0.0V,5.3V,13.2V,13.2V,0.0A,0.0A,0.0A,-0.2A,,29.9C,,,,,,,
04/03/15    10:35:32,91 days 08:46:17,0.0V,5.3V,13.2V,13.2V,0.0A,0.0A,0.0A,0.0A,,29.9C,,,,,,,
04/03/15    10:30:31,91 days 08:41:16,0.0V,5.3V,13.2V,13.2V,0.0A,0.0A,0.0A,-0.2A,,29.9C,,,,,,,
04/03/15    10:25:31,91 days 08:36:16,0.0V,5.3V,13.2V,13.2V,0.0A,0.0A,0.0A,-0.2A,,29.9C,,,,,,,
04/03/15    10:20:31,91 days 08:31:17,0.0V,5.3V,13.2V,13.2V,0.0A,0.0A,0.0A,-0.2A,,29.9C,,,,,,,
04/03/15    10:15:31,91 days 08:26:17,0.0V,5.3V,13.2V,13.2V,0.0A,0.0A,0.0A,-0.2A,,30.0C,,,,,,,
04/03/15    10:10:30,91 days 08:21:16,0.0V,5.3V,13.2V,13.2V,0.0A,0.0A,0.0A,-0.2A,,30.0C,,,,,,,
04/03/15    10:05:30,91 days 08:16:17,0.0V,5.3V,13.2V,13.2V,0.0A,0.0A,0.0A,-0.2A,,30.0C,,,,,,,
04/03/15    10:00:29,91 days 08:11:16,0.0V,5.3V,13.2V,13.2V,0.0A,0.0A,0.0A,0.0A,,30.0C,,,,,,,
04/03/15    09:55:29,91 days 08:06:16,0.0V,5.3V,13.2V,13.2V,0.0A,0.0A,0.0A,-0.2A,,30.0C,,,,,,,
04/03/15    09:50:29,91 days 08:01:16,0.0V,5.3V,13.2V,13.2V,0.0A,0.0A,0.0A,-0.2A,,30.1C,,,,,,,
04/03/15    09:45:29,91 days 07:56:17,0.0V,5.3V,13.2V,13.2V,0.0A,0.0A,0.0A,-0.2A,,30.1C,,,,,,,
04/03/15    09:40:28,91 days 07:51:16,0.1V,5.3V,13.2V,13.2V,0.0A,0.0A,0.0A,-0.2A,,30.1C,,,,,,,
04/03/15    09:35:28,91 days 07:46:16,0.2V,5.3V,13.2V,13.2V,0.0A,0.0A,0.0A,0.0A,,30.1C,,,,,,,
04/03/15    09:30:28,91 days 07:41:17,0.7V,5.3V,13.2V,13.2V,0.0A,0.0A,0.0A,-0.2A,,30.1C,,,,,,,
04/03/15    09:25:27,91 days 07:36:16,2.3V,5.3V,13.2V,13.2V,0.0A,0.0A,0.0A,-0.2A,,30.1C,,,,,,,
04/03/15    09:20:27,91 days 07:31:16,6.0V,5.3V,13.2V,13.2V,0.0A,0.0A,0.0A,-0.2A,,30.1C,,,,,,,
04/03/15    09:15:27,91 days 07:26:17,10.6V,5.3V,13.2V,13.2V,0.0A,0.0A,0.0A,0.0A,,30.2C,,,,,,,
04/03/15    09:10:27,91 days 07:21:17,13.1V,5.3V,13.2V,13.2V,0.0A,0.0A,0.0A,-0.2A,,30.2C,,,,,,,
04/03/15    09:05:26,91 days 07:16:16,13.2V,5.2V,13.2V,13.2V,0.0A,0.0A,0.0A,-0.2A,,30.2C,,,,,,,
04/03/15    09:00:26,91 days 07:11:17,13.7V,5.2V,13.3V,13.2V,0.0A,0.0A,0.0A,-0.2A,,30.2C,,,,,,,
04/03/15    08:55:25,91 days 07:06:16,13.8V,5.2V,13.3V,13.3V,0.0A,0.0A,0.0A,-0.2A,,30.3C,,,,,,,
04/03/15    08:50:25,91 days 07:01:16,13.8V,5.2V,13.4V,13.3V,0.0A,0.0A,0.0A,-0.2A,,30.3C,,,,,,,
04/03/15    08:45:25,91 days 06:56:16,13.9V,5.2V,13.4V,13.4V,0.0A,0.0A,0.0A,-0.2A,,30.4C,,,,,,,
04/03/15    08:40:25,91 days 06:51:17,14.0V,5.2V,13.5V,13.5V,0.0A,0.0A,0.0A,-0.2A,,30.4C,,,,,,,
04/03/15    08:35:24,91 days 06:46:16,14.0V,5.2V,13.6V,13.6V,0.0A,0.0A,0.0A,0.0A,,30.4C,,,,,,,
04/03/15    08:30:24,91 days 06:41:16,14.1V,5.2V,13.7V,13.6V,0.0A,0.0A,0.0A,-0.2A,,30.4C,,,,,,,
04/03/15    08:25:24,91 days 06:36:17,14.2V,5.2V,13.7V,13.7V,0.0A,0.0A,0.0A,-0.2A,,30.4C,,,,,,,
04/03/15    08:20:24,91 days 06:31:17,18.5V,5.2V,13.8V,13.8V,0.0A,0.0A,0.0A,-0.2A,,30.4C,,,,,,,
04/03/15    08:15:23,91 days 06:26:16,14.4V,5.2V,14.0V,14.0V,0.0A,0.0A,0.0A,-0.2A,,30.4C,,,,,,,
04/03/15    08:10:23,91 days 06:21:16,14.6V,5.2V,14.1V,14.1V,0.0A,0.0A,0.0A,-0.2A,,30.4C,,,,,,,
04/03/15    08:05:23,91 days 06:16:17,14.8V,5.2V,14.3V,14.3V,0.0A,0.0A,0.0A,-0.2A,,30.4C,,,,,,,
04/03/15    08:00:23,91 days 06:11:17,17.4V,5.2V,14.4V,14.3V,0.0A,0.0A,0.0A,-0.2A,,30.4C,,,,,,,
04/03/15    07:55:22,91 days 06:06:16,19.3V,5.2V,14.4V,14.3V,0.0A,0.0A,0.0A,-0.2A,,30.4C,,,,,,,
04/03/15    07:50:22,91 days 06:01:16,19.8V,5.2V,14.4V,14.3V,0.0A,0.0A,0.0A,-0.2A,,30.4C,,,,,,,
04/03/15    07:45:21,91 days 05:56:16,20.1V,5.2V,14.4V,14.3V,0.0A,0.0A,0.0A,0.0A,,30.4C,,,,,,,
04/03/15    07:40:21,91 days 05:51:16,20.5V,5.2V,14.4V,14.3V,0.0A,0.0A,0.0A,-0.2A,,30.4C,,,,,,,
04/03/15    07:35:21,91 days 05:46:17,20.0V,5.2V,14.4V,14.3V,0.0A,0.0A,0.0A,0.0A,,30.4C,,,,,,,
04/03/15    07:30:20,91 days 05:41:16,20.5V,5.2V,14.4V,14.3V,0.0A,0.0A,0.0A,-0.2A,,30.5C,,,,,,,
04/03/15    07:25:20,91 days 05:36:16,20.5V,5.2V,14.4V,14.3V,0.0A,0.0A,0.0A,-0.2A,,30.5C,,,,,,,
04/03/15    07:20:20,91 days 05:31:17,20.8V,5.2V,14.4V,14.3V,0.0A,0.0A,0.0A,-0.2A,,30.6C,,,,,,,
04/03/15    07:15:19,91 days 05:26:16,21.2V,5.2V,14.4V,14.3V,0.0A,0.0A,0.0A,-0.2A,,30.6C,,,,,,,
04/03/15    07:10:19,91 days 05:21:17,21.1V,5.2V,14.4V,14.3V,0.0A,0.0A,0.0A,-0.2A,,30.7C,,,,,,,
04/03/15    07:05:19,91 days 05:16:17,21.1V,5.2V,14.3V,14.3V,0.0A,0.0A,0.0A,-0.2A,,30.7C,,,,,,,
04/03/15    07:00:18,91 days 05:11:16,15.1V,5.2V,13.6V,13.6V,0.0A,0.0A,0.0A,-0.2A,,30.8C,,,,,,,
04/03/15    06:55:18,91 days 05:06:17,14.8V,5.2V,13.5V,13.5V,0.0A,0.0A,0.0A,-0.2A,,30.8C,,,,,,,
04/03/15    06:50:17,91 days 05:01:16,14.2V,5.2V,13.5V,13.4V,0.0A,0.0A,0.0A,-0.2A,,30.9C,,,,,,,
04/03/15    06:45:17,91 days 04:56:16,13.9V,5.2V,13.5V,13.5V,0.0A,0.0A,0.0A,-0.2A,,30.9C,,,,,,,
04/03/15    06:40:17,91 days 04:51:17,14.0V,5.2V,13.5V,13.5V,0.0A,0.0A,0.0A,-0.2A,,30.9C,,,,,,,
04/03/15    06:35:17,91 days 04:46:17,14.1V,5.2V,13.6V,13.6V,0.0A,0.0A,0.0A,-0.2A,,31.0C,,,,,,,
04/03/15    06:30:16,91 days 04:41:16,14.3V,5.2V,13.8V,13.8V,0.0A,0.0A,0.0A,-0.2A,,31.0C,,,,,,,
04/03/15    06:25:16,91 days 04:36:16,14.4V,5.2V,14.0V,14.0V,0.0A,0.0A,0.0A,-0.2A,,31.0C,,,,,,,
04/03/15    06:20:15,91 days 04:31:16,14.7V,5.2V,14.2V,14.2V,0.0A,0.0A,0.0A,-0.2A,,31.0C,,,,,,,
04/03/15    06:15:15,91 days 04:26:16,17.8V,5.2V,14.4V,14.3V,0.0A,0.0A,0.0A,-0.2A,,31.1C,,,,,,,
04/03/15    06:10:15,91 days 04:21:17,19.4V,5.2V,14.4V,14.3V,0.0A,0.0A,0.0A,0.0A,,31.1C,,,,,,,
04/03/15    06:05:15,91 days 04:16:17,20.1V,5.2V,14.4V,14.3V,0.0A,0.0A,0.0A,-0.2A,,31.1C,,,,,,,
04/03/15    06:00:14,91 days 04:11:16,20.5V,5.2V,14.4V,14.3V,0.0A,0.0A,0.0A,-0.2A,,31.1C,,,,,,,
04/03/15    05:55:14,91 days 04:06:17,20.0V,5.2V,14.4V,14.3V,0.0A,0.0A,0.0A,-0.2A,,31.1C,,,,,,,
04/03/15    05:50:13,91 days 04:01:16,20.1V,5.2V,14.4V,14.3V,0.0A,0.0A,0.0A,0.0A,,31.1C,,,,,,,
04/03/15    05:45:13,91 days 03:56:16,20.7V,5.2V,14.4V,14.3V,0.0A,0.0A,0.0A,-0.2A,,31.0C,,,,,,,
04/03/15    05:40:13,91 days 03:51:17,20.2V,5.2V,14.4V,14.3V,0.0A,0.0A,0.0A,-0.2A,,31.0C,,,,,,,
04/03/15    05:35:13,91 days 03:46:17,21.2V,5.2V,14.4V,14.3V,0.0A,0.0A,0.0A,-0.2A,,31.0C,,,,,,,
04/03/15    05:30:12,91 days 03:41:16,20.6V,5.2V,14.4V,14.3V,0.0A,0.0A,0.0A,-0.2A,,31.0C,,,,,,,
04/03/15    05:25:12,91 days 03:36:16,20.3V,5.2V,14.4V,14.3V,0.0A,0.0A,0.0A,-0.2A,,31.0C,,,,,,,
04/03/15    05:20:12,91 days 03:31:17,20.0V,5.2V,14.4V,14.3V,0.0A,0.0A,0.0A,-0.2A,,30.9C,,,,,,,
04/03/15    05:15:12,91 days 03:26:17,19.8V,5.2V,14.4V,14.3V,0.0A,0.0A,0.0A,-0.2A,,30.9C,,,,,,,
04/03/15    05:10:11,91 days 03:21:16,20.7V,5.2V,14.4V,14.3V,0.0A,0.0A,0.0A,-0.2A,,30.8C,,,,,,,
04/03/15    05:05:11,91 days 03:16:16,19.9V,5.2V,14.4V,14.3V,0.0A,0.0A,0.0A,-0.2A,,30.8C,,,,,,,
04/03/15    05:00:11,91 days 03:11:17,21.3V,5.2V,14.4V,14.3V,0.0A,0.0A,0.0A,-0.2A,,30.8C,,,,,,,
04/03/15    04:55:10,91 days 03:06:16,20.6V,5.2V,14.4V,14.3V,0.0A,0.0A,0.0A,-0.2A,,30.7C,,,,,,,
04/03/15    04:50:10,91 days 03:01:16,21.0V,5.2V,14.4V,14.3V,0.0A,0.0A,0.0A,-0.2A,,30.7C,,,,,,,
04/03/15    04:45:10,91 days 02:56:17,20.7V,5.2V,14.4V,14.3V,0.0A,0.0A,0.0A,-0.2A,,30.7C,,,,,,,
04/03/15    04:40:10,91 days 02:51:17,21.4V,5.2V,14.4V,14.3V,0.0A,0.0A,0.0A,-0.2A,,30.6C,,,,,,,
04/03/15    04:35:09,91 days 02:46:16,20.8V,5.2V,14.4V,14.3V,0.0A,0.0A,0.0A,-0.2A,,30.6C,,,,,,,
04/03/15    04:30:09,91 days 02:41:16,20.3V,5.2V,14.4V,14.3V,0.0A,0.0A,0.0A,-0.2A,,30.6C,,,,,,,
04/03/15    04:25:09,91 days 02:36:17,20.2V,5.2V,14.4V,14.3V,0.0A,0.0A,0.0A,-0.2A,,30.5C,,,,,,,
04/03/15    04:20:09,91 days 02:31:17,20.9V,5.2V,14.4V,14.3V,0.0A,0.0A,0.0A,-0.2A,,30.5C,,,,,,,
04/03/15    04:15:08,91 days 02:26:16,20.1V,5.2V,14.4V,14.3V,0.0A,0.0A,0.0A,-0.2A,,30.5C,,,,,,,
04/03/15    04:10:08,91 days 02:21:17,20.3V,5.2V,14.4V,14.3V,0.0A,0.0A,0.0A,-0.2A,,30.4C,,,,,,,
04/03/15    04:05:07,91 days 02:16:16,20.4V,5.2V,14.4V,14.3V,0.0A,0.0A,0.0A,-0.2A,,30.4C,,,,,,,
04/03/15    04:00:07,91 days 02:11:16,21.1V,5.2V,14.4V,14.3V,0.0A,0.0A,0.0A,0.0A,,30.3C,,,,,,,
04/03/15    03:55:07,91 days 02:06:17,20.1V,5.2V,14.4V,14.3V,0.0A,0.0A,0.0A,-0.2A,,30.3C,,,,,,,
04/03/15    03:50:07,91 days 02:01:17,19.7V,5.2V,14.4V,14.3V,0.0A,0.0A,0.0A,-0.2A,,30.2C,,,,,,,
04/03/15    03:45:06,91 days 01:56:16,20.3V,5.2V,14.4V,14.3V,0.0A,0.0A,0.0A,-0.2A,,30.2C,,,,,,,
04/03/15    03:40:06,91 days 01:51:17,20.5V,5.2V,14.4V,14.3V,0.0A,0.0A,0.0A,-0.2A,,30.1C,,,,,,,
04/03/15    03:35:05,91 days 01:46:16,19.8V,5.2V,14.4V,14.3V,0.0A,0.0A,0.0A,-0.2A,,30.1C,,,,,,,
04/03/15    03:30:05,91 days 01:41:16,20.6V,5.2V,14.4V,14.3V,0.0A,0.0A,0.0A,-0.2A,,30.1C,,,,,,,
04/03/15    03:25:05,91 days 01:36:16,20.2V,5.2V,14.4V,14.3V,0.0A,0.0A,0.0A,-0.2A,,30.0C,,,,,,,
04/03/15    03:20:05,91 days 01:31:17,20.3V,5.2V,14.4V,14.3V,0.0A,0.0A,0.0A,0.0A,,30.0C,,,,,,,
04/03/15    03:15:04,91 days 01:26:16,21.0V,5.2V,14.4V,14.3V,0.0A,0.0A,0.0A,-0.2A,,30.0C,,,,,,,
04/03/15    03:10:04,91 days 01:21:16,20.2V,5.2V,14.4V,14.3V,0.0A,0.0A,0.0A,0.0A,,29.9C,,,,,,,
04/03/15    03:05:04,91 days 01:16:16,20.3V,5.2V,14.4V,14.3V,0.0A,0.0A,0.0A,-0.2A,,29.9C,,,,,,,
04/03/15    03:00:04,91 days 01:11:17,20.0V,5.2V,14.4V,14.3V,0.0A,0.0A,0.0A,-0.2A,,29.8C,,,,,,,
04/03/15    02:55:03,91 days 01:06:16,20.9V,5.2V,14.4V,14.3V,0.0A,0.0A,0.0A,0.0A,,29.7C,,,,,,,
04/03/15    02:50:03,91 days 01:01:16,19.9V,5.2V,14.4V,14.3V,0.0A,0.0A,0.0A,-0.2A,,29.7C,,,,,,,
04/03/15    02:45:03,91 days 00:56:17,19.9V,5.2V,14.4V,14.3V,0.0A,0.0A,0.0A,-0.2A,,29.6C,,,,,,,
04/03/15    02:40:02,91 days 00:51:16,20.7V,5.2V,14.4V,14.3V,0.0A,0.0A,0.0A,-0.2A,,29.5C,,,,,,,
04/03/15    02:35:02,91 days 00:46:17,20.7V,5.2V,14.4V,14.3V,0.0A,0.0A,0.0A,-0.2A,,29.5C,,,,,,,
04/03/15    02:30:01,91 days 00:41:16,20.2V,5.2V,14.4V,14.3V,0.0A,0.0A,0.0A,-0.2A,,29.4C,,,,,,,
04/03/15    02:25:01,91 days 00:36:16,20.6V,5.2V,14.4V,14.3V,0.0A,0.0A,0.0A,-0.2A,,29.4C,,,,,,,
04/03/15    02:20:01,91 days 00:31:17,20.7V,5.2V,14.4V,14.3V,0.0A,0.0A,0.0A,0.0A,,29.3C,,,,,,,
04/03/15    02:15:01,91 days 00:26:17,20.8V,5.2V,14.4V,14.3V,0.0A,0.0A,0.0A,0.0A,,29.3C,,,,,,,
04/03/15    02:10:00,91 days 00:21:16,20.6V,5.2V,14.4V,14.3V,0.0A,0.0A,0.0A,-0.2A,,29.2C,,,,,,,
04/03/15    02:05:00,91 days 00:16:17,20.0V,5.2V,14.4V,14.3V,0.0A,0.0A,0.0A,-0.2A,,29.2C,,,,,,,
04/03/15    01:59:59,91 days 00:11:16,20.5V,5.2V,14.4V,14.3V,0.0A,0.0A,0.0A,-0.2A,,29.1C,,,,,,,
04/03/15    01:54:59,91 days 00:06:17,20.5V,5.2V,14.4V,14.3V,0.0A,0.0A,0.0A,-0.2A,,29.0C,,,,,,,
04/03/15    01:49:58,91 days 00:01:16,20.4V,5.2V,14.4V,14.3V,0.0A,0.0A,0.0A,-0.2A,,29.0C,,,,,,,
04/03/15    01:44:58,90 days 23:56:16,20.5V,5.2V,14.4V,14.3V,0.0A,0.0A,0.0A,-0.2A,,28.9C,,,,,,,
04/03/15    01:39:58,90 days 23:51:17,20.5V,5.2V,14.4V,14.3V,0.0A,0.0A,0.0A,-0.2A,,28.9C,,,,,,,
04/03/15    01:34:58,90 days 23:46:17,20.6V,5.2V,14.4V,14.3V,0.0A,0.0A,0.0A,-0.2A,,28.9C,,,,,,,
04/03/15    01:29:57,90 days 23:41:16,20.8V,5.2V,14.4V,14.3V,0.0A,0.0A,0.0A,-0.2A,,28.8C,,,,,,,
04/03/15    01:24:57,90 days 23:36:16,20.7V,5.2V,14.4V,14.3V,0.0A,0.0A,0.0A,-0.2A,,28.8C,,,,,,,
04/03/15    01:19:57,90 days 23:31:16,20.6V,5.2V,14.4V,14.3V,0.0A,0.0A,0.0A,-0.2A,,28.7C,,,,,,,
04/03/15    01:14:57,90 days 23:26:17,20.6V,5.2V,14.4V,14.3V,0.0A,0.0A,0.0A,-0.2A,,28.7C,,,,,,,
04/03/15    01:09:56,90 days 23:21:16,20.7V,5.2V,14.4V,14.3V,0.0A,0.0A,0.0A,-0.2A,,28.6C,,,,,,,
04/03/15    01:04:56,90 days 23:16:16,20.8V,5.2V,14.4V,14.3V,0.0A,0.0A,0.0A,0.0A,,28.6C,,,,,,,
04/03/15    00:59:55,90 days 23:11:16,20.9V,5.2V,14.4V,14.3V,0.0A,0.0A,0.0A,-0.2A,,28.6C,,,,,,,
04/03/15    00:54:55,90 days 23:06:16,20.7V,5.2V,14.4V,14.3V,0.0A,0.0A,0.0A,-0.2A,,28.5C,,,,,,,
04/03/15    00:49:55,90 days 23:01:17,20.8V,5.2V,14.4V,14.3V,0.0A,0.0A,0.0A,0.0A,,28.5C,,,,,,,
04/03/15    00:44:54,90 days 22:56:16,20.7V,5.2V,14.4V,14.3V,0.0A,0.0A,0.0A,-0.2A,,28.4C,,,,,,,
04/03/15    00:39:54,90 days 22:51:16,20.8V,5.2V,14.4V,14.3V,0.0A,0.0A,0.0A,0.0A,,28.4C,,,,,,,
04/03/15    00:34:54,90 days 22:46:17,20.9V,5.2V,14.4V,14.3V,0.0A,0.0A,0.0A,0.0A,,28.4C,,,,,,,
04/03/15    00:29:54,90 days 22:41:17,20.9V,5.2V,14.4V,14.3V,0.0A,0.0A,0.0A,0.0A,,28.3C,,,,,,,
04/03/15    00:24:53,90 days 22:36:17,20.6V,5.2V,14.4V,14.3V,0.0A,0.0A,0.0A,-0.2A,,28.3C,,,,,,,
04/03/15    00:19:53,90 days 22:31:17,20.5V,5.2V,14.4V,14.3V,0.0A,0.0A,0.0A,-0.2A,,28.3C,,,,,,,
04/03/15    00:14:52,90 days 22:26:16,20.5V,5.2V,14.4V,14.3V,0.0A,0.0A,0.0A,-0.2A,,28.2C,,,,,,,
04/03/15    00:09:52,90 days 22:21:16,20.7V,5.2V,14.4V,14.3V,0.0A,0.0A,0.0A,0.0A,,28.2C,,,,,,,
04/03/15    00:04:51,90 days 22:16:16,20.6V,5.2V,14.4V,14.3V,0.0A,0.0A,0.0A,-0.2A,,28.2C,,,,,,,
04/02/15    23:59:51,90 days 22:11:16,20.4V,5.2V,14.4V,14.3V,0.0A,0.0A,0.0A,-0.2A,,28.1C,,,,,,,
04/02/15    23:54:51,90 days 22:06:17,20.3V,5.2V,14.3V,14.3V,0.0A,0.0A,0.0A,-0.2A,,28.1C,,,,,,,
04/02/15    23:49:51,90 days 22:01:17,15.9V,5.2V,14.2V,14.1V,0.0A,0.0A,0.0A,-0.2A,,28.0C,,,,,,,
04/02/15    23:44:50,90 days 21:56:16,15.7V,5.2V,13.9V,13.9V,0.0A,0.0A,0.0A,-0.2A,,27.9C,,,,,,,
04/02/15    23:39:50,90 days 21:51:17,15.7V,5.2V,13.8V,13.8V,0.0A,0.0A,0.0A,0.0A,,27.9C,,,,,,,
04/02/15    23:34:49,90 days 21:46:16,15.7V,5.2V,13.8V,13.8V,0.0A,0.0A,0.0A,0.0A,,27.8C,,,,,,,
04/02/15    23:29:49,90 days 21:41:16,15.5V,5.2V,13.8V,13.7V,0.0A,0.0A,0.0A,0.0A,,27.8C,,,,,,,
04/02/15    23:24:49,90 days 21:36:17,15.5V,5.2V,13.7V,13.7V,0.0A,0.0A,0.0A,-0.2A,,27.7C,,,,,,,
04/02/15    23:19:48,90 days 21:31:16,15.6V,5.2V,13.7V,13.7V,0.0A,0.0A,0.0A,-0.2A,,27.7C,,,,,,,
04/02/15    23:14:48,90 days 21:26:16,15.6V,5.2V,13.7V,13.6V,0.0A,0.0A,0.0A,0.0A,,27.6C,,,,,,,
04/02/15    23:09:48,90 days 21:21:17,15.6V,5.2V,13.6V,13.6V,0.0A,0.0A,0.0A,-0.2A,,27.6C,,,,,,,
04/02/15    23:04:47,90 days 21:16:16,15.6V,5.2V,13.7V,13.6V,0.0A,0.0A,0.0A,-0.2A,,27.5C,,,,,,,
04/02/15    22:59:47,90 days 21:11:16,15.7V,5.2V,13.7V,13.6V,0.0A,0.0A,0.0A,-0.2A,,27.5C,,,,,,,
04/02/15    22:54:46,90 days 21:06:16,15.6V,5.2V,13.6V,13.6V,0.0A,0.0A,0.0A,-0.2A,,27.5C,,,,,,,
04/02/15    22:49:46,90 days 21:01:16,15.6V,5.2V,13.6V,13.6V,0.0A,0.0A,0.0A,-0.2A,,27.5C,,,,,,,
04/02/15    22:44:46,90 days 20:56:16,15.6V,5.2V,13.6V,13.6V,0.0A,0.0A,0.0A,-0.2A,,27.4C,,,,,,,
04/02/15    22:39:46,90 days 20:51:17,15.2V,5.2V,13.4V,13.4V,0.0A,0.0A,0.0A,-0.2A,,27.4C,,,,,,,
04/02/15    22:34:45,90 days 20:46:16,15.2V,5.2V,13.4V,13.4V,0.0A,0.0A,0.0A,-0.2A,,27.4C,,,,,,,
04/02/15    22:29:45,90 days 20:41:16,15.6V,5.2V,13.6V,13.5V,0.0A,0.0A,0.0A,-0.2A,,27.4C,,,,,,,
04/02/15    22:24:45,90 days 20:36:16,15.6V,5.2V,13.5V,13.5V,0.0A,0.0A,0.0A,0.0A,,27.4C,,,,,,,
04/02/15    22:19:45,90 days 20:31:17,15.6V,5.2V,13.5V,13.5V,0.0A,0.0A,0.0A,0.0A,,27.4C,,,,,,,
04/02/15    22:14:45,90 days 20:26:17,15.4V,5.2V,13.5V,13.5V,0.0A,0.0A,0.0A,0.0A,,27.4C,,,,,,,
04/02/15    22:09:44,90 days 20:21:16,15.3V,5.2V,13.5V,13.5V,0.0A,0.0A,0.0A,0.0A,,27.4C,,,,,,,
04/02/15    22:04:44,90 days 20:16:16,15.3V,5.2V,13.5V,13.4V,0.0A,0.0A,0.0A,-0.2A,,27.4C,,,,,,,
04/02/15    21:59:44,90 days 20:11:17,15.2V,5.2V,13.4V,13.4V,0.0A,0.0A,0.0A,0.0A,,27.4C,,,,,,,
04/02/15    21:54:43,90 days 20:06:16,15.2V,5.2V,13.4V,13.4V,0.0A,0.0A,0.0A,-0.2A,,27.3C,,,,,,,
04/02/15    21:49:43,90 days 20:01:16,15.2V,5.2V,13.4V,13.4V,0.0A,0.0A,0.0A,-0.2A,,27.3C,,,,,,,
04/02/15    21:44:43,90 days 19:56:17,15.2V,5.2V,13.4V,13.3V,0.0A,0.0A,0.0A,-0.2A,,27.3C,,,,,,,
04/02/15    21:39:42,90 days 19:51:16,15.2V,5.2V,13.3V,13.3V,0.0A,0.0A,0.0A,-0.2A,,27.3C,,,,,,,
04/02/15    21:34:42,90 days 19:46:16,15.2V,5.2V,13.3V,13.3V,0.0A,0.0A,0.0A,0.0A,,27.3C,,,,,,,
04/02/15    21:29:42,90 days 19:41:16,14.9V,5.2V,13.3V,13.2V,0.0A,0.0A,0.0A,-0.2A,,27.4C,,,,,,,
04/02/15    21:24:42,90 days 19:36:17,14.7V,5.2V,13.2V,13.2V,0.0A,0.0A,0.0A,-0.2A,,27.4C,,,,,,,
04/02/15    21:19:41,90 days 19:31:16,14.8V,5.2V,13.2V,13.2V,0.0A,0.0A,0.0A,-0.2A,,27.4C,,,,,,,
04/02/15    21:14:41,90 days 19:26:16,14.3V,5.2V,13.2V,13.2V,0.0A,0.0A,0.0A,-0.2A,,27.4C,,,,,,,
04/02/15    21:09:41,90 days 19:21:17,13.7V,5.2V,13.2V,13.2V,0.0A,0.0A,0.0A,0.0A,,27.4C,,,,,,,
04/02/15    21:04:41,90 days 19:16:17,14.2V,5.2V,13.2V,13.2V,0.0A,0.0A,0.0A,0.0A,,27.4C,,,,,,,
04/02/15    20:59:40,90 days 19:11:16,13.7V,5.2V,13.2V,13.2V,0.0A,0.0A,0.0A,-0.2A,,27.4C,,,,,,,
04/02/15    20:54:40,90 days 19:06:16,13.6V,5.2V,13.2V,13.2V,0.0A,0.0A,0.0A,-0.2A,,27.5C,,,,,,,
04/02/15    20:49:39,90 days 19:01:16,13.2V,5.2V,13.2V,13.2V,0.0A,0.0A,0.0A,0.0A,,27.5C,,,,,,,
04/02/15    20:44:39,90 days 18:56:16,13.1V,5.2V,13.2V,13.2V,0.0A,0.0A,0.0A,-0.2A,,27.5C,,,,,,,
04/02/15    20:39:39,90 days 18:51:16,8.7V,5.2V,13.2V,13.2V,0.0A,0.0A,0.0A,-0.2A,,27.5C,,,,,,,
04/02/15    20:34:39,90 days 18:46:17,4.2V,5.2V,13.2V,13.2V,0.0A,0.0A,0.0A,-0.2A,,27.5C,,,,,,,
04/02/15    20:29:38,90 days 18:41:16,1.4V,5.2V,13.2V,13.2V,0.0A,0.0A,0.0A,-0.2A,,27.5C,,,,,,,
04/02/15    20:24:38,90 days 18:36:16,0.4V,5.2V,13.2V,13.2V,0.0A,0.0A,0.0A,-0.2A,,27.5C,,,,,,,
04/02/15    20:19:37,90 days 18:31:16,0.1V,5.3V,13.2V,13.2V,0.0A,0.0A,0.0A,0.0A,,27.6C,,,,,,,
04/02/15    20:14:37,90 days 18:26:16,0.0V,5.2V,13.2V,13.2V,0.0A,0.0A,0.0A,0.0A,,27.6C,,,,,,,
04/02/15    20:09:37,90 days 18:21:16,0.0V,5.2V,13.2V,13.2V,0.0A,0.0A,0.0A,-0.2A,,27.6C,,,,,,,
04/02/15    20:04:37,90 days 18:16:17,0.0V,5.2V,13.2V,13.2V,0.0A,0.0A,0.0A,-0.2A,,27.6C,,,,,,,
04/02/15    19:59:37,90 days 18:11:17,0.0V,5.2V,13.2V,13.2V,0.0A,0.0A,0.0A,-0.2A,,27.6C,,,,,,,
04/02/15    19:54:36,90 days 18:06:16,0.0V,5.2V,13.2V,13.2V,0.0A,0.0A,0.0A,-0.2A,,27.7C,,,,,,,
04/02/15    19:49:36,90 days 18:01:16,0.0V,5.2V,13.2V,13.2V,0.0A,0.0A,0.0A,0.0A,,27.7C,,,,,,,
04/02/15    19:44:36,90 days 17:56:16,0.0V,5.2V,13.2V,13.2V,0.0A,0.0A,0.0A,-0.2A,,27.7C,,,,,,,
04/02/15    19:39:36,90 days 17:51:17,0.0V,5.2V,13.2V,13.2V,0.0A,0.0A,0.0A,0.0A,,27.7C,,,,,,,
04/02/15    19:34:36,90 days 17:46:17,0.0V,5.2V,13.2V,13.2V,0.0A,0.0A,0.0A,-0.2A,,27.7C,,,,,,,
04/02/15    19:29:36,90 days 17:41:17,0.0V,5.3V,13.2V,13.2V,0.0A,0.0A,0.0A,-0.2A,,27.8C,,,,,,,
04/02/15    19:24:35,90 days 17:36:16,0.0V,5.2V,13.2V,13.2V,0.0A,0.0A,0.0A,-0.2A,,27.8C,,,,,,,
04/02/15    19:19:35,90 days 17:31:16,0.0V,5.2V,13.2V,13.2V,0.0A,0.0A,0.0A,-0.2A,,27.8C,,,,,,,
04/02/15    19:14:35,90 days 17:26:17,0.0V,5.2V,13.2V,13.2V,0.0A,0.0A,0.0A,-0.2A,,27.8C,,,,,,,
04/02/15    19:09:35,90 days 17:21:17,0.0V,5.2V,13.2V,13.2V,0.0A,0.0A,0.0A,-0.2A,,27.8C,,,,,,,
04/02/15    19:04:34,90 days 17:16:16,0.0V,5.2V,13.2V,13.2V,0.0A,0.0A,0.0A,0.0A,,27.9C,,,,,,,
04/02/15    18:59:34,90 days 17:11:16,0.0V,5.3V,13.2V,13.2V,0.0A,0.0A,0.0A,0.0A,,27.9C,,,,,,,
04/02/15    18:54:34,90 days 17:06:16,0.0V,5.2V,13.2V,13.2V,0.0A,0.0A,0.0A,0.0A,,27.9C,,,,,,,
04/02/15    18:49:34,90 days 17:01:17,0.0V,5.2V,13.2V,13.2V,0.0A,0.0A,0.0A,-0.2A,,27.9C,,,,,,,
04/02/15    18:44:33,90 days 16:56:16,0.0V,5.2V,13.2V,13.2V,0.0A,0.0A,0.0A,-0.2A,,27.9C,,,,,,,
04/02/15    18:39:33,90 days 16:51:16,0.0V,5.2V,13.2V,13.2V,0.0A,0.0A,0.0A,0.0A,,28.0C,,,,,,,
04/02/15    18:34:33,90 days 16:46:16,0.0V,5.2V,13.2V,13.2V,0.0A,0.0A,0.0A,-0.2A,,28.0C,,,,,,,
04/02/15    18:29:33,90 days 16:41:16,0.0V,5.3V,13.2V,13.2V,0.0A,0.0A,0.0A,-0.2A,,28.0C,,,,,,,
04/02/15    18:24:32,90 days 16:36:16,0.0V,5.2V,13.2V,13.2V,0.0A,0.0A,0.0A,0.0A,,28.0C,,,,,,,
04/02/15    18:19:32,90 days 16:31:16,0.0V,5.3V,13.2V,13.2V,0.0A,0.0A,0.0A,-0.2A,,28.1C,,,,,,,
04/02/15    18:14:32,90 days 16:26:16,0.0V,5.2V,13.2V,13.2V,0.0A,0.0A,0.0A,-0.2A,,28.1C,,,,,,,
04/02/15    18:09:32,90 days 16:21:17,0.0V,5.2V,13.2V,13.2V,0.0A,0.0A,0.0A,-0.2A,,28.1C,,,,,,,
04/02/15    18:04:31,90 days 16:16:16,0.0V,5.2V,13.2V,13.2V,0.0A,0.0A,0.0A,-0.2A,,28.1C,,,,,,,
04/02/15    17:59:31,90 days 16:11:16,0.0V,5.2V,13.2V,13.2V,0.0A,0.0A,0.0A,-0.2A,,28.1C,,,,,,,
04/02/15    17:54:31,90 days 16:06:16,0.0V,5.2V,13.2V,13.2V,0.0A,0.0A,0.0A,-0.2A,,28.2C,,,,,,,
04/02/15    17:49:31,90 days 16:01:17,0.0V,5.3V,13.2V,13.2V,0.0A,0.0A,0.0A,-0.2A,,28.2C,,,,,,,
04/02/15    17:44:31,90 days 15:56:17,0.0V,5.3V,13.2V,13.2V,0.0A,0.0A,0.0A,-0.2A,,28.2C,,,,,,,
04/02/15    17:39:30,90 days 15:51:16,0.0V,5.2V,13.2V,13.2V,0.0A,0.0A,0.0A,-0.2A,,28.2C,,,,,,,
04/02/15    17:34:30,90 days 15:46:16,0.0V,5.2V,13.2V,13.2V,0.0A,0.0A,0.0A,-0.2A,,28.2C,,,,,,,
04/02/15    17:29:30,90 days 15:41:17,0.0V,5.2V,13.2V,13.2V,0.0A,0.0A,0.0A,-0.2A,,28.2C,,,,,,,
04/02/15    17:24:30,90 days 15:36:17,0.0V,5.2V,13.2V,13.2V,0.0A,0.0A,0.0A,-0.2A,,28.3C,,,,,,,
04/02/15    17:19:29,90 days 15:31:16,0.0V,5.3V,13.2V,13.2V,0.0A,0.0A,0.0A,-0.2A,,28.3C,,,,,,,
04/02/15    17:14:29,90 days 15:26:16,0.0V,5.2V,13.2V,13.2V,0.0A,0.0A,0.0A,-0.2A,,28.3C,,,,,,,
04/02/15    17:09:29,90 days 15:21:17,0.0V,5.2V,13.2V,13.2V,0.0A,0.0A,0.0A,-0.2A,,28.3C,,,,,,,
04/02/15    17:04:28,90 days 15:16:16,0.0V,5.3V,13.2V,13.2V,0.0A,0.0A,0.0A,0.0A,,28.3C,,,,,,,
04/02/15    16:59:28,90 days 15:11:16,0.0V,5.2V,13.2V,13.2V,0.0A,0.0A,0.0A,-0.2A,,28.4C,,,,,,,
04/02/15    16:54:28,90 days 15:06:17,0.0V,5.2V,13.2V,13.2V,0.0A,0.0A,0.0A,-0.2A,,28.4C,,,,,,,
04/02/15    16:49:27,90 days 15:01:16,0.0V,5.3V,13.2V,13.2V,0.0A,0.0A,0.0A,-0.2A,,28.4C,,,,,,,
04/02/15    16:44:27,90 days 14:56:16,0.0V,5.2V,13.2V,13.2V,0.0A,0.0A,0.0A,-0.2A,,28.4C,,,,,,,
04/02/15    16:39:27,90 days 14:51:16,0.0V,5.2V,13.2V,13.2V,0.0A,0.0A,0.0A,-0.2A,,28.5C,,,,,,,
04/02/15    16:34:27,90 days 14:46:17,0.0V,5.3V,13.2V,13.2V,0.0A,0.0A,0.0A,-0.2A,,28.5C,,,,,,,
04/02/15    16:29:26,90 days 14:41:16,0.0V,5.2V,13.2V,13.2V,0.0A,0.0A,0.0A,-0.2A,,28.5C,,,,,,,
04/02/15    16:24:26,90 days 14:36:16,0.0V,5.3V,13.2V,13.2V,0.0A,0.0A,0.0A,-0.2A,,28.5C,,,,,,,
04/02/15    16:19:26,90 days 14:31:16,0.0V,5.2V,13.2V,13.2V,0.0A,0.0A,0.0A,-0.2A,,28.5C,,,,,,,
04/02/15    16:14:26,90 days 14:26:17,0.0V,5.2V,13.2V,13.2V,0.0A,0.0A,0.0A,-0.2A,,28.6C,,,,,,,
04/02/15    16:09:25,90 days 14:21:16,0.0V,5.3V,13.2V,13.2V,0.0A,0.0A,0.0A,0.0A,,28.6C,,,,,,,
04/02/15    16:04:25,90 days 14:16:16,0.0V,5.3V,13.2V,13.2V,0.0A,0.0A,0.0A,0.0A,,28.6C,,,,,,,
04/02/15    15:59:25,90 days 14:11:16,0.0V,5.3V,13.2V,13.2V,0.0A,0.0A,0.0A,-0.2A,,28.6C,,,,,,,
04/02/15    15:54:25,90 days 14:06:17,0.0V,5.3V,13.2V,13.2V,0.0A,0.0A,0.0A,-0.2A,,28.6C,,,,,,,
04/02/15    15:49:24,90 days 14:01:16,0.0V,5.3V,13.2V,13.2V,0.0A,0.0A,0.0A,-0.2A,,28.6C,,,,,,,
04/02/15    15:44:24,90 days 13:56:16,0.0V,5.3V,13.2V,13.2V,0.0A,0.0A,0.0A,-0.2A,,28.6C,,,,,,,
04/02/15    15:39:23,90 days 13:51:16,0.0V,5.2V,13.2V,13.2V,0.0A,0.0A,0.0A,-0.2A,,28.7C,,,,,,,
04/02/15    15:34:23,90 days 13:46:16,0.0V,5.3V,13.2V,13.2V,0.0A,0.0A,0.0A,-0.2A,,28.7C,,,,,,,
04/02/15    15:29:23,90 days 13:41:16,0.0V,5.3V,13.2V,13.2V,0.0A,0.0A,0.0A,-0.2A,,28.7C,,,,,,,
04/02/15    15:24:23,90 days 13:36:17,0.0V,5.3V,13.2V,13.2V,0.0A,0.0A,0.0A,-0.2A,,28.7C,,,,,,,
04/02/15    15:19:23,90 days 13:31:17,0.0V,5.2V,13.2V,13.2V,0.0A,0.0A,0.0A,-0.2A,,28.7C,,,,,,,
04/02/15    15:14:22,90 days 13:26:16,0.0V,5.3V,13.2V,13.2V,0.0A,0.0A,0.0A,-0.2A,,28.8C,,,,,,,
04/02/15    15:09:22,90 days 13:21:16,0.0V,5.3V,13.2V,13.2V,0.0A,0.0A,0.0A,-0.2A,,28.8C,,,,,,,
04/02/15    15:04:22,90 days 13:16:16,0.0V,5.3V,13.2V,13.2V,0.0A,0.0A,0.0A,-0.2A,,28.8C,,,,,,,
04/02/15    14:59:22,90 days 13:11:17,0.0V,5.2V,13.2V,13.2V,0.0A,0.0A,0.0A,0.0A,,28.8C,,,,,,,
04/02/15    14:54:21,90 days 13:06:16,0.0V,5.3V,13.2V,13.2V,0.0A,0.0A,0.0A,-0.2A,,28.9C,,,,,,,
04/02/15    14:49:21,90 days 13:01:16,0.0V,5.3V,13.2V,13.2V,0.0A,0.0A,0.0A,0.0A,,28.9C,,,,,,,
04/02/15    14:44:21,90 days 12:56:17,0.0V,5.3V,13.2V,13.2V,0.0A,0.0A,0.0A,-0.2A,,28.9C,,,,,,,
04/02/15    14:39:21,90 days 12:51:17,0.0V,5.3V,13.2V,13.2V,0.0A,0.0A,0.0A,-0.2A,,29.0C,,,,,,,
04/02/15    14:34:20,90 days 12:46:16,0.0V,5.3V,13.2V,13.2V,0.0A,0.0A,0.0A,-0.2A,,29.0C,,,,,,,
04/02/15    14:29:20,90 days 12:41:16,0.0V,5.3V,13.2V,13.2V,0.0A,0.0A,0.0A,-0.2A,,29.0C,,,,,,,
04/02/15    14:24:20,90 days 12:36:17,0.0V,5.3V,13.2V,13.2V,0.0A,0.0A,0.0A,-0.2A,,29.0C,,,,,,,
04/02/15    14:19:20,90 days 12:31:17,0.0V,5.3V,13.2V,13.2V,0.0A,0.0A,0.0A,0.0A,,29.1C,,,,,,,
04/02/15    14:14:19,90 days 12:26:16,0.0V,5.3V,13.2V,13.2V,0.0A,0.0A,0.0A,-0.2A,,29.1C,,,,,,,
04/02/15    14:09:19,90 days 12:21:16,0.0V,5.3V,13.2V,13.2V,0.0A,0.0A,0.0A,-0.2A,,29.1C,,,,,,,
04/02/15    14:04:19,90 days 12:16:17,0.0V,5.3V,13.2V,13.2V,0.0A,0.0A,0.0A,-0.2A,,29.1C,,,,,,,
04/02/15    13:59:19,90 days 12:11:17,0.0V,5.3V,13.2V,13.2V,0.0A,0.0A,0.0A,-0.2A,,29.1C,,,,,,,
04/02/15    13:54:18,90 days 12:06:16,0.0V,5.3V,13.2V,13.2V,0.0A,0.0A,0.0A,-0.2A,,29.1C,,,,,,,
04/02/15    13:49:18,90 days 12:01:16,0.0V,5.3V,13.2V,13.2V,0.0A,0.0A,0.0A,-0.2A,,29.1C,,,,,,,
04/02/15    13:44:18,90 days 11:56:17,0.0V,5.3V,13.2V,13.2V,0.0A,0.0A,0.0A,0.0A,,29.2C,,,,,,,
04/02/15    13:39:18,90 days 11:51:17,0.0V,5.3V,13.2V,13.2V,0.0A,0.0A,0.0A,-0.2A,,29.2C,,,,,,,
04/02/15    13:34:17,90 days 11:46:16,0.0V,5.3V,13.2V,13.2V,0.0A,0.0A,0.0A,-0.2A,,29.2C,,,,,,,
04/02/15    13:29:17,90 days 11:41:16,0.0V,5.3V,13.2V,13.2V,0.0A,0.0A,0.0A,-0.2A,,29.2C,,,,,,,
04/02/15    13:24:16,90 days 11:36:16,0.0V,5.3V,13.2V,13.2V,0.0A,0.0A,0.0A,-0.2A,,29.2C,,,,,,,
04/02/15    13:19:17,90 days 11:31:17,0.0V,5.3V,13.2V,13.2V,0.0A,0.0A,0.0A,0.0A,,29.2C,,,,,,,
04/02/15    13:14:17,90 days 11:26:17,0.0V,5.3V,13.2V,13.2V,0.0A,0.0A,0.0A,-0.2A,,29.3C,,,,,,,
04/02/15    13:09:16,90 days 11:21:16,0.0V,5.3V,13.2V,13.2V,0.0A,0.0A,0.0A,-0.2A,,29.3C,,,,,,,
04/02/15    13:04:16,90 days 11:16:17,0.0V,5.3V,13.2V,13.2V,0.0A,0.0A,0.0A,-0.2A,,29.3C,,,,,,,
04/02/15    12:59:15,90 days 11:11:16,0.0V,5.3V,13.2V,13.2V,0.0A,0.0A,0.0A,0.0A,,29.3C,,,,,,,
04/02/15    12:54:15,90 days 11:06:16,0.0V,5.3V,13.2V,13.2V,0.0A,0.0A,0.0A,-0.2A,,29.4C,,,,,,,
04/02/15    12:49:15,90 days 11:01:17,0.0V,5.3V,13.2V,13.2V,0.0A,0.0A,0.0A,-0.2A,,29.4C,,,,,,,
04/02/15    12:44:14,90 days 10:56:16,0.0V,5.3V,13.2V,13.2V,0.0A,0.0A,0.0A,-0.2A,,29.4C,,,,,,,
04/02/15    12:39:14,90 days 10:51:16,0.0V,5.3V,13.2V,13.2V,0.0A,0.0A,0.0A,0.0A,,29.4C,,,,,,,
04/02/15    12:34:14,90 days 10:46:17,0.0V,5.3V,13.2V,13.2V,0.0A,0.0A,0.0A,-0.2A,,29.5C,,,,,,,
04/02/15    12:29:13,90 days 10:41:16,0.0V,5.3V,13.2V,13.2V,0.0A,0.0A,0.0A,-0.2A,,29.5C,,,,,,,
04/02/15    12:24:13,90 days 10:36:16,0.0V,5.3V,13.2V,13.2V,0.0A,0.0A,0.0A,-0.2A,,29.5C,,,,,,,
04/02/15    12:19:13,90 days 10:31:17,0.0V,5.3V,13.2V,13.2V,0.0A,0.0A,0.0A,-0.2A,,29.5C,,,,,,,
04/02/15    12:14:13,90 days 10:26:17,0.0V,5.3V,13.2V,13.2V,0.0A,0.0A,0.0A,-0.2A,,29.5C,,,,,,,
04/02/15    12:09:12,90 days 10:21:16,0.0V,5.3V,13.2V,13.2V,0.0A,0.0A,0.0A,-0.2A,,29.6C,,,,,,,
04/02/15    12:04:12,90 days 10:16:17,0.0V,5.3V,13.2V,13.2V,0.0A,0.0A,0.0A,-0.2A,,29.6C,,,,,,,
04/02/15    11:59:11,90 days 10:11:16,0.0V,5.3V,13.2V,13.2V,0.0A,0.0A,0.0A,-0.2A,,29.6C,,,,,,,
04/02/15    11:54:11,90 days 10:06:16,0.0V,5.3V,13.2V,13.2V,0.0A,0.0A,0.0A,-0.2A,,29.6C,,,,,,,
04/02/15    11:49:11,90 days 10:01:16,0.0V,5.3V,13.2V,13.2V,0.0A,0.0A,0.0A,-0.2A,,29.6C,,,,,,,
04/02/15    11:44:11,90 days 09:56:17,0.0V,5.3V,13.2V,13.2V,0.0A,0.0A,0.0A,-0.2A,,29.6C,,,,,,,
04/02/15    11:39:10,90 days 09:51:16,0.0V,5.3V,13.2V,13.2V,0.0A,0.0A,0.0A,-0.2A,,29.6C,,,,,,,
04/02/15    11:34:10,90 days 09:46:16,0.0V,5.3V,13.2V,13.2V,0.0A,0.0A,0.0A,0.0A,,29.6C,,,,,,,
04/02/15    11:29:10,90 days 09:41:17,0.0V,5.3V,13.2V,13.2V,0.0A,0.0A,0.0A,-0.2A,,29.7C,,,,,,,
04/02/15    11:24:10,90 days 09:36:17,0.0V,5.3V,13.2V,13.2V,0.0A,0.0A,0.0A,-0.2A,,29.6C,,,,,,,
04/02/15    11:19:09,90 days 09:31:16,0.0V,5.3V,13.2V,13.2V,0.0A,0.0A,0.0A,-0.2A,,29.6C,,,,,,,
04/02/15    11:14:09,90 days 09:26:16,0.0V,5.3V,13.2V,13.2V,0.0A,0.0A,0.0A,-0.2A,,29.7C,,,,,,,
04/02/15    11:09:09,90 days 09:21:17,0.0V,5.3V,13.2V,13.2V,0.0A,0.0A,0.0A,-0.2A,,29.7C,,,,,,,
04/02/15    11:04:09,90 days 09:16:17,0.0V,5.3V,13.2V,13.2V,0.0A,0.0A,0.0A,-0.2A,,29.7C,,,,,,,
04/02/15    10:59:09,90 days 09:11:17,0.0V,5.3V,13.2V,13.2V,0.0A,0.0A,0.0A,-0.2A,,29.7C,,,,,,,
04/02/15    10:54:08,90 days 09:06:16,0.0V,5.3V,13.2V,13.2V,0.0A,0.0A,0.0A,-0.2A,,29.7C,,,,,,,
04/02/15    10:49:08,90 days 09:01:16,0.0V,5.3V,13.2V,13.2V,0.0A,0.0A,0.0A,-0.2A,,29.7C,,,,,,,
04/02/15    10:44:08,90 days 08:56:17,0.0V,5.3V,13.2V,13.2V,0.0A,0.0A,0.0A,-0.2A,,29.7C,,,,,,,
04/02/15    10:39:08,90 days 08:51:17,0.0V,5.3V,13.2V,13.2V,0.0A,0.0A,0.0A,0.0A,,29.7C,,,,,,,
04/02/15    10:34:07,90 days 08:46:16,0.0V,5.3V,13.2V,13.2V,0.0A,0.0A,0.0A,-0.2A,,29.7C,,,,,,,
04/02/15    10:29:07,90 days 08:41:16,0.0V,5.3V,13.2V,13.2V,0.0A,0.0A,0.0A,-0.2A,,29.7C,,,,,,,
04/02/15    10:24:07,90 days 08:36:17,0.0V,5.3V,13.2V,13.2V,0.0A,0.0A,0.0A,-0.2A,,29.7C,,,,,,,
04/02/15    10:19:07,90 days 08:31:17,0.0V,5.3V,13.2V,13.2V,0.0A,0.0A,0.0A,-0.2A,,29.7C,,,,,,,
04/02/15    10:14:06,90 days 08:26:16,0.0V,5.3V,13.2V,13.2V,0.0A,0.0A,0.0A,-0.2A,,29.7C,,,,,,,
04/02/15    10:09:06,90 days 08:21:16,0.0V,5.3V,13.2V,13.2V,0.0A,0.0A,0.0A,-0.2A,,29.7C,,,,,,,
04/02/15    10:04:06,90 days 08:16:17,0.0V,5.3V,13.2V,13.2V,0.0A,0.0A,0.0A,0.0A,,29.7C,,,,,,,
04/02/15    09:59:06,90 days 08:11:17,0.0V,5.3V,13.2V,13.2V,0.0A,0.0A,0.0A,-0.2A,,29.7C,,,,,,,
04/02/15    09:54:05,90 days 08:06:16,0.0V,5.3V,13.2V,13.2V,0.0A,0.0A,0.0A,-0.2A,,29.7C,,,,,,,
04/02/15    09:49:05,90 days 08:01:16,0.0V,5.3V,13.2V,13.2V,0.0A,0.0A,0.0A,-0.2A,,29.7C,,,,,,,
04/02/15    09:44:05,90 days 07:56:17,0.1V,5.3V,13.2V,13.2V,0.0A,0.0A,0.0A,-0.2A,,29.7C,,,,,,,
04/02/15    09:39:04,90 days 07:51:16,0.2V,5.3V,13.2V,13.2V,0.0A,0.0A,0.0A,-0.2A,,29.7C,,,,,,,
04/02/15    09:34:04,90 days 07:46:16,0.8V,5.3V,13.2V,13.2V,0.0A,0.0A,0.0A,-0.2A,,29.7C,,,,,,,
04/02/15    09:29:04,90 days 07:41:17,2.6V,5.3V,13.2V,13.2V,0.0A,0.0A,0.0A,-0.2A,,29.7C,,,,,,,
04/02/15    09:24:03,90 days 07:36:16,6.2V,5.3V,13.2V,13.2V,0.0A,0.0A,0.0A,-0.2A,,29.7C,,,,,,,
04/02/15    09:19:03,90 days 07:31:16,10.2V,5.3V,13.2V,13.2V,0.0A,0.0A,0.0A,-0.2A,,29.7C,,,,,,,
04/02/15    09:14:03,90 days 07:26:17,13.1V,5.3V,13.2V,13.2V,0.0A,0.0A,0.0A,-0.2A,,29.7C,,,,,,,
04/02/15    09:09:02,90 days 07:21:16,13.2V,5.2V,13.2V,13.2V,0.0A,0.0A,0.0A,0.0A,,29.7C,,,,,,,
04/02/15    09:04:02,90 days 07:16:16,13.7V,5.2V,13.3V,13.2V,0.0A,0.0A,0.0A,0.0A,,29.7C,,,,,,,
04/02/15    08:59:02,90 days 07:11:16,13.7V,5.2V,13.3V,13.3V,0.0A,0.0A,0.0A,-0.2A,,29.7C,,,,,,,
04/02/15    08:54:01,90 days 07:06:16,13.8V,5.2V,13.3V,13.3V,0.0A,0.0A,0.0A,-0.2A,,29.7C,,,,,,,
04/02/15    08:49:01,90 days 07:01:16,14.4V,5.2V,13.4V,13.4V,0.0A,0.0A,0.0A,-0.2A,,29.7C,,,,,,,
04/02/15    08:44:01,90 days 06:56:16,13.9V,5.2V,13.5V,13.4V,0.0A,0.0A,0.0A,-0.2A,,29.7C,,,,,,,
04/02/15    08:39:01,90 days 06:51:17,14.0V,5.2V,13.5V,13.5V,0.0A,0.0A,0.0A,-0.2A,,29.8C,,,,,,,
04/02/15    08:34:01,90 days 06:46:17,14.4V,5.2V,13.6V,13.6V,0.0A,0.0A,0.0A,-0.2A,,29.9C,,,,,,,
04/02/15    08:29:00,90 days 06:41:16,15.0V,5.2V,13.6V,13.6V,0.0A,0.0A,0.0A,-0.2A,,30.0C,,,,,,,
04/02/15    08:24:00,90 days 06:36:16,15.4V,5.2V,13.6V,13.5V,0.0A,0.0A,0.0A,-0.2A,,30.1C,,,,,,,
04/02/15    08:19:00,90 days 06:31:17,15.5V,5.2V,13.5V,13.5V,0.0A,0.0A,0.0A,-0.2A,,30.2C,,,,,,,
04/02/15    08:13:59,90 days 06:26:16,15.3V,5.2V,13.4V,13.4V,0.0A,0.0A,0.0A,0.0A,,30.2C,,,,,,,
04/02/15    08:08:59,90 days 06:21:16,14.3V,5.2V,13.3V,13.3V,0.0A,0.0A,0.0A,-0.2A,,30.3C,,,,,,,
04/02/15    08:03:59,90 days 06:16:17,13.7V,5.2V,13.3V,13.2V,0.0A,0.0A,0.0A,-0.2A,,30.4C,,,,,,,
04/02/15    07:58:58,90 days 06:11:16,13.7V,5.2V,13.3V,13.2V,0.0A,0.0A,0.0A,-0.2A,,30.6C,,,,,,,
04/02/15    07:53:58,90 days 06:06:16,13.7V,5.2V,13.3V,13.2V,0.0A,0.0A,0.0A,0.0A,,30.6C,,,,,,,
04/02/15    07:48:58,90 days 06:01:17,13.7V,5.2V,13.3V,13.3V,0.0A,0.0A,0.0A,-0.2A,,30.7C,,,,,,,
04/02/15    07:43:58,90 days 05:56:17,13.8V,5.2V,13.3V,13.3V,0.0A,0.0A,0.0A,-0.2A,,30.7C,,,,,,,
04/02/15    07:38:57,90 days 05:51:16,13.8V,5.2V,13.4V,13.3V,0.0A,0.0A,0.0A,-0.2A,,30.8C,,,,,,,
04/02/15    07:33:57,90 days 05:46:16,13.9V,5.2V,13.4V,13.4V,0.0A,0.0A,0.0A,-0.2A,,30.8C,,,,,,,
04/02/15    07:28:57,90 days 05:41:17,14.0V,5.2V,13.5V,13.5V,0.0A,0.0A,0.0A,-0.2A,,30.8C,,,,,,,
04/02/15    07:23:57,90 days 05:36:17,14.1V,5.2V,13.7V,13.6V,0.0A,0.0A,0.0A,-0.2A,,30.9C,,,,,,,
04/02/15    07:18:56,90 days 05:31:16,14.3V,5.2V,13.9V,13.9V,0.0A,0.0A,0.0A,-0.2A,,30.9C,,,,,,,
04/02/15    07:13:56,90 days 05:26:16,17.7V,5.2V,14.1V,14.1V,0.0A,0.0A,0.0A,-0.2A,,30.9C,,,,,,,
04/02/15    07:08:56,90 days 05:21:17,14.9V,5.2V,14.4V,14.3V,0.0A,0.0A,0.0A,-0.2A,,31.0C,,,,,,,
04/02/15    07:03:56,90 days 05:16:17,17.9V,5.2V,14.4V,14.3V,0.0A,0.0A,0.0A,-0.2A,,31.0C,,,,,,,
04/02/15    06:58:55,90 days 05:11:16,19.0V,5.2V,14.4V,14.3V,0.0A,0.0A,0.0A,-0.2A,,31.0C,,,,,,,
04/02/15    06:53:55,90 days 05:06:16,19.5V,5.2V,14.4V,14.3V,0.0A,0.0A,0.0A,-0.2A,,31.0C,,,,,,,
04/02/15    06:48:54,90 days 05:01:16,19.1V,5.2V,14.4V,14.3V,0.0A,0.0A,0.0A,-0.2A,,31.0C,,,,,,,
04/02/15    06:43:54,90 days 04:56:16,18.8V,5.2V,14.4V,14.3V,0.0A,0.0A,0.0A,-0.2A,,31.0C,,,,,,,
04/02/15    06:38:54,90 days 04:51:17,19.0V,5.2V,14.4V,14.3V,0.0A,0.0A,0.0A,-0.2A,,31.0C,,,,,,,
04/02/15    06:33:53,90 days 04:46:16,18.9V,5.2V,14.4V,14.3V,0.0A,0.0A,0.0A,-0.2A,,31.0C,,,,,,,
04/02/15    06:28:53,90 days 04:41:16,20.9V,5.2V,14.4V,14.3V,0.0A,0.0A,0.0A,-0.2A,,30.9C,,,,,,,
04/02/15    06:23:53,90 days 04:36:17,20.9V,5.2V,14.4V,14.3V,0.0A,0.0A,0.0A,-0.2A,,30.9C,,,,,,,
04/02/15    06:18:53,90 days 04:31:17,21.1V,5.2V,14.4V,14.3V,0.0A,0.0A,0.0A,-0.2A,,30.9C,,,,,,,
04/02/15    06:13:52,90 days 04:26:16,21.3V,5.2V,14.4V,14.3V,0.0A,0.0A,0.0A,0.0A,,30.9C,,,,,,,
04/02/15    06:08:52,90 days 04:21:16,20.1V,5.2V,14.4V,14.3V,0.0A,0.0A,0.0A,-0.2A,,30.8C,,,,,,,
04/02/15    06:03:52,90 days 04:16:17,20.0V,5.2V,14.4V,14.3V,0.0A,0.0A,0.0A,-0.2A,,30.9C,,,,,,,
04/02/15    05:58:51,90 days 04:11:16,20.0V,5.2V,14.4V,14.3V,0.0A,0.0A,0.0A,-0.2A,,30.8C,,,,,,,
04/02/15    05:53:51,90 days 04:06:16,20.0V,5.2V,14.4V,14.3V,0.0A,0.0A,0.0A,-0.2A,,30.8C,,,,,,,
04/02/15    05:48:51,90 days 04:01:17,19.5V,5.2V,14.4V,14.3V,0.0A,0.0A,0.0A,0.0A,,30.8C,,,,,,,
04/02/15    05:43:50,90 days 03:56:16,19.4V,5.2V,14.4V,14.3V,0.0A,0.0A,0.0A,-0.2A,,30.8C,,,,,,,
04/02/15    05:38:50,90 days 03:51:16,19.4V,5.2V,14.4V,14.3V,0.0A,0.0A,0.0A,-0.2A,,30.8C,,,,,,,
04/02/15    05:33:49,90 days 03:46:16,19.5V,5.2V,14.4V,14.3V,0.0A,0.0A,0.0A,-0.2A,,30.8C,,,,,,,
04/02/15    05:28:49,90 days 03:41:16,19.2V,5.2V,14.4V,14.3V,0.0A,0.0A,0.0A,-0.2A,,30.8C,,,,,,,
04/02/15    05:23:49,90 days 03:36:17,19.0V,5.2V,14.4V,14.3V,0.0A,0.0A,0.0A,0.0A,,30.7C,,,,,,,
04/02/15    05:18:49,90 days 03:31:17,18.5V,5.2V,14.4V,14.3V,0.0A,0.0A,0.0A,-0.2A,,30.7C,,,,,,,
04/02/15    05:13:48,90 days 03:26:16,18.5V,5.2V,14.4V,14.3V,0.0A,0.0A,0.0A,-0.2A,,30.6C,,,,,,,
04/02/15    05:08:48,90 days 03:21:16,20.6V,5.2V,14.4V,14.3V,0.0A,0.0A,0.0A,-0.2A,,30.6C,,,,,,,
04/02/15    05:03:48,90 days 03:16:17,20.8V,5.2V,14.4V,14.3V,0.0A,0.0A,0.0A,-0.2A,,30.5C,,,,,,,
04/02/15    04:58:48,90 days 03:11:17,20.2V,5.2V,14.4V,14.3V,0.0A,0.0A,0.0A,-0.2A,,30.4C,,,,,,,
04/02/15    04:53:47,90 days 03:06:16,20.4V,5.2V,14.4V,14.3V,0.0A,0.0A,0.0A,-0.2A,,30.4C,,,,,,,
04/02/15    04:48:47,90 days 03:01:16,20.5V,5.2V,14.4V,14.3V,0.0A,0.0A,0.0A,-0.2A,,30.3C,,,,,,,
04/02/15    04:43:47,90 days 02:56:16,21.0V,5.2V,14.3V,14.3V,0.0A,0.0A,0.0A,-0.2A,,30.2C,,,,,,,
04/02/15    04:38:47,90 days 02:51:17,19.1V,5.2V,14.4V,14.3V,0.0A,0.0A,0.0A,-0.2A,,30.1C,,,,,,,
04/02/15    04:33:46,90 days 02:46:16,20.3V,5.2V,14.4V,14.3V,0.0A,0.0A,0.0A,-0.2A,,30.1C,,,,,,,
04/02/15    04:28:46,90 days 02:41:16,20.6V,5.2V,14.4V,14.3V,0.0A,0.0A,0.0A,-0.2A,,30.0C,,,,,,,
04/02/15    04:23:46,90 days 02:36:16,20.6V,5.2V,14.4V,14.3V,0.0A,0.0A,0.0A,-0.2A,,30.0C,,,,,,,
04/02/15    04:18:46,90 days 02:31:17,20.6V,5.2V,14.4V,14.3V,0.0A,0.0A,0.0A,-0.2A,,29.9C,,,,,,,
04/02/15    04:13:46,90 days 02:26:17,20.4V,5.2V,14.4V,14.3V,0.0A,0.0A,0.0A,0.0A,,29.8C,,,,,,,
04/02/15    04:08:45,90 days 02:21:16,20.9V,5.2V,14.4V,14.3V,0.0A,0.0A,0.0A,-0.2A,,29.8C,,,,,,,
04/02/15    04:03:45,90 days 02:16:16,20.7V,5.2V,14.4V,14.3V,0.0A,0.0A,0.0A,-0.2A,,29.7C,,,,,,,
04/02/15    03:58:45,90 days 02:11:17,20.4V,5.2V,14.4V,14.3V,0.0A,0.0A,0.0A,-0.2A,,29.7C,,,,,,,
04/02/15    03:53:45,90 days 02:06:17,20.4V,5.2V,14.4V,14.3V,0.0A,0.0A,0.0A,-0.2A,,29.6C,,,,,,,
04/02/15    03:48:44,90 days 02:01:16,20.3V,5.2V,14.4V,14.3V,0.0A,0.0A,0.0A,-0.2A,,29.5C,,,,,,,
04/02/15    03:43:44,90 days 01:56:16,20.5V,5.2V,14.4V,14.3V,0.0A,0.0A,0.0A,-0.2A,,29.5C,,,,,,,
04/02/15    03:38:44,90 days 01:51:16,20.4V,5.2V,14.4V,14.3V,0.0A,0.0A,0.0A,-0.2A,,29.4C,,,,,,,
04/02/15    03:33:44,90 days 01:46:17,20.2V,5.2V,14.4V,14.3V,0.0A,0.0A,0.0A,-0.2A,,29.3C,,,,,,,
04/02/15    03:28:43,90 days 01:41:16,20.3V,5.2V,14.4V,14.3V,0.0A,0.0A,0.0A,-0.2A,,29.3C,,,,,,,
04/02/15    03:23:43,90 days 01:36:16,20.4V,5.2V,14.4V,14.3V,0.0A,0.0A,0.0A,-0.2A,,29.2C,,,,,,,
04/02/15    03:18:43,90 days 01:31:16,20.2V,5.2V,14.4V,14.3V,0.0A,0.0A,0.0A,0.0A,,29.2C,,,,,,,
04/02/15    03:13:43,90 days 01:26:16,20.6V,5.2V,14.4V,14.3V,0.0A,0.0A,0.0A,-0.2A,,29.2C,,,,,,,
04/02/15    03:08:43,90 days 01:21:17,20.9V,5.2V,14.4V,14.3V,0.0A,0.0A,0.0A,-0.2A,,29.1C,,,,,,,
04/02/15    03:03:43,90 days 01:16:17,20.5V,5.2V,14.4V,14.3V,0.0A,0.0A,0.0A,0.0A,,29.1C,,,,,,,
04/02/15    02:58:42,90 days 01:11:16,20.7V,5.2V,14.4V,14.3V,0.0A,0.0A,0.0A,0.0A,,29.0C,,,,,,,
04/02/15    02:53:42,90 days 01:06:16,21.0V,5.2V,14.4V,14.3V,0.0A,0.0A,0.0A,0.0A,,29.0C,,,,,,,
04/02/15    02:48:42,90 days 01:01:17,20.9V,5.2V,14.4V,14.3V,0.0A,0.0A,0.0A,-0.2A,,28.9C,,,,,,,
04/02/15    02:43:42,90 days 00:56:17,20.5V,5.2V,14.4V,14.3V,0.0A,0.0A,0.0A,0.0A,,28.9C,,,,,,,
04/02/15    02:38:41,90 days 00:51:16,20.5V,5.2V,14.3V,14.3V,0.0A,0.0A,0.0A,-0.2A,,28.8C,,,,,,,
04/02/15    02:33:41,90 days 00:46:16,20.6V,5.2V,14.4V,14.3V,0.0A,0.0A,0.0A,-0.2A,,28.8C,,,,,,,
04/02/15    02:28:40,90 days 00:41:16,20.4V,5.2V,14.4V,14.3V,0.0A,0.0A,0.0A,0.0A,,28.7C,,,,,,,
04/02/15    02:23:40,90 days 00:36:16,20.4V,5.2V,14.4V,14.3V,0.0A,0.0A,0.0A,-0.2A,,28.7C,,,,,,,
04/02/15    02:18:39,90 days 00:31:16,20.4V,5.2V,14.4V,14.3V,0.0A,0.0A,0.0A,-0.2A,,28.6C,,,,,,,
04/02/15    02:13:39,90 days 00:26:16,20.3V,5.2V,14.4V,14.3V,0.0A,0.0A,0.0A,0.0A,,28.6C,,,,,,,
04/02/15    02:08:39,90 days 00:21:16,20.5V,5.2V,14.4V,14.3V,0.0A,0.0A,0.0A,-0.2A,,28.5C,,,,,,,
04/02/15    02:03:39,90 days 00:16:17,20.6V,5.2V,14.3V,14.3V,0.0A,0.0A,0.0A,-0.2A,,28.5C,,,,,,,
04/02/15    01:58:39,90 days 00:11:17,20.7V,5.2V,14.4V,14.3V,0.0A,0.0A,0.0A,-0.2A,,28.5C,,,,,,,
04/02/15    01:53:38,90 days 00:06:16,20.4V,5.2V,14.4V,14.3V,0.0A,0.0A,0.0A,0.0A,,28.4C,,,,,,,
04/02/15    01:48:38,90 days 00:01:17,20.5V,5.2V,14.4V,14.3V,0.0A,0.0A,0.0A,-0.2A,,28.4C,,,,,,,
04/02/15    01:43:37,89 days 23:56:16,20.4V,5.2V,14.4V,14.3V,0.0A,0.0A,0.0A,-0.2A,,28.3C,,,,,,,
04/02/15    01:38:37,89 days 23:51:16,20.5V,5.2V,14.4V,14.3V,0.0A,0.0A,0.0A,-0.2A,,28.3C,,,,,,,
04/02/15    01:33:37,89 days 23:46:17,20.4V,5.2V,14.4V,14.3V,0.0A,0.0A,0.0A,-0.2A,,28.2C,,,,,,,
04/02/15    01:28:37,89 days 23:41:17,20.5V,5.2V,14.4V,14.3V,0.0A,0.0A,0.0A,-0.2A,,28.2C,,,,,,,
04/02/15    01:23:36,89 days 23:36:16,20.7V,5.2V,14.4V,14.3V,0.0A,0.0A,0.0A,-0.2A,,28.1C,,,,,,,
04/02/15    01:18:36,89 days 23:31:16,20.5V,5.2V,14.4V,14.3V,0.0A,0.0A,0.0A,-0.2A,,28.1C,,,,,,,
04/02/15    01:13:36,89 days 23:26:17,20.5V,5.2V,14.4V,14.3V,0.0A,0.0A,0.0A,-0.2A,,28.0C,,,,,,,
04/02/15    01:08:36,89 days 23:21:17,20.5V,5.2V,14.4V,14.3V,0.0A,0.0A,0.0A,0.0A,,28.0C,,,,,,,
04/02/15    01:03:35,89 days 23:16:16,20.6V,5.2V,14.4V,14.3V,0.0A,0.0A,0.0A,-0.2A,,27.9C,,,,,,,
04/02/15    00:58:35,89 days 23:11:17,20.6V,5.2V,14.4V,14.3V,0.0A,0.0A,0.0A,-0.2A,,27.9C,,,,,,,
04/02/15    00:53:34,89 days 23:06:16,20.6V,5.2V,14.4V,14.3V,0.0A,0.0A,0.0A,-0.2A,,27.8C,,,,,,,
04/02/15    00:48:34,89 days 23:01:16,20.5V,5.2V,14.4V,14.3V,0.0A,0.0A,0.0A,-0.2A,,27.8C,,,,,,,
04/02/15    00:43:34,89 days 22:56:16,20.5V,5.2V,14.4V,14.3V,0.0A,0.0A,0.0A,-0.2A,,27.8C,,,,,,,
04/02/15    00:38:34,89 days 22:51:17,20.4V,5.2V,14.4V,14.3V,0.0A,0.0A,0.0A,-0.2A,,27.7C,,,,,,,
04/02/15    00:33:33,89 days 22:46:16,20.5V,5.2V,14.4V,14.3V,0.0A,0.0A,0.0A,0.0A,,27.7C,,,,,,,
04/02/15    00:28:33,89 days 22:41:16,20.6V,5.2V,14.4V,14.3V,0.0A,0.0A,0.0A,0.0A,,27.6C,,,,,,,
04/02/15    00:23:33,89 days 22:36:16,20.7V,5.2V,14.4V,14.3V,0.0A,0.0A,0.0A,-0.2A,,27.6C,,,,,,,
04/02/15    00:18:33,89 days 22:31:17,20.6V,5.2V,14.4V,14.3V,0.0A,0.0A,0.0A,-0.2A,,27.5C,,,,,,,
04/02/15    00:13:32,89 days 22:26:16,20.6V,5.2V,14.4V,14.3V,0.0A,0.0A,0.0A,0.0A,,27.5C,,,,,,,
04/02/15    00:08:32,89 days 22:21:16,20.6V,5.2V,14.4V,14.3V,0.0A,0.0A,0.0A,-0.2A,,27.4C,,,,,,,
04/02/15    00:03:32,89 days 22:16:17,20.7V,5.2V,14.4V,14.3V,0.0A,0.0A,0.0A,-0.2A,,27.4C,,,,,,,
04/01/15    23:58:31,89 days 22:11:16,20.6V,5.2V,14.4V,14.3V,0.0A,0.0A,0.0A,0.0A,,27.4C,,,,,,,
04/01/15    23:53:31,89 days 22:06:16,20.6V,5.2V,14.4V,14.3V,0.0A,0.0A,0.0A,-0.2A,,27.3C,,,,,,,
04/01/15    23:48:31,89 days 22:01:17,20.2V,5.2V,14.4V,14.3V,0.0A,0.0A,0.0A,0.0A,,27.2C,,,,,,,
04/01/15    23:43:31,89 days 21:56:17,15.8V,5.2V,14.2V,14.2V,0.0A,0.0A,0.0A,0.0A,,27.2C,,,,,,,
04/01/15    23:38:30,89 days 21:51:16,15.6V,5.2V,14.0V,13.9V,0.0A,0.0A,0.0A,-0.2A,,27.1C,,,,,,,
04/01/15    23:33:30,89 days 21:46:16,15.7V,5.2V,13.9V,13.8V,0.0A,0.0A,0.0A,0.0A,,27.0C,,,,,,,
04/01/15    23:28:30,89 days 21:41:17,15.6V,5.2V,13.8V,13.8V,0.0A,0.0A,0.0A,-0.2A,,27.0C,,,,,,,
04/01/15    23:23:30,89 days 21:36:17,15.7V,5.2V,13.8V,13.8V,0.0A,0.0A,0.0A,-0.2A,,26.9C,,,,,,,
04/01/15    23:18:29,89 days 21:31:16,15.7V,5.2V,13.8V,13.8V,0.0A,0.0A,0.0A,0.0A,,26.9C,,,,,,,
04/01/15    23:13:29,89 days 21:26:16,15.5V,5.2V,13.7V,13.7V,0.0A,0.0A,0.0A,0.0A,,26.8C,,,,,,,
04/01/15    23:08:29,89 days 21:21:17,15.4V,5.2V,13.6V,13.6V,0.0A,0.0A,0.0A,-0.2A,,26.8C,,,,,,,
04/01/15    23:03:29,89 days 21:16:17,15.6V,5.2V,13.7V,13.7V,0.0A,0.0A,0.0A,-0.2A,,26.7C,,,,,,,
04/01/15    22:58:28,89 days 21:11:16,15.6V,5.2V,13.7V,13.7V,0.0A,0.0A,0.0A,-0.2A,,26.7C,,,,,,,
04/01/15    22:53:28,89 days 21:06:16,15.6V,5.2V,13.6V,13.6V,0.0A,0.0A,0.0A,-0.2A,,26.7C,,,,,,,
04/01/15    22:48:28,89 days 21:01:17,15.6V,5.2V,13.6V,13.6V,0.0A,0.0A,0.0A,-0.2A,,26.6C,,,,,,,
04/01/15    22:43:28,89 days 20:56:17,15.5V,5.2V,13.6V,13.6V,0.0A,0.0A,0.0A,-0.2A,,26.6C,,,,,,,
04/01/15    22:38:27,89 days 20:51:16,15.6V,5.2V,13.6V,13.6V,0.0A,0.0A,0.0A,0.0A,,26.6C,,,,,,,
04/01/15    22:33:27,89 days 20:46:17,15.7V,5.2V,13.6V,13.6V,0.0A,0.0A,0.0A,-0.2A,,26.6C,,,,,,,
04/01/15    22:28:26,89 days 20:41:16,15.6V,5.2V,13.6V,13.5V,0.0A,0.0A,0.0A,0.0A,,26.6C,,,,,,,
04/01/15    22:23:26,89 days 20:36:16,15.6V,5.2V,13.6V,13.5V,0.0A,0.0A,0.0A,0.0A,,26.6C,,,,,,,
04/01/15    22:18:26,89 days 20:31:17,15.7V,5.2V,13.6V,13.6V,0.0A,0.0A,0.0A,-0.2A,,26.5C,,,,,,,
04/01/15    22:13:25,89 days 20:26:16,15.6V,5.2V,13.5V,13.5V,0.0A,0.0A,0.0A,-0.2A,,26.5C,,,,,,,
04/01/15    22:08:25,89 days 20:21:16,15.3V,5.2V,13.5V,13.5V,0.0A,0.0A,0.0A,-0.2A,,26.5C,,,,,,,
04/01/15    22:03:25,89 days 20:16:17,15.1V,5.2V,13.4V,13.4V,0.0A,0.0A,0.0A,-0.2A,,26.5C,,,,,,,
04/01/15    21:58:24,89 days 20:11:16,15.3V,5.2V,13.4V,13.4V,0.0A,0.0A,0.0A,0.0A,,26.5C,,,,,,,
04/01/15    21:53:24,89 days 20:06:16,15.2V,5.2V,13.4V,13.4V,0.0A,0.0A,0.0A,-0.2A,,26.5C,,,,,,,
04/01/15    21:48:23,89 days 20:01:16,15.3V,5.2V,13.4V,13.4V,0.0A,0.0A,0.0A,-0.2A,,26.5C,,,,,,,
04/01/15    21:43:23,89 days 19:56:16,15.2V,5.2V,13.3V,13.3V,0.0A,0.0A,0.0A,-0.2A,,26.5C,,,,,,,
04/01/15    21:38:23,89 days 19:51:16,14.9V,5.2V,13.3V,13.2V,0.0A,0.0A,0.0A,-0.2A,,26.5C,,,,,,,
04/01/15    21:33:23,89 days 19:46:17,19.2V,5.2V,13.2V,13.2V,0.0A,0.0A,0.0A,-0.2A,,26.5C,,,,,,,
04/01/15    21:28:23,89 days 19:41:17,14.6V,5.2V,13.2V,13.2V,0.0A,0.0A,0.0A,-0.2A,,26.6C,,,,,,,
04/01/15    21:23:22,89 days 19:36:16,14.2V,5.2V,13.2V,13.2V,0.0A,0.0A,0.0A,0.0A,,26.6C,,,,,,,
04/01/15    21:18:22,89 days 19:31:17,14.2V,5.2V,13.2V,13.2V,0.0A,0.0A,0.0A,-0.2A,,26.6C,,,,,,,
04/01/15    21:13:21,89 days 19:26:16,14.0V,5.2V,13.2V,13.2V,0.0A,0.0A,0.0A,0.0A,,26.6C,,,,,,,
04/01/15    21:08:21,89 days 19:21:16,13.6V,5.2V,13.2V,13.2V,0.0A,0.0A,0.0A,-0.2A,,26.6C,,,,,,,
04/01/15    21:03:21,89 days 19:16:17,13.7V,5.2V,13.2V,13.2V,0.0A,0.0A,0.0A,-0.2A,,26.6C,,,,,,,
04/01/15    20:58:21,89 days 19:11:17,13.6V,5.2V,13.2V,13.2V,0.0A,0.0A,0.0A,-0.2A,,26.6C,,,,,,,
04/01/15    20:53:20,89 days 19:06:16,13.6V,5.2V,13.2V,13.2V,0.0A,0.0A,0.0A,-0.2A,,26.7C,,,,,,,
04/01/15    20:48:20,89 days 19:01:17,13.5V,5.2V,13.2V,13.2V,0.0A,0.0A,0.0A,-0.2A,,26.7C,,,,,,,
04/01/15    20:43:19,89 days 18:56:16,13.1V,5.2V,13.2V,13.2V,0.0A,0.0A,0.0A,0.0A,,26.7C,,,,,,,
04/01/15    20:38:19,89 days 18:51:16,8.1V,5.2V,13.2V,13.2V,0.0A,0.0A,0.0A,0.0A,,26.7C,,,,,,,
04/01/15    20:33:18,89 days 18:46:16,3.7V,5.2V,13.2V,13.2V,0.0A,0.0A,0.0A,-0.2A,,26.7C,,,,,,,
04/01/15    20:28:18,89 days 18:41:16,1.3V,5.2V,13.2V,13.2V,0.0A,0.0A,0.0A,-0.2A,,26.7C,,,,,,,
04/01/15    20:23:18,89 days 18:36:17,0.4V,5.2V,13.2V,13.2V,0.0A,0.0A,0.0A,-0.2A,,26.7C,,,,,,,
04/01/15    20:18:17,89 days 18:31:16,0.1V,5.2V,13.2V,13.2V,0.0A,0.0A,0.0A,-0.2A,,26.7C,,,,,,,
04/01/15    20:13:17,89 days 18:26:16,0.0V,5.2V,13.2V,13.2V,0.0A,0.0A,0.0A,-0.2A,,26.8C,,,,,,,
04/01/15    20:08:17,89 days 18:21:17,0.0V,5.2V,13.2V,13.2V,0.0A,0.0A,0.0A,0.0A,,26.8C,,,,,,,
04/01/15    20:03:16,89 days 18:16:16,0.0V,5.2V,13.2V,13.2V,0.0A,0.0A,0.0A,-0.2A,,26.8C,,,,,,,
04/01/15    19:58:16,89 days 18:11:16,0.0V,5.2V,13.2V,13.2V,0.0A,0.0A,0.0A,0.0A,,26.8C,,,,,,,
04/01/15    19:53:16,89 days 18:06:17,0.0V,5.2V,13.2V,13.2V,0.0A,0.0A,0.0A,-0.2A,,26.8C,,,,,,,
04/01/15    19:48:16,89 days 18:01:17,0.0V,5.2V,13.2V,13.2V,0.0A,0.0A,0.0A,0.0A,,26.8C,,,,,,,
04/01/15    19:43:15,89 days 17:56:16,0.0V,5.2V,13.2V,13.2V,0.0A,0.0A,0.0A,-0.2A,,26.8C,,,,,,,
04/01/15    19:38:15,89 days 17:51:16,0.0V,5.2V,13.2V,13.2V,0.0A,0.0A,0.0A,-0.2A,,26.8C,,,,,,,
04/01/15    19:33:15,89 days 17:46:16,0.0V,5.2V,13.2V,13.2V,0.0A,0.0A,0.0A,-0.2A,,26.9C,,,,,,,
04/01/15    19:28:15,89 days 17:41:17,0.0V,5.2V,13.2V,13.2V,0.0A,0.0A,0.0A,-0.2A,,26.9C,,,,,,,
04/01/15    19:23:15,89 days 17:36:17,0.0V,5.2V,13.2V,13.2V,0.0A,0.0A,0.0A,-0.2A,,26.9C,,,,,,,
04/01/15    19:18:14,89 days 17:31:16,0.0V,5.2V,13.2V,13.2V,0.0A,0.0A,0.0A,-0.2A,,26.9C,,,,,,,
04/01/15    19:13:14,89 days 17:26:16,0.0V,5.2V,13.2V,13.2V,0.0A,0.0A,0.0A,0.0A,,26.9C,,,,,,,
04/01/15    19:08:14,89 days 17:21:17,0.0V,5.2V,13.2V,13.2V,0.0A,0.0A,0.0A,-0.2A,,27.0C,,,,,,,
04/01/15    19:03:14,89 days 17:16:17,0.0V,5.2V,13.2V,13.2V,0.0A,0.0A,0.0A,-0.2A,,27.0C,,,,,,,
04/01/15    18:58:13,89 days 17:11:16,0.0V,5.2V,13.2V,13.2V,0.0A,0.0A,0.0A,-0.2A,,27.0C,,,,,,,
04/01/15    18:53:13,89 days 17:06:16,0.0V,5.2V,13.2V,13.2V,0.0A,0.0A,0.0A,-0.2A,,27.0C,,,,,,,
04/01/15    18:48:13,89 days 17:01:17,0.0V,5.2V,13.2V,13.2V,0.0A,0.0A,0.0A,0.0A,,27.1C,,,,,,,
04/01/15    18:43:13,89 days 16:56:17,0.0V,5.2V,13.2V,13.2V,0.0A,0.0A,0.0A,-0.2A,,27.1C,,,,,,,
04/01/15    18:38:12,89 days 16:51:16,0.0V,5.2V,13.2V,13.2V,0.0A,0.0A,0.0A,-0.2A,,27.1C,,,,,,,
04/01/15    18:33:12,89 days 16:46:16,0.0V,5.2V,13.2V,13.2V,0.0A,0.0A,0.0A,-0.2A,,27.1C,,,,,,,
04/01/15    18:28:12,89 days 16:41:16,0.0V,5.2V,13.2V,13.2V,0.0A,0.0A,0.0A,-0.2A,,27.2C,,,,,,,
04/01/15    18:23:12,89 days 16:36:16,0.0V,5.2V,13.2V,13.2V,0.0A,0.0A,0.0A,-0.2A,,27.2C,,,,,,,
04/01/15    18:18:12,89 days 16:31:17,0.0V,5.2V,13.2V,13.2V,0.0A,0.0A,0.0A,0.0A,,27.2C,,,,,,,
04/01/15    18:13:12,89 days 16:26:17,0.0V,5.2V,13.2V,13.2V,0.0A,0.0A,0.0A,0.0A,,27.2C,,,,,,,
04/01/15    18:08:11,89 days 16:21:16,0.0V,5.2V,13.2V,13.2V,0.0A,0.0A,0.0A,0.0A,,27.2C,,,,,,,
04/01/15    18:03:11,89 days 16:16:16,0.0V,5.2V,13.2V,13.2V,0.0A,0.0A,0.0A,-0.2A,,27.3C,,,,,,,
04/01/15    17:58:11,89 days 16:11:17,0.0V,5.2V,13.2V,13.2V,0.0A,0.0A,0.0A,0.0A,,27.3C,,,,,,,
04/01/15    17:53:11,89 days 16:06:17,0.0V,5.2V,13.2V,13.2V,0.0A,0.0A,0.0A,-0.2A,,27.3C,,,,,,,
04/01/15    17:48:10,89 days 16:01:16,0.0V,5.2V,13.2V,13.2V,0.0A,0.0A,0.0A,-0.2A,,27.3C,,,,,,,
04/01/15    17:43:10,89 days 15:56:16,0.0V,5.2V,13.2V,13.2V,0.0A,0.0A,0.0A,-0.2A,,27.3C,,,,,,,
04/01/15    17:38:10,89 days 15:51:17,0.0V,5.2V,13.2V,13.2V,0.0A,0.0A,0.0A,-0.2A,,27.3C,,,,,,,
04/01/15    17:33:10,89 days 15:46:17,0.0V,5.2V,13.2V,13.2V,0.0A,0.0A,0.0A,-0.2A,,27.4C,,,,,,,
04/01/15    17:28:09,89 days 15:41:16,0.0V,5.2V,13.2V,13.2V,0.0A,0.0A,0.0A,-0.2A,,27.4C,,,,,,,
04/01/15    17:23:09,89 days 15:36:16,0.0V,5.2V,13.2V,13.2V,0.0A,0.0A,0.0A,-0.2A,,27.4C,,,,,,,
04/01/15    17:18:09,89 days 15:31:16,0.0V,5.2V,13.2V,13.2V,0.0A,0.0A,0.0A,-0.2A,,27.4C,,,,,,,
04/01/15    17:13:09,89 days 15:26:17,0.0V,5.2V,13.2V,13.2V,0.0A,0.0A,0.0A,-0.2A,,27.4C,,,,,,,
04/01/15    17:08:09,89 days 15:21:17,0.0V,5.2V,13.2V,13.2V,0.0A,0.0A,0.0A,0.0A,,27.5C,,,,,,,
04/01/15    17:03:08,89 days 15:16:16,0.0V,5.2V,13.2V,13.2V,0.0A,0.0A,0.0A,-0.2A,,27.5C,,,,,,,
04/01/15    16:58:08,89 days 15:11:16,0.0V,5.2V,13.2V,13.2V,0.0A,0.0A,0.0A,-0.2A,,27.5C,,,,,,,
04/01/15    16:53:08,89 days 15:06:16,0.0V,5.2V,13.2V,13.2V,0.0A,0.0A,0.0A,-0.2A,,27.5C,,,,,,,
04/01/15    16:48:08,89 days 15:01:17,0.0V,5.2V,13.2V,13.2V,0.0A,0.0A,0.0A,-0.2A,,27.5C,,,,,,,
04/01/15    16:43:07,89 days 14:56:16,0.0V,5.2V,13.2V,13.2V,0.0A,0.0A,0.0A,-0.2A,,27.6C,,,,,,,
04/01/15    16:38:07,89 days 14:51:16,0.0V,5.2V,13.2V,13.2V,0.0A,0.0A,0.0A,0.0A,,27.6C,,,,,,,
04/01/15    16:33:07,89 days 14:46:16,0.0V,5.2V,13.2V,13.2V,0.0A,0.0A,0.0A,-0.2A,,27.6C,,,,,,,
04/01/15    16:28:07,89 days 14:41:17,0.0V,5.2V,13.2V,13.2V,0.0A,0.0A,0.0A,-0.2A,,27.6C,,,,,,,
04/01/15    16:23:06,89 days 14:36:16,0.0V,5.2V,13.2V,13.2V,0.0A,0.0A,0.0A,0.0A,,27.6C,,,,,,,
04/01/15    16:18:06,89 days 14:31:16,0.0V,5.2V,13.2V,13.2V,0.0A,0.0A,0.0A,0.0A,,27.6C,,,,,,,
04/01/15    16:13:06,89 days 14:26:16,0.0V,5.2V,13.2V,13.2V,0.0A,0.0A,0.0A,-0.2A,,27.7C,,,,,,,
04/01/15    16:08:06,89 days 14:21:17,0.0V,5.2V,13.2V,13.2V,0.0A,0.0A,0.0A,-0.2A,,27.7C,,,,,,,
04/01/15    16:03:05,89 days 14:16:16,0.0V,5.2V,13.2V,13.2V,0.0A,0.0A,0.0A,-0.2A,,27.7C,,,,,,,
04/01/15    15:58:05,89 days 14:11:16,0.0V,5.3V,13.2V,13.2V,0.0A,0.0A,0.0A,-0.2A,,27.7C,,,,,,,
04/01/15    15:53:05,89 days 14:06:16,0.0V,5.2V,13.2V,13.2V,0.0A,0.0A,0.0A,0.0A,,27.7C,,,,,,,
04/01/15    15:48:05,89 days 14:01:17,0.0V,5.2V,13.2V,13.2V,0.0A,0.0A,0.0A,0.0A,,27.7C,,,,,,,
04/01/15    15:43:04,89 days 13:56:16,0.0V,5.2V,13.2V,13.2V,0.0A,0.0A,0.0A,-0.2A,,27.7C,,,,,,,
04/01/15    15:38:04,89 days 13:51:16,0.0V,5.2V,13.2V,13.2V,0.0A,0.0A,0.0A,-0.2A,,27.8C,,,,,,,
04/01/15    15:33:04,89 days 13:46:16,0.0V,5.2V,13.2V,13.2V,0.0A,0.0A,0.0A,-0.2A,,27.8C,,,,,,,
04/01/15    15:28:04,89 days 13:41:17,0.0V,5.2V,13.2V,13.2V,0.0A,0.0A,0.0A,-0.2A,,27.8C,,,,,,,
04/01/15    15:23:03,89 days 13:36:16,0.0V,5.2V,13.2V,13.2V,0.0A,0.0A,0.0A,-0.2A,,27.8C,,,,,,,
04/01/15    15:18:03,89 days 13:31:16,0.0V,5.2V,13.2V,13.2V,0.0A,0.0A,0.0A,-0.2A,,27.8C,,,,,,,
04/01/15    15:13:03,89 days 13:26:16,0.0V,5.2V,13.2V,13.2V,0.0A,0.0A,0.0A,-0.2A,,27.8C,,,,,,,
04/01/15    15:08:03,89 days 13:21:17,0.0V,5.3V,13.2V,13.2V,0.0A,0.0A,0.0A,-0.2A,,27.9C,,,,,,,
04/01/15    15:03:02,89 days 13:16:16,0.0V,5.2V,13.2V,13.2V,0.0A,0.0A,0.0A,-0.2A,,27.9C,,,,,,,
04/01/15    14:58:02,89 days 13:11:16,0.0V,5.2V,13.2V,13.2V,0.0A,0.0A,0.0A,-0.2A,,27.9C,,,,,,,
04/01/15    14:53:02,89 days 13:06:16,0.0V,5.2V,13.2V,13.2V,0.0A,0.0A,0.0A,-0.2A,,27.9C,,,,,,,
04/01/15    14:48:02,89 days 13:01:17,0.0V,5.2V,13.2V,13.2V,0.0A,0.0A,0.0A,-0.2A,,27.9C,,,,,,,
04/01/15    14:43:02,89 days 12:56:17,0.0V,5.2V,13.2V,13.2V,0.0A,0.0A,0.0A,0.0A,,27.9C,,,,,,,
04/01/15    14:38:01,89 days 12:51:16,0.0V,5.2V,13.2V,13.2V,0.0A,0.0A,0.0A,-0.2A,,28.0C,,,,,,,
04/01/15    14:33:02,89 days 12:46:17,0.0V,5.2V,13.2V,13.2V,0.0A,0.0A,0.0A,-0.2A,,28.0C,,,,,,,
04/01/15    14:28:01,89 days 12:41:16,0.0V,5.2V,13.2V,13.2V,0.0A,0.0A,0.0A,-0.2A,,28.0C,,,,,,,
04/01/15    14:23:01,89 days 12:36:16,0.0V,5.3V,13.2V,13.2V,0.0A,0.0A,0.0A,-0.2A,,28.0C,,,,,,,
04/01/15    14:18:01,89 days 12:31:17,0.0V,5.3V,13.2V,13.2V,0.0A,0.0A,0.0A,-0.2A,,28.0C,,,,,,,
04/01/15    14:13:01,89 days 12:26:17,0.0V,5.3V,13.2V,13.2V,0.0A,0.0A,0.0A,-0.2A,,28.0C,,,,,,,
04/01/15    14:08:00,89 days 12:21:16,0.0V,5.2V,13.2V,13.2V,0.0A,0.0A,0.0A,0.0A,,28.0C,,,,,,,
04/01/15    14:03:00,89 days 12:16:16,0.0V,5.2V,13.2V,13.2V,0.0A,0.0A,0.0A,-0.2A,,28.0C,,,,,,,
04/01/15    13:58:00,89 days 12:11:16,0.0V,5.2V,13.2V,13.2V,0.0A,0.0A,0.0A,-0.2A,,28.0C,,,,,,,
04/01/15    13:53:00,89 days 12:06:17,0.0V,5.2V,13.2V,13.2V,0.0A,0.0A,0.0A,0.0A,,28.1C,,,,,,,
04/01/15    13:47:59,89 days 12:01:16,0.0V,5.2V,13.2V,13.2V,0.0A,0.0A,0.0A,-0.2A,,28.1C,,,,,,,
04/01/15    13:42:59,89 days 11:56:16,0.0V,5.2V,13.2V,13.2V,0.0A,0.0A,0.0A,0.0A,,28.1C,,,,,,,
04/01/15    13:37:59,89 days 11:51:17,0.0V,5.2V,13.2V,13.2V,0.0A,0.0A,0.0A,0.0A,,28.1C,,,,,,,
04/01/15    13:32:59,89 days 11:46:17,0.0V,5.2V,13.2V,13.2V,0.0A,0.0A,0.0A,0.0A,,28.1C,,,,,,,
04/01/15    13:27:58,89 days 11:41:16,0.0V,5.3V,13.2V,13.2V,0.0A,0.0A,0.0A,-0.2A,,28.1C,,,,,,,
04/01/15    13:22:58,89 days 11:36:16,0.0V,5.3V,13.2V,13.2V,0.0A,0.0A,0.0A,-0.2A,,28.1C,,,,,,,
04/01/15    13:17:58,89 days 11:31:16,0.0V,5.2V,13.2V,13.2V,0.0A,0.0A,0.0A,-0.2A,,28.1C,,,,,,,
04/01/15    13:12:58,89 days 11:26:17,0.0V,5.2V,13.2V,13.2V,0.0A,0.0A,0.0A,-0.2A,,28.1C,,,,,,,
04/01/15    13:07:57,89 days 11:21:16,0.0V,5.2V,13.2V,13.2V,0.0A,0.0A,0.0A,-0.2A,,28.1C,,,,,,,
04/01/15    13:02:57,89 days 11:16:16,0.0V,5.2V,13.2V,13.2V,0.0A,0.0A,0.0A,-0.2A,,28.1C,,,,,,,
04/01/15    12:57:57,89 days 11:11:16,0.0V,5.3V,13.2V,13.2V,0.0A,0.0A,0.0A,-0.2A,,28.1C,,,,,,,
04/01/15    12:52:57,89 days 11:06:16,0.0V,5.2V,13.2V,13.2V,0.0A,0.0A,0.0A,-0.2A,,28.1C,,,,,,,
04/01/15    12:47:56,89 days 11:01:16,0.0V,5.3V,13.2V,13.2V,0.0A,0.0A,0.0A,0.0A,,28.1C,,,,,,,
04/01/15    12:42:57,89 days 10:56:17,0.0V,5.3V,13.2V,13.2V,0.0A,0.0A,0.0A,-0.2A,,28.1C,,,,,,,
04/01/15    12:37:57,89 days 10:51:17,0.0V,5.3V,13.2V,13.2V,0.0A,0.0A,0.0A,-0.2A,,28.1C,,,,,,,
04/01/15    12:32:56,89 days 10:46:16,0.0V,5.3V,13.2V,13.2V,0.0A,0.0A,0.0A,-0.2A,,28.1C,,,,,,,
04/01/15    12:27:56,89 days 10:41:17,0.0V,5.3V,13.2V,13.2V,0.0A,0.0A,0.0A,-0.2A,,28.1C,,,,,,,
04/01/15    12:22:56,89 days 10:36:17,0.0V,5.3V,13.2V,13.2V,0.0A,0.0A,0.0A,-0.2A,,28.1C,,,,,,,
04/01/15    12:17:56,89 days 10:31:17,0.0V,5.2V,13.2V,13.2V,0.0A,0.0A,0.0A,-0.2A,,28.1C,,,,,,,
04/01/15    12:12:55,89 days 10:26:16,0.0V,5.2V,13.2V,13.2V,0.0A,0.0A,0.0A,0.0A,,28.1C,,,,,,,
04/01/15    12:07:55,89 days 10:21:16,0.0V,5.2V,13.2V,13.2V,0.0A,0.0A,0.0A,-0.2A,,28.1C,,,,,,,
04/01/15    12:02:55,89 days 10:16:16,0.0V,5.3V,13.2V,13.2V,0.0A,0.0A,0.0A,-0.2A,,28.1C,,,,,,,
04/01/15    11:57:55,89 days 10:11:16,0.0V,5.3V,13.2V,13.2V,0.0A,0.0A,0.0A,-0.2A,,28.1C,,,,,,,
04/01/15    11:52:55,89 days 10:06:17,0.0V,5.2V,13.2V,13.2V,0.0A,0.0A,0.0A,-0.2A,,28.1C,,,,,,,
04/01/15    11:47:54,89 days 10:01:16,0.0V,5.2V,13.2V,13.2V,0.0A,0.0A,0.0A,0.0A,,28.1C,,,,,,,
04/01/15    11:42:54,89 days 09:56:16,0.0V,5.3V,13.2V,13.2V,0.0A,0.0A,0.0A,-0.2A,,28.1C,,,,,,,
04/01/15    11:37:54,89 days 09:51:16,0.0V,5.2V,13.2V,13.2V,0.0A,0.0A,0.0A,-0.2A,,28.1C,,,,,,,
04/01/15    11:32:54,89 days 09:46:16,0.0V,5.2V,13.2V,13.2V,0.0A,0.0A,0.0A,-0.2A,,28.1C,,,,,,,
04/01/15    11:27:54,89 days 09:41:17,0.0V,5.2V,13.2V,13.2V,0.0A,0.0A,0.0A,-0.2A,,28.1C,,,,,,,
04/01/15    11:22:53,89 days 09:36:16,0.0V,5.2V,13.2V,13.2V,0.0A,0.0A,0.0A,-0.2A,,28.1C,,,,,,,
04/01/15    11:17:53,89 days 09:31:16,0.0V,5.3V,13.2V,13.2V,0.0A,0.0A,0.0A,-0.2A,,28.1C,,,,,,,
04/01/15    11:12:53,89 days 09:26:16,0.0V,5.2V,13.2V,13.2V,0.0A,0.0A,0.0A,-0.2A,,28.1C,,,,,,,
04/01/15    11:07:53,89 days 09:21:16,0.0V,5.2V,13.2V,13.2V,0.0A,0.0A,0.0A,-0.2A,,28.1C,,,,,,,
04/01/15    11:02:52,89 days 09:16:16,0.0V,5.3V,13.2V,13.2V,0.0A,0.0A,0.0A,0.0A,,28.1C,,,,,,,
04/01/15    10:57:53,89 days 09:11:17,0.0V,5.2V,13.2V,13.2V,0.0A,0.0A,0.0A,-0.2A,,28.1C,,,,,,,
04/01/15    10:52:52,89 days 09:06:16,0.0V,5.2V,13.2V,13.2V,0.0A,0.0A,0.0A,-0.2A,,28.1C,,,,,,,
04/01/15    10:47:52,89 days 09:01:16,0.0V,5.2V,13.2V,13.2V,0.0A,0.0A,0.0A,-0.2A,,28.1C,,,,,,,
04/01/15    10:42:51,89 days 08:56:16,0.0V,5.3V,13.2V,13.2V,0.0A,0.0A,0.0A,-0.2A,,28.1C,,,,,,,
04/01/15    10:37:51,89 days 08:51:16,0.0V,5.3V,13.2V,13.2V,0.0A,0.0A,0.0A,-0.2A,,28.1C,,,,,,,
04/01/15    10:32:51,89 days 08:46:16,0.0V,5.2V,13.2V,13.2V,0.0A,0.0A,0.0A,0.0A,,28.2C,,,,,,,
04/01/15    10:27:51,89 days 08:41:16,0.0V,5.3V,13.2V,13.2V,0.0A,0.0A,0.0A,-0.2A,,28.2C,,,,,,,
04/01/15    10:22:51,89 days 08:36:17,0.0V,5.2V,13.2V,13.2V,0.0A,0.0A,0.0A,-0.2A,,28.2C,,,,,,,
04/01/15    10:17:50,89 days 08:31:16,0.0V,5.2V,13.2V,13.2V,0.0A,0.0A,0.0A,-0.2A,,28.2C,,,,,,,
04/01/15    10:12:50,89 days 08:26:16,0.0V,5.3V,13.2V,13.2V,0.0A,0.0A,0.0A,0.0A,,28.2C,,,,,,,
04/01/15    10:07:50,89 days 08:21:17,0.0V,5.2V,13.2V,13.2V,0.0A,0.0A,0.0A,-0.2A,,28.3C,,,,,,,
04/01/15    10:02:50,89 days 08:16:17,0.0V,5.3V,13.2V,13.2V,0.0A,0.0A,0.0A,-0.2A,,28.3C,,,,,,,
04/01/15    09:57:49,89 days 08:11:16,0.0V,5.2V,13.2V,13.2V,0.0A,0.0A,0.0A,-0.2A,,28.3C,,,,,,,
04/01/15    09:52:49,89 days 08:06:16,0.0V,5.2V,13.2V,13.2V,0.0A,0.0A,0.0A,-0.2A,,28.3C,,,,,,,
04/01/15    09:47:49,89 days 08:01:17,0.0V,5.2V,13.2V,13.2V,0.0A,0.0A,0.0A,-0.2A,,28.4C,,,,,,,
04/01/15    09:42:49,89 days 07:56:17,0.0V,5.2V,13.2V,13.2V,0.0A,0.0A,0.0A,-0.2A,,28.4C,,,,,,,
04/01/15    09:37:48,89 days 07:51:16,0.1V,5.3V,13.2V,13.2V,0.0A,0.0A,0.0A,0.0A,,28.4C,,,,,,,
04/01/15    09:32:48,89 days 07:46:17,0.2V,5.3V,13.2V,13.2V,0.0A,0.0A,0.0A,0.0A,,28.4C,,,,,,,
04/01/15    09:27:47,89 days 07:41:16,0.8V,5.2V,13.2V,13.2V,0.0A,0.0A,0.0A,-0.2A,,28.5C,,,,,,,
04/01/15    09:22:47,89 days 07:36:16,2.4V,5.3V,13.2V,13.2V,0.0A,0.0A,0.0A,-0.2A,,28.5C,,,,,,,
04/01/15    09:17:46,89 days 07:31:16,5.2V,5.3V,13.2V,13.2V,0.0A,0.0A,0.0A,-0.2A,,28.5C,,,,,,,
04/01/15    09:12:46,89 days 07:26:16,7.6V,5.3V,13.2V,13.2V,0.0A,0.0A,0.0A,-0.2A,,28.5C,,,,,,,
04/01/15    09:07:46,89 days 07:21:17,8.6V,5.3V,13.2V,13.2V,0.0A,0.0A,0.0A,0.0A,,28.6C,,,,,,,
04/01/15    09:02:45,89 days 07:16:16,10.0V,5.3V,13.2V,13.2V,0.0A,0.0A,0.0A,-0.2A,,28.6C,,,,,,,
04/01/15    08:57:44,89 days 07:11:16,11.7V,5.3V,13.2V,13.2V,0.0A,0.0A,0.0A,-0.2A,,28.6C,,,,,,,
04/01/15    08:52:44,89 days 07:06:16,13.1V,5.3V,13.2V,13.2V,0.0A,0.0A,0.0A,0.0A,,28.6C,,,,,,,
04/01/15    08:47:44,89 days 07:01:16,13.1V,5.2V,13.2V,13.2V,0.0A,0.0A,0.0A,-0.2A,,28.6C,,,,,,,
04/01/15    08:42:44,89 days 06:56:17,13.2V,5.2V,13.3V,13.2V,0.0A,0.0A,0.0A,-0.2A,,28.6C,,,,,,,
04/01/15    08:37:43,89 days 06:51:16,13.2V,5.2V,13.3V,13.3V,0.0A,0.0A,0.0A,0.0A,,28.6C,,,,,,,
04/01/15    08:32:43,89 days 06:46:16,13.6V,5.2V,13.3V,13.3V,0.0A,0.0A,0.0A,-0.2A,,28.7C,,,,,,,
04/01/15    08:27:42,89 days 06:41:16,13.9V,5.2V,13.4V,13.4V,0.0A,0.0A,0.0A,-0.2A,,28.7C,,,,,,,
04/01/15    08:22:42,89 days 06:36:16,14.0V,5.2V,13.6V,13.5V,0.0A,0.0A,0.0A,-0.2A,,28.7C,,,,,,,
04/01/15    08:17:42,89 days 06:31:16,15.1V,5.2V,13.7V,13.7V,0.0A,0.0A,0.0A,0.0A,,28.7C,,,,,,,
04/01/15    08:12:42,89 days 06:26:17,14.4V,5.2V,13.9V,13.9V,0.0A,0.0A,0.0A,-0.2A,,28.7C,,,,,,,
04/01/15    08:07:42,89 days 06:21:17,14.6V,5.2V,14.1V,14.1V,0.0A,0.0A,0.0A,0.0A,,28.7C,,,,,,,
04/01/15    08:02:41,89 days 06:16:16,14.8V,5.2V,14.3V,14.3V,0.0A,0.0A,0.0A,-0.2A,,28.7C,,,,,,,
04/01/15    07:57:41,89 days 06:11:16,17.9V,5.2V,14.4V,14.3V,0.0A,0.0A,0.0A,-0.2A,,28.8C,,,,,,,
04/01/15    07:52:41,89 days 06:06:17,18.6V,5.2V,14.4V,14.3V,0.0A,0.0A,0.0A,-0.2A,,28.8C,,,,,,,
04/01/15    07:47:41,89 days 06:01:17,19.1V,5.2V,14.4V,14.3V,0.0A,0.0A,0.0A,-0.2A,,28.8C,,,,,,,
04/01/15    07:42:40,89 days 05:56:16,19.5V,5.2V,14.4V,14.3V,0.0A,0.0A,0.0A,-0.2A,,28.8C,,,,,,,
04/01/15    07:37:40,89 days 05:51:17,19.9V,5.2V,14.4V,14.3V,0.0A,0.0A,0.0A,-0.2A,,28.8C,,,,,,,
04/01/15    07:32:39,89 days 05:46:16,19.9V,5.2V,14.4V,14.3V,0.0A,0.0A,0.0A,0.0A,,28.8C,,,,,,,
04/01/15    07:27:39,89 days 05:41:16,19.9V,5.2V,14.4V,14.3V,0.0A,0.0A,0.0A,-0.2A,,28.8C,,,,,,,
04/01/15    07:22:39,89 days 05:36:17,20.4V,5.2V,14.4V,14.3V,0.0A,0.0A,0.0A,0.0A,,28.8C,,,,,,,
04/01/15    07:17:39,89 days 05:31:17,14.5V,5.2V,13.9V,13.9V,0.0A,0.0A,0.0A,-0.2A,,28.8C,,,,,,,
04/01/15    07:12:38,89 days 05:26:16,14.4V,5.2V,13.9V,13.9V,0.0A,0.0A,0.0A,-0.2A,,28.8C,,,,,,,
04/01/15    07:07:38,89 days 05:21:16,14.5V,5.2V,14.0V,14.0V,0.0A,0.0A,0.0A,-0.2A,,28.8C,,,,,,,
04/01/15    07:02:38,89 days 05:16:16,14.6V,5.2V,14.1V,14.1V,0.0A,0.0A,0.0A,-0.2A,,28.8C,,,,,,,
04/01/15    06:57:38,89 days 05:11:17,14.8V,5.2V,14.3V,14.3V,0.0A,0.0A,0.0A,-0.2A,,28.8C,,,,,,,
04/01/15    06:52:37,89 days 05:06:16,15.0V,5.2V,14.4V,14.3V,0.0A,0.0A,0.0A,-0.2A,,28.8C,,,,,,,
04/01/15    06:47:37,89 days 05:01:16,17.9V,5.2V,14.4V,14.3V,0.0A,0.0A,0.0A,-0.2A,,28.9C,,,,,,,
04/01/15    06:42:37,89 days 04:56:16,18.0V,5.2V,14.4V,14.3V,0.0A,0.0A,0.0A,-0.2A,,28.9C,,,,,,,
04/01/15    06:37:37,89 days 04:51:17,18.7V,5.2V,14.4V,14.3V,0.0A,0.0A,0.0A,-0.2A,,28.9C,,,,,,,
04/01/15    06:32:36,89 days 04:46:16,18.9V,5.2V,14.4V,14.3V,0.0A,0.0A,0.0A,-0.2A,,28.9C,,,,,,,
04/01/15    06:27:36,89 days 04:41:16,19.2V,5.2V,14.4V,14.3V,0.0A,0.0A,0.0A,-0.2A,,28.9C,,,,,,,
04/01/15    06:22:35,89 days 04:36:16,19.5V,5.2V,14.4V,14.3V,0.0A,0.0A,0.0A,-0.2A,,28.9C,,,,,,,
04/01/15    06:17:35,89 days 04:31:16,19.9V,5.2V,14.4V,14.3V,0.0A,0.0A,0.0A,-0.2A,,29.0C,,,,,,,
04/01/15    06:12:35,89 days 04:26:16,20.3V,5.2V,14.4V,14.3V,0.0A,0.0A,0.0A,-0.2A,,29.0C,,,,,,,
04/01/15    06:07:35,89 days 04:21:17,20.5V,5.2V,14.4V,14.3V,0.0A,0.0A,0.0A,-0.2A,,29.0C,,,,,,,
04/01/15    06:02:34,89 days 04:16:16,20.7V,5.2V,14.4V,14.3V,0.0A,0.0A,0.0A,-0.2A,,29.0C,,,,,,,
04/01/15    05:57:34,89 days 04:11:17,20.7V,5.2V,14.4V,14.3V,0.0A,0.0A,0.0A,0.0A,,29.0C,,,,,,,
04/01/15    05:52:34,89 days 04:06:17,20.6V,5.2V,14.4V,14.3V,0.0A,0.0A,0.0A,-0.2A,,29.0C,,,,,,,
04/01/15    05:47:33,89 days 04:01:16,20.6V,5.2V,14.4V,14.3V,0.0A,0.0A,0.0A,-0.2A,,29.0C,,,,,,,
04/01/15    05:42:33,89 days 03:56:16,20.6V,5.2V,14.4V,14.3V,0.0A,0.0A,0.0A,-0.2A,,29.0C,,,,,,,
04/01/15    05:37:33,89 days 03:51:17,20.8V,5.2V,14.4V,14.3V,0.0A,0.0A,0.0A,0.0A,,29.0C,,,,,,,
04/01/15    05:32:33,89 days 03:46:17,20.8V,5.2V,14.4V,14.3V,0.0A,0.0A,0.0A,-0.2A,,29.1C,,,,,,,
04/01/15    05:27:32,89 days 03:41:16,20.8V,5.2V,14.4V,14.3V,0.0A,0.0A,0.0A,0.0A,,29.1C,,,,,,,
04/01/15    05:22:32,89 days 03:36:16,20.8V,5.2V,14.4V,14.3V,0.0A,0.0A,0.0A,-0.2A,,29.1C,,,,,,,
04/01/15    05:17:32,89 days 03:31:17,20.9V,5.2V,14.4V,14.3V,0.0A,0.0A,0.0A,-0.2A,,29.1C,,,,,,,
04/01/15    05:12:32,89 days 03:26:17,20.9V,5.2V,14.4V,14.3V,0.0A,0.0A,0.0A,-0.2A,,29.1C,,,,,,,
04/01/15    05:07:31,89 days 03:21:16,20.9V,5.2V,14.4V,14.3V,0.0A,0.0A,0.0A,-0.2A,,29.1C,,,,,,,
04/01/15    05:02:31,89 days 03:16:16,20.8V,5.2V,14.4V,14.3V,0.0A,0.0A,0.0A,0.0A,,29.0C,,,,,,,
04/01/15    04:57:30,89 days 03:11:16,20.8V,5.2V,14.4V,14.3V,0.0A,0.0A,0.0A,-0.2A,,29.0C,,,,,,,
04/01/15    04:52:30,89 days 03:06:16,20.6V,5.2V,14.4V,14.3V,0.0A,0.0A,0.0A,-0.2A,,29.0C,,,,,,,
04/01/15    04:47:30,89 days 03:01:16,21.1V,5.2V,14.4V,14.3V,0.0A,0.0A,0.0A,-0.2A,,29.0C,,,,,,,
04/01/15    04:42:30,89 days 02:56:17,21.1V,5.2V,14.4V,14.3V,0.0A,0.0A,0.0A,-0.2A,,29.0C,,,,,,,
04/01/15    04:37:29,89 days 02:51:16,20.8V,5.2V,14.4V,14.3V,0.0A,0.0A,0.0A,-0.2A,,29.0C,,,,,,,
04/01/15    04:32:29,89 days 02:46:16,21.0V,5.2V,14.4V,14.3V,0.0A,0.0A,0.0A,-0.2A,,29.0C,,,,,,,
04/01/15    04:27:29,89 days 02:41:16,21.2V,5.2V,14.4V,14.3V,0.0A,0.0A,0.0A,-0.2A,,28.9C,,,,,,,
04/01/15    04:22:29,89 days 02:36:17,21.2V,5.2V,14.4V,14.3V,0.0A,0.0A,0.0A,-0.2A,,28.9C,,,,,,,
04/01/15    04:17:28,89 days 02:31:16,20.8V,5.2V,14.4V,14.3V,0.0A,0.0A,0.0A,0.0A,,28.8C,,,,,,,
04/01/15    04:12:28,89 days 02:26:16,21.0V,5.2V,14.4V,14.3V,0.0A,0.0A,0.0A,-0.2A,,28.8C,,,,,,,
04/01/15    04:07:28,89 days 02:21:16,21.0V,5.2V,14.4V,14.3V,0.0A,0.0A,0.0A,-0.2A,,28.8C,,,,,,,
04/01/15    04:02:28,89 days 02:16:16,20.9V,5.2V,14.4V,14.3V,0.0A,0.0A,0.0A,-0.2A,,28.8C,,,,,,,
04/01/15    03:57:28,89 days 02:11:16,21.3V,5.2V,14.4V,14.3V,0.0A,0.0A,0.0A,0.0A,,28.7C,,,,,,,
04/01/15    03:52:28,89 days 02:06:17,21.3V,5.2V,14.4V,14.3V,0.0A,0.0A,0.0A,-0.2A,,28.7C,,,,,,,
04/01/15    03:47:27,89 days 02:01:16,21.4V,5.2V,14.4V,14.3V,0.0A,0.0A,0.0A,-0.2A,,28.7C,,,,,,,
04/01/15    03:42:27,89 days 01:56:16,20.1V,5.2V,14.4V,14.3V,0.0A,0.0A,0.0A,-0.2A,,28.7C,,,,,,,
04/01/15    03:37:27,89 days 01:51:16,19.7V,5.2V,14.4V,14.3V,0.0A,0.0A,0.0A,-0.2A,,28.6C,,,,,,,
04/01/15    03:32:27,89 days 01:46:16,20.6V,5.2V,14.4V,14.3V,0.0A,0.0A,0.0A,-0.2A,,28.6C,,,,,,,
04/01/15    03:27:27,89 days 01:41:17,20.8V,5.2V,14.4V,14.3V,0.0A,0.0A,0.0A,-0.2A,,28.5C,,,,,,,
04/01/15    03:22:27,89 days 01:36:17,20.9V,5.2V,14.4V,14.3V,0.0A,0.0A,0.0A,-0.2A,,28.5C,,,,,,,
04/01/15    03:17:26,89 days 01:31:16,20.7V,5.2V,14.4V,14.3V,0.0A,0.0A,0.0A,-0.2A,,28.5C,,,,,,,
04/01/15    03:12:26,89 days 01:26:17,20.8V,5.2V,14.4V,14.3V,0.0A,0.0A,0.0A,-0.2A,,28.5C,,,,,,,
04/01/15    03:07:26,89 days 01:21:17,21.1V,5.2V,14.4V,14.3V,0.0A,0.0A,0.0A,0.0A,,28.4C,,,,,,,
04/01/15    03:02:25,89 days 01:16:16,19.3V,5.2V,14.4V,14.3V,0.0A,0.0A,0.0A,0.0A,,28.4C,,,,,,,
04/01/15    02:57:25,89 days 01:11:17,19.6V,5.2V,14.4V,14.3V,0.0A,0.0A,0.0A,0.0A,,28.4C,,,,,,,
04/01/15    02:52:24,89 days 01:06:16,20.7V,5.2V,14.4V,14.3V,0.0A,0.0A,0.0A,-0.2A,,28.3C,,,,,,,
04/01/15    02:47:24,89 days 01:01:16,20.9V,5.2V,14.4V,14.3V,0.0A,0.0A,0.0A,-0.2A,,28.3C,,,,,,,
04/01/15    02:42:24,89 days 00:56:16,20.9V,5.2V,14.4V,14.3V,0.0A,0.0A,0.0A,-0.2A,,28.3C,,,,,,,
04/01/15    02:37:24,89 days 00:51:17,20.9V,5.2V,14.3V,14.3V,0.0A,0.0A,0.0A,0.0A,,28.2C,,,,,,,
04/01/15    02:32:23,89 days 00:46:16,21.3V,5.2V,14.4V,14.3V,0.0A,0.0A,0.0A,-0.2A,,28.2C,,,,,,,
04/01/15    02:27:23,89 days 00:41:16,20.7V,5.2V,14.4V,14.3V,0.0A,0.0A,0.0A,-0.2A,,28.1C,,,,,,,
04/01/15    02:22:22,89 days 00:36:16,20.7V,5.2V,14.4V,14.3V,0.0A,0.0A,0.0A,-0.2A,,28.1C,,,,,,,
04/01/15    02:17:22,89 days 00:31:16,20.7V,5.2V,14.3V,14.3V,0.0A,0.0A,0.0A,-0.2A,,28.0C,,,,,,,
04/01/15    02:12:22,89 days 00:26:16,20.6V,5.2V,14.3V,14.3V,0.0A,0.0A,0.0A,-0.2A,,28.0C,,,,,,,
04/01/15    02:07:22,89 days 00:21:17,15.6V,5.2V,14.2V,14.1V,0.0A,0.0A,0.0A,0.0A,,27.9C,,,,,,,
04/01/15    02:02:21,89 days 00:16:16,19.7V,5.2V,14.4V,14.3V,0.0A,0.0A,0.0A,0.0A,,27.9C,,,,,,,
04/01/15    01:57:21,89 days 00:11:16,20.0V,5.3V,14.2V,14.2V,0.0A,0.0A,0.0A,0.0A,,27.9C,,,,,,,
04/01/15    01:52:20,89 days 00:06:16,20.0V,5.3V,14.2V,14.2V,0.0A,0.0A,0.0A,-0.2A,,27.8C,,,,,,,
04/01/15    01:47:20,89 days 00:01:16,15.3V,5.2V,13.7V,13.6V,0.0A,0.0A,0.0A,0.0A,,27.8C,,,,,,,
04/01/15    01:42:19,88 days 23:56:16,16.1V,5.3V,14.0V,14.0V,0.0A,0.0A,0.0A,0.0A,,27.7C,,,,,,,
04/01/15    01:37:19,88 days 23:51:16,15.2V,5.2V,13.6V,13.6V,0.0A,0.0A,0.0A,-0.2A,,27.7C,,,,,,,
04/01/15    01:32:19,88 days 23:46:16,15.4V,5.2V,13.7V,13.7V,0.0A,0.0A,0.0A,-0.2A,,27.7C,,,,,,,
04/01/15    01:27:19,88 days 23:41:17,15.0V,5.2V,13.6V,13.6V,0.0A,0.0A,0.0A,-0.2A,,27.7C,,,,,,,
04/01/15    01:22:19,88 days 23:36:17,19.3V,5.3V,14.0V,14.0V,0.0A,0.0A,0.0A,-0.2A,,27.7C,,,,,,,
04/01/15    01:17:18,88 days 23:31:16,15.5V,5.2V,13.6V,13.6V,0.0A,0.0A,0.0A,-0.2A,,27.6C,,,,,,,
04/01/15    01:12:18,88 days 23:26:17,15.8V,5.2V,13.8V,13.7V,0.0A,0.0A,0.0A,-0.2A,,27.6C,,,,,,,
04/01/15    01:07:17,88 days 23:21:16,15.0V,5.2V,13.5V,13.5V,0.0A,0.0A,0.0A,-0.2A,,27.6C,,,,,,,
04/01/15    01:02:17,88 days 23:16:17,20.2V,5.3V,13.8V,13.8V,0.0A,0.0A,0.0A,-0.2A,,27.6C,,,,,,,
04/01/15    00:57:16,88 days 23:11:16,14.9V,5.2V,13.5V,13.4V,0.0A,0.0A,0.0A,-0.2A,,27.6C,,,,,,,
04/01/15    00:52:16,88 days 23:06:16,15.2V,5.2V,13.5V,13.5V,0.0A,0.0A,0.0A,-0.2A,,27.6C,,,,,,,
04/01/15    00:47:16,88 days 23:01:17,15.2V,5.2V,13.5V,13.5V,0.0A,0.0A,0.0A,-0.2A,,27.6C,,,,,,,
04/01/15    00:42:16,88 days 22:56:17,15.0V,5.2V,13.5V,13.5V,0.0A,0.0A,0.0A,-0.2A,,27.5C,,,,,,,
04/01/15    00:37:15,88 days 22:51:16,15.0V,5.2V,13.6V,13.5V,0.0A,0.0A,0.0A,-0.2A,,27.5C,,,,,,,
04/01/15    00:32:15,88 days 22:46:16,15.4V,5.2V,13.6V,13.6V,0.0A,0.0A,0.0A,0.0A,,27.4C,,,,,,,
04/01/15    00:27:15,88 days 22:41:17,16.2V,5.2V,13.8V,13.8V,0.0A,0.0A,0.0A,-0.2A,,27.4C,,,,,,,
04/01/15    00:22:15,88 days 22:36:17,15.6V,5.2V,13.6V,13.6V,0.0A,0.0A,0.0A,0.0A,,27.3C,,,,,,,
04/01/15    00:17:14,88 days 22:31:16,15.8V,5.2V,13.6V,13.6V,0.0A,0.0A,0.0A,-0.2A,,27.3C,,,,,,,
04/01/15    00:12:14,88 days 22:26:17,16.0V,5.2V,13.6V,13.6V,0.0A,0.0A,0.0A,-0.2A,,27.2C,,,,,,,
04/01/15    00:07:13,88 days 22:21:16,15.2V,5.2V,13.5V,13.5V,0.0A,0.0A,0.0A,0.0A,,27.2C,,,,,,,
04/01/15    00:02:13,88 days 22:16:16,15.2V,5.2V,13.5V,13.5V,0.0A,0.0A,0.0A,0.0A,,27.1C,,,,,,,
03/31/15    23:57:13,88 days 22:11:17,15.8V,5.3V,13.9V,13.9V,0.0A,0.0A,0.0A,-0.2A,,27.0C,,,,,,,
03/31/15    23:52:13,88 days 22:06:17,15.7V,5.2V,13.6V,13.5V,0.0A,0.0A,0.0A,-0.2A,,27.0C,,,,,,,
03/31/15    23:47:12,88 days 22:01:16,15.9V,5.2V,13.8V,13.8V,0.0A,0.0A,0.0A,-0.2A,,26.9C,,,,,,,
03/31/15    23:42:12,88 days 21:56:16,15.8V,5.2V,13.8V,13.7V,0.0A,0.0A,0.0A,-0.2A,,26.9C,,,,,,,
03/31/15    23:37:11,88 days 21:51:16,15.9V,5.2V,13.8V,13.7V,0.0A,0.0A,0.0A,0.0A,,26.8C,,,,,,,
03/31/15    23:32:11,88 days 21:46:16,15.3V,5.2V,13.5V,13.5V,0.0A,0.0A,0.0A,-0.2A,,26.8C,,,,,,,
03/31/15    23:27:11,88 days 21:41:16,15.7V,5.2V,13.7V,13.7V,0.0A,0.0A,0.0A,0.0A,,26.7C,,,,,,,
03/31/15    23:22:11,88 days 21:36:17,16.0V,5.2V,13.7V,13.7V,0.0A,0.0A,0.0A,0.0A,,26.7C,,,,,,,
03/31/15    23:17:10,88 days 21:31:16,16.1V,5.2V,13.7V,13.7V,0.0A,0.0A,0.0A,-0.2A,,26.7C,,,,,,,
03/31/15    23:12:10,88 days 21:26:16,15.1V,5.2V,13.5V,13.5V,0.0A,0.0A,0.0A,-0.2A,,26.7C,,,,,,,
03/31/15    23:07:10,88 days 21:21:17,15.2V,5.2V,13.5V,13.5V,0.0A,0.0A,0.0A,-0.2A,,26.7C,,,,,,,
03/31/15    23:02:09,88 days 21:16:16,15.1V,5.2V,13.5V,13.5V,0.0A,0.0A,0.0A,-0.2A,,26.7C,,,,,,,
03/31/15    22:57:09,88 days 21:11:16,15.7V,5.2V,13.5V,13.5V,0.0A,0.0A,0.0A,-0.2A,,26.7C,,,,,,,
03/31/15    22:52:09,88 days 21:06:16,15.3V,5.2V,13.5V,13.4V,0.0A,0.0A,0.0A,-0.2A,,26.7C,,,,,,,
03/31/15    22:47:09,88 days 21:01:17,15.2V,5.2V,13.4V,13.4V,0.0A,0.0A,0.0A,0.0A,,26.7C,,,,,,,
03/31/15    22:42:08,88 days 20:56:16,14.9V,5.2V,13.3V,13.3V,0.0A,0.0A,0.0A,-0.2A,,26.7C,,,,,,,
03/31/15    22:37:08,88 days 20:51:16,14.8V,5.2V,13.3V,13.3V,0.0A,0.0A,0.0A,-0.2A,,26.6C,,,,,,,
03/31/15    22:32:08,88 days 20:46:17,14.8V,5.2V,13.3V,13.3V,0.0A,0.0A,0.0A,0.0A,,26.7C,,,,,,,
03/31/15    22:27:08,88 days 20:41:17,14.9V,5.2V,13.3V,13.3V,0.0A,0.0A,0.0A,-0.2A,,26.6C,,,,,,,
03/31/15    22:22:07,88 days 20:36:16,14.7V,5.2V,13.3V,13.3V,0.0A,0.0A,0.0A,0.0A,,26.6C,,,,,,,
03/31/15    22:17:07,88 days 20:31:16,15.0V,5.2V,13.3V,13.3V,0.0A,0.0A,0.0A,0.0A,,26.6C,,,,,,,
03/31/15    22:12:07,88 days 20:26:17,15.0V,5.2V,13.3V,13.3V,0.0A,0.0A,0.0A,0.0A,,26.7C,,,,,,,
03/31/15    22:07:06,88 days 20:21:16,14.7V,5.2V,13.2V,13.2V,0.0A,0.0A,0.0A,-0.2A,,26.7C,,,,,,,
03/31/15    22:02:06,88 days 20:16:16,14.3V,5.2V,13.2V,13.2V,0.0A,0.0A,0.0A,-0.2A,,26.7C,,,,,,,
03/31/15    21:57:06,88 days 20:11:17,14.1V,5.2V,13.2V,13.2V,0.0A,0.0A,0.0A,-0.2A,,26.7C,,,,,,,
03/31/15    21:52:05,88 days 20:06:16,17.8V,5.2V,13.2V,13.2V,0.0A,0.0A,0.0A,0.0A,,26.7C,,,,,,,
03/31/15    21:47:05,88 days 20:01:16,14.3V,5.2V,13.2V,13.2V,0.0A,0.0A,0.0A,-0.2A,,26.7C,,,,,,,
03/31/15    21:42:05,88 days 19:56:17,14.4V,5.2V,13.2V,13.2V,0.0A,0.0A,0.0A,-0.2A,,26.7C,,,,,,,
03/31/15    21:37:05,88 days 19:51:17,14.2V,5.2V,13.2V,13.2V,0.0A,0.0A,0.0A,-0.2A,,26.7C,,,,,,,
03/31/15    21:32:04,88 days 19:46:16,14.1V,5.2V,13.2V,13.2V,0.0A,0.0A,0.0A,-0.2A,,26.7C,,,,,,,
03/31/15    21:27:04,88 days 19:41:17,13.9V,5.2V,13.2V,13.2V,0.0A,0.0A,0.0A,-0.2A,,26.7C,,,,,,,
03/31/15    21:22:03,88 days 19:36:16,14.3V,5.2V,13.2V,13.2V,0.0A,0.0A,0.0A,-0.2A,,26.7C,,,,,,,
03/31/15    21:17:03,88 days 19:31:17,14.4V,5.2V,13.2V,13.1V,0.0A,0.0A,0.0A,-0.2A,,26.8C,,,,,,,
03/31/15    21:12:02,88 days 19:26:16,13.6V,5.2V,13.2V,13.1V,0.0A,0.0A,0.0A,0.0A,,26.8C,,,,,,,
03/31/15    21:07:02,88 days 19:21:16,13.6V,5.2V,13.1V,13.1V,0.0A,0.0A,0.0A,-0.2A,,26.8C,,,,,,,
03/31/15    21:02:02,88 days 19:16:17,14.5V,5.2V,13.1V,13.1V,0.0A,0.0A,0.0A,-0.2A,,26.8C,,,,,,,
03/31/15    20:57:01,88 days 19:11:16,13.2V,5.2V,13.2V,13.1V,0.0A,0.0A,0.0A,-0.2A,,26.8C,,,,,,,
03/31/15    20:52:01,88 days 19:06:16,13.0V,5.2V,13.1V,13.1V,0.0A,0.0A,0.0A,0.0A,,26.9C,,,,,,,
03/31/15    20:47:01,88 days 19:01:17,11.8V,5.2V,13.2V,13.1V,0.0A,0.0A,0.0A,0.0A,,26.9C,,,,,,,
03/31/15    20:42:01,88 days 18:56:17,7.5V,5.2V,13.2V,13.1V,0.0A,0.0A,0.0A,-0.2A,,26.9C,,,,,,,
03/31/15    20:37:00,88 days 18:51:16,3.0V,5.2V,13.2V,13.1V,0.0A,0.0A,0.0A,-0.2A,,26.9C,,,,,,,
03/31/15    20:32:00,88 days 18:46:17,0.9V,5.2V,13.2V,13.1V,0.0A,0.0A,0.0A,-0.2A,,26.9C,,,,,,,
03/31/15    20:26:59,88 days 18:41:16,0.2V,5.2V,13.2V,13.1V,0.0A,0.0A,0.0A,0.0A,,26.9C,,,,,,,
03/31/15    20:21:59,88 days 18:36:16,0.0V,5.2V,13.2V,13.1V,0.0A,0.0A,0.0A,-0.2A,,26.9C,,,,,,,
03/31/15    20:16:59,88 days 18:31:17,0.0V,5.2V,13.2V,13.1V,0.0A,0.0A,0.0A,-0.2A,,27.0C,,,,,,,
03/31/15    20:11:58,88 days 18:26:16,0.0V,5.2V,13.2V,13.1V,0.0A,0.0A,0.0A,-0.2A,,27.0C,,,,,,,
03/31/15    20:06:58,88 days 18:21:16,0.0V,5.2V,13.2V,13.1V,0.0A,0.0A,0.0A,0.0A,,27.0C,,,,,,,
03/31/15    20:01:58,88 days 18:16:17,0.0V,5.2V,13.2V,13.1V,0.0A,0.0A,0.0A,-0.2A,,27.0C,,,,,,,
03/31/15    19:56:57,88 days 18:11:16,0.0V,5.2V,13.2V,13.1V,0.0A,0.0A,0.0A,-0.2A,,27.0C,,,,,,,
03/31/15    19:51:57,88 days 18:06:16,0.0V,5.2V,13.2V,13.1V,0.0A,0.0A,0.0A,-0.2A,,27.0C,,,,,,,
03/31/15    19:46:56,88 days 18:01:16,0.0V,5.2V,13.2V,13.1V,0.0A,0.0A,0.0A,-0.2A,,27.1C,,,,,,,
03/31/15    19:41:56,88 days 17:56:16,0.0V,5.2V,13.2V,13.1V,0.0A,0.0A,0.0A,-0.2A,,27.1C,,,,,,,
03/31/15    19:36:56,88 days 17:51:16,0.0V,5.2V,13.2V,13.1V,0.0A,0.0A,0.0A,-0.2A,,27.1C,,,,,,,
03/31/15    19:31:56,88 days 17:46:17,0.0V,5.2V,13.2V,13.1V,0.0A,0.0A,0.0A,0.0A,,27.1C,,,,,,,
03/31/15    19:26:55,88 days 17:41:16,0.0V,5.2V,13.2V,13.1V,0.0A,0.0A,0.0A,-0.2A,,27.1C,,,,,,,
03/31/15    19:21:55,88 days 17:36:17,0.0V,5.2V,13.2V,13.1V,0.0A,0.0A,0.0A,0.0A,,27.1C,,,,,,,
03/31/15    19:16:54,88 days 17:31:16,0.0V,5.2V,13.2V,13.1V,0.0A,0.0A,0.0A,-0.2A,,27.2C,,,,,,,
03/31/15    19:11:54,88 days 17:26:16,0.0V,5.2V,13.2V,13.1V,0.0A,0.0A,0.0A,0.0A,,27.2C,,,,,,,
03/31/15    19:06:54,88 days 17:21:17,0.0V,5.2V,13.2V,13.1V,0.0A,0.0A,0.0A,-0.2A,,27.2C,,,,,,,
03/31/15    19:01:53,88 days 17:16:16,0.0V,5.2V,13.2V,13.1V,0.0A,0.0A,0.0A,-0.2A,,27.2C,,,,,,,
03/31/15    18:56:53,88 days 17:11:16,0.0V,5.2V,13.2V,13.1V,0.0A,0.0A,0.0A,-0.2A,,27.2C,,,,,,,
03/31/15    18:51:53,88 days 17:06:17,0.0V,5.2V,13.2V,13.2V,0.0A,0.0A,0.0A,0.0A,,27.2C,,,,,,,
03/31/15    18:46:52,88 days 17:01:16,0.0V,5.2V,13.2V,13.2V,0.0A,0.0A,0.0A,0.0A,,27.3C,,,,,,,
03/31/15    18:41:52,88 days 16:56:17,0.0V,5.2V,13.2V,13.2V,0.0A,0.0A,0.0A,-0.2A,,27.3C,,,,,,,
03/31/15    18:36:52,88 days 16:51:17,0.0V,5.2V,13.2V,13.2V,0.0A,0.0A,0.0A,-0.2A,,27.3C,,,,,,,
03/31/15    18:31:51,88 days 16:46:16,0.0V,5.2V,13.2V,13.2V,0.0A,0.0A,0.0A,-0.2A,,27.3C,,,,,,,
03/31/15    18:26:51,88 days 16:41:17,0.0V,5.2V,13.2V,13.2V,0.0A,0.0A,0.0A,-0.2A,,27.3C,,,,,,,
03/31/15    18:21:50,88 days 16:36:16,0.0V,5.2V,13.2V,13.2V,0.0A,0.0A,0.0A,-0.2A,,27.4C,,,,,,,
03/31/15    18:16:50,88 days 16:31:16,0.0V,5.2V,13.2V,13.2V,0.0A,0.0A,0.0A,-0.2A,,27.4C,,,,,,,
03/31/15    18:11:50,88 days 16:26:17,0.0V,5.2V,13.2V,13.2V,0.0A,0.0A,0.0A,0.0A,,27.4C,,,,,,,
03/31/15    18:06:49,88 days 16:21:16,0.0V,5.2V,13.2V,13.2V,0.0A,0.0A,0.0A,-0.2A,,27.4C,,,,,,,
03/31/15    18:01:49,88 days 16:16:17,0.0V,5.2V,13.2V,13.2V,0.0A,0.0A,0.0A,-0.2A,,27.4C,,,,,,,
03/31/15    17:56:49,88 days 16:11:17,0.0V,5.2V,13.2V,13.2V,0.0A,0.0A,0.0A,-0.2A,,27.4C,,,,,,,
03/31/15    17:51:48,88 days 16:06:16,0.0V,5.2V,13.2V,13.2V,0.0A,0.0A,0.0A,-0.2A,,27.5C,,,,,,,
03/31/15    17:46:48,88 days 16:01:17,0.0V,5.2V,13.2V,13.2V,0.0A,0.0A,0.0A,0.0A,,27.5C,,,,,,,
03/31/15    17:41:47,88 days 15:56:16,0.0V,5.2V,13.2V,13.2V,0.0A,0.0A,0.0A,-0.2A,,27.5C,,,,,,,
03/31/15    17:36:47,88 days 15:51:16,0.0V,5.2V,13.2V,13.2V,0.0A,0.0A,0.0A,-0.2A,,27.5C,,,,,,,
03/31/15    17:31:46,88 days 15:46:16,0.0V,5.2V,13.2V,13.2V,0.0A,0.0A,0.0A,-0.2A,,27.6C,,,,,,,
03/31/15    17:26:46,88 days 15:41:16,0.0V,5.2V,13.2V,13.2V,0.0A,0.0A,0.0A,0.0A,,27.6C,,,,,,,
03/31/15    17:21:46,88 days 15:36:16,0.0V,5.2V,13.2V,13.2V,0.0A,0.0A,0.0A,-0.2A,,27.6C,,,,,,,
03/31/15    17:16:46,88 days 15:31:17,0.0V,5.2V,13.2V,13.2V,0.0A,0.0A,0.0A,-0.2A,,27.6C,,,,,,,
03/31/15    17:11:45,88 days 15:26:16,0.0V,5.2V,13.2V,13.2V,0.0A,0.0A,0.0A,-0.2A,,27.6C,,,,,,,
03/31/15    17:06:45,88 days 15:21:16,0.0V,5.2V,13.2V,13.2V,0.0A,0.0A,0.0A,-0.2A,,27.6C,,,,,,,
03/31/15    17:01:44,88 days 15:16:16,0.0V,5.2V,13.2V,13.2V,0.0A,0.0A,0.0A,-0.2A,,27.6C,,,,,,,
03/31/15    16:56:44,88 days 15:11:16,0.0V,5.2V,13.2V,13.2V,0.0A,0.0A,0.0A,-0.2A,,27.6C,,,,,,,
03/31/15    16:51:44,88 days 15:06:16,0.0V,5.2V,13.2V,13.2V,0.0A,0.0A,0.0A,-0.2A,,27.7C,,,,,,,
03/31/15    16:46:44,88 days 15:01:17,0.0V,5.2V,13.2V,13.2V,0.0A,0.0A,0.0A,-0.2A,,27.7C,,,,,,,
03/31/15    16:41:43,88 days 14:56:16,0.0V,5.3V,13.2V,13.2V,0.0A,0.0A,0.0A,0.0A,,27.7C,,,,,,,
03/31/15    16:36:43,88 days 14:51:16,0.0V,5.2V,13.2V,13.2V,0.0A,0.0A,0.0A,-0.2A,,27.7C,,,,,,,
03/31/15    16:31:43,88 days 14:46:16,0.0V,5.2V,13.2V,13.2V,0.0A,0.0A,0.0A,-0.2A,,27.7C,,,,,,,
03/31/15    16:26:43,88 days 14:41:16,0.0V,5.2V,13.2V,13.2V,0.0A,0.0A,0.0A,-0.2A,,27.7C,,,,,,,
03/31/15    16:21:43,88 days 14:36:17,0.0V,5.2V,13.2V,13.2V,0.0A,0.0A,0.0A,-0.2A,,27.7C,,,,,,,
03/31/15    16:16:43,88 days 14:31:17,0.0V,5.2V,13.2V,13.2V,0.0A,0.0A,0.0A,-0.2A,,27.7C,,,,,,,
03/31/15    16:11:42,88 days 14:26:16,0.0V,5.3V,13.2V,13.2V,0.0A,0.0A,0.0A,0.0A,,27.7C,,,,,,,
03/31/15    16:06:42,88 days 14:21:16,0.0V,5.2V,13.2V,13.2V,0.0A,0.0A,0.0A,-0.2A,,27.7C,,,,,,,
03/31/15    16:01:42,88 days 14:16:17,0.0V,5.2V,13.2V,13.2V,0.0A,0.0A,0.0A,-0.2A,,27.7C,,,,,,,
03/31/15    15:56:41,88 days 14:11:16,0.0V,5.3V,13.2V,13.2V,0.0A,0.0A,0.0A,-0.2A,,27.7C,,,,,,,
